source_file	line_no	ger_raw	ger_text	chinese
# Cultures Gold - FHLL 简报文本存档
# 格式: source_file	line_no	ger_raw	ger_text	chinese
# ger_raw = 原始行(含标签), ger_text = 去标签纯文本
data_l__data__fhll_data__text_000.txt	44	<globaljump:000,000,01>DIE_ RACHE_ DES_ REGENGOTTES	DIE_ RACHE_ DES_ REGENGOTTES	雨神之复仇
data_l__data__fhll_data__text_000.txt	56	Projektleitung	Projektleitung	项目总监
data_l__data__fhll_data__text_000.txt	62	<localjump:10>Thomas Friedmann	Thomas Friedmann	Thomas Friedmann
data_l__data__fhll_data__text_000.txt	68	Thomas Häuser	Thomas Häuser	Thomas Häuser
data_l__data__fhll_data__text_000.txt	74	Thorsten Knop	Thorsten Knop	Thorsten Knop
data_l__data__fhll_data__text_000.txt	82	Kampagnendesign und Story	Kampagnendesign und Story	战役设计与剧情
data_l__data__fhll_data__text_000.txt	88	Ralf Angerbauer	Ralf Angerbauer	Ralf Angerbauer
data_l__data__fhll_data__text_000.txt	94	Tobias Frin	Tobias Frin	Tobias Frin
data_l__data__fhll_data__text_000.txt	102	Missionsdesign und Level	Missionsdesign und Level	任务设计与关卡
data_l__data__fhll_data__text_000.txt	108	Ralf Angerbauer	Ralf Angerbauer	Ralf Angerbauer
data_l__data__fhll_data__text_000.txt	114	Tobias Frin	Tobias Frin	Tobias Frin
data_l__data__fhll_data__text_000.txt	120	Frank Hoffmeister	Frank Hoffmeister	Frank Hoffmeister
data_l__data__fhll_data__text_000.txt	128	Zusätzliche Missionen 	Zusätzliche Missionen	额外任务
data_l__data__fhll_data__text_000.txt	134	Fabian aus dem Siepen	Fabian aus dem Siepen	Fabian aus dem Siepen
data_l__data__fhll_data__text_000.txt	140	Christoph Muchalla	Christoph Muchalla	Christoph Muchalla
data_l__data__fhll_data__text_000.txt	148	Programmierung	Programmierung	编程
data_l__data__fhll_data__text_000.txt	154	Thomas Häuser	Thomas Häuser	Thomas Häuser
data_l__data__fhll_data__text_000.txt	162	Zusätzliche Programmierung	Zusätzliche Programmierung	额外编程
data_l__data__fhll_data__text_000.txt	168	Lars Hammer	Lars Hammer	Lars Hammer
data_l__data__fhll_data__text_000.txt	174	Robert Heinrich	Robert Heinrich	Robert Heinrich
data_l__data__fhll_data__text_000.txt	182	Neue Grafiken und Figurdesign	Neue Grafiken und Figurdesign	新图形与角色设计
data_l__data__fhll_data__text_000.txt	188	Sven Denda 	Sven Denda	Sven Denda
data_l__data__fhll_data__text_000.txt	194	Thorsten Knop	Thorsten Knop	Thorsten Knop
data_l__data__fhll_data__text_000.txt	202	Zeichnungen	Zeichnungen	绘图
data_l__data__fhll_data__text_000.txt	208	Markus Pietrowsky	Markus Pietrowsky	Markus Pietrowsky
data_l__data__fhll_data__text_000.txt	216	Intro und Extro	Intro und Extro	开场与结局动画
data_l__data__fhll_data__text_000.txt	222	Thorsten Knop	Thorsten Knop	Thorsten Knop
data_l__data__fhll_data__text_000.txt	228	Lars Hammer	Lars Hammer	Lars Hammer
data_l__data__fhll_data__text_000.txt	236	Handbuch	Handbuch	手册
data_l__data__fhll_data__text_000.txt	242	Thomas Friedmann	Thomas Friedmann	Thomas Friedmann
data_l__data__fhll_data__text_000.txt	250	Verpackungs- und Handbuch-Design	Verpackungs- und Handbuch-Design	包装与手册设计
data_l__data__fhll_data__text_000.txt	256	Heiko Höpfner	Heiko Höpfner	Heiko Höpfner
data_l__data__fhll_data__text_000.txt	264	Cover Artwork	Cover Artwork	封面美术
data_l__data__fhll_data__text_000.txt	270	Sven Denda	Sven Denda	Sven Denda
data_l__data__fhll_data__text_000.txt	276	Heiko Höpfner	Heiko Höpfner	Heiko Höpfner
data_l__data__fhll_data__text_000.txt	282	Thorsten Knop	Thorsten Knop	Thorsten Knop
data_l__data__fhll_data__text_000.txt	290	Testing und QA	Testing und QA	测试与品控
data_l__data__fhll_data__text_000.txt	296	Ralf Angerbauer	Ralf Angerbauer	Ralf Angerbauer
data_l__data__fhll_data__text_000.txt	302	Fabian aus dem Siepen	Fabian aus dem Siepen	Fabian aus dem Siepen
data_l__data__fhll_data__text_000.txt	308	Sven Denda	Sven Denda	Sven Denda
data_l__data__fhll_data__text_000.txt	314	Mark Dinnups	Mark Dinnups	Mark Dinnups
data_l__data__fhll_data__text_000.txt	320	Tobias Frin	Tobias Frin	Tobias Frin
data_l__data__fhll_data__text_000.txt	326	Lars Hammer	Lars Hammer	Lars Hammer
data_l__data__fhll_data__text_000.txt	332	Frank Hoffmeister	Frank Hoffmeister	Frank Hoffmeister
data_l__data__fhll_data__text_000.txt	338	Christoph Muchalla	Christoph Muchalla	Christoph Muchalla
data_l__data__fhll_data__text_000.txt	346	Ausführender Produzent	Ausführender Produzent	执行制作人
data_l__data__fhll_data__text_000.txt	352	Ole Mogensen	Ole Mogensen	Ole Mogensen
data_l__data__fhll_data__text_000.txt	360	Produkt-Management 	Produkt-Management	产品管理
data_l__data__fhll_data__text_000.txt	366	Achim Kürten	Achim Kürten	Achim Kürten
data_l__data__fhll_data__text_000.txt	374	Aufgenommen in den  	Aufgenommen in den	录制于
data_l__data__fhll_data__text_000.txt	380	G+G Tonstudios, Kaarst	G+G Tonstudios, Kaarst	G+G录音棚，Kaarst
data_l__data__fhll_data__text_000.txt	398	DIESES_ PROGRAMM_ IST_ URHEBERRECHTLICH_ GESCHÜTZT! 	DIESES_ PROGRAMM_ IST_ URHEBERRECHTLICH_ GESCHÜTZT!	本程序受版权法保护！
data_l__data__fhll_data__text_000.txt	404	VERMIETUNG_ UND_ VERVIELFÄLTIGUNG_ IST_ STRENG_ UNTERSAGT_ UND_ WIRD_ ZIVIL-_ UND_ STRAFRECHTLICH_ VERFOLGT!	VERMIETUNG_ UND_ VERVIELFÄLTIGUNG_ IST_ STRENG_ UNTERSAGT_ UND_ WIRD_ ZIVIL-_ UND_ STRAFRECHTLICH_ VERFOLGT!	严禁出租和复制，违者将受到民事和刑事追究！
data_l__data__fhll_data__text_000.txt	414	(c) 2001 Funatics Development GmbH	(c) 2001 Funatics Development GmbH	(c) 2001 Funatics Development GmbH
data_l__data__fhll_data__text_000.txt	434	Besonderen Dank an...	Besonderen Dank an...	特别感谢...
data_l__data__fhll_data__text_000.txt	440	Andi! Jürgen Goeldner, Ole Mogensen und Achim Kuerten. Stefan, Daniela, Max und Mirco, Bea, Peter und Martin, Tim und Simon. Die Jungs und Mädels von Piranha Bytes, Tom Putzki, Phenomedia und THQ;	Andi! Jürgen Goeldner, Ole Mogensen und Achim Kuerten. Stefan, Daniela, Max und Mirco, Bea, Peter und Martin, Tim und Simon. Die Jungs und Mädels von Piranha Bytes, Tom Putzki, Phenomedia und THQ;	安迪！感谢Jürgen Goeldner、Ole Mogensen和Achim Kuerten。Stefan、Daniela、Max和Mirco、Bea、Peter和Martin、Tim和Simon。Piranha Bytes的小伙子和姑娘们、Tom Putzki、Phenomedia和THQ；
data_l__data__fhll_data__text_000.txt	446	Jokeman, CaesarIII, DJ Cultures, Brain und an alle Fans von Cultures!	Jokeman, CaesarIII, DJ Cultures, Brain und an alle Fans von Cultures!	Jokeman、CaesarIII、DJ Cultures、Brain以及所有Cultures的粉丝们！
data_l__data__fhll_data__text_000.txt	450	Jessica und Stefanie Denda für den Beistand während des Projektes, 	Jessica und Stefanie Denda für den Beistand während des Projektes,	Jessica und Stefanie Denda für den Beistand während des Projektes,
data_l__data__fhll_data__text_000.txt	452	Michael und Gudrun Grajek, Fam. Denda, Heidi u.Bernie, Fam. Fedder, Fam. Pozdowicz und das Funatics-Team 	Michael und Gudrun Grajek, Fam. Denda, Heidi u.Bernie, Fam. Fedder, Fam. Pozdowicz und das Funatics-Team	Michael und Gudrun Grajek, Fam. Denda, Heidi u.Bernie, Fam. Fedder, Fam. Pozdowicz und das Funatics-Team
data_l__data__fhll_data__text_000.txt	454	(für die Wohnungsrenovierung);	(für die Wohnungsrenovierung);	(感谢帮忙装修房子)；
data_l__data__fhll_data__text_000.txt	458	Ganz liebe Grüße an Silvana, Sophia und Mio für die moralische Unterstützung; 	Ganz liebe Grüße an Silvana, Sophia und Mio für die moralische Unterstützung;	Ganz liebe Grüße an Silvana, Sophia und Mio für die moralische Unterstützung;
data_l__data__fhll_data__text_000.txt	462	Nicole, Markus und Anette, Herbularius und diverse Ex-Freundinnen ;o);	Nicole, Markus und Anette, Herbularius und diverse Ex-Freundinnen ;o);	Nicole、Markus和Anette、Herbularius以及各位前女友们 ;o);
data_l__data__fhll_data__text_000.txt	466	"das Diablo2 ""GER-Team"" für die vielen Stunden Spielspaß auf dem Weg zur Nr.1 des Europe-Realm "	"das Diablo2 ""GER-Team"" für die vielen Stunden Spielspaß auf dem Weg zur Nr.1 des Europe-Realm"	"das Diablo2 ""GER-Team"" für die vielen Stunden Spielspaß auf dem Weg zur Nr.1 des Europe-Realm"
data_l__data__fhll_data__text_000.txt	486	Besonderen Dank auch an unsere Familien, Eltern, Freunde und Bekannte. 	Besonderen Dank auch an unsere Familien, Eltern, Freunde und Bekannte.	特别感谢我们的家人、父母、朋友和熟人。
data_l__data__fhll_data__text_000.txt	492	Hey - diesmal war's doch fast ein Klacks! ;o)	Hey - diesmal war's doch fast ein Klacks! ;o)	嘿——这次简直是小菜一碟！;o)
data_l__data__fhll_data__text_000.txt	560	DIE_ ENTDECKUNG_ VINLANDS	DIE_ ENTDECKUNG_ VINLANDS	发现文兰
data_l__data__fhll_data__text_000.txt	572	Spielidee	Spielidee	游戏创意
data_l__data__fhll_data__text_000.txt	578	Thomas Friedmann	Thomas Friedmann	Thomas Friedmann
data_l__data__fhll_data__text_000.txt	584	Thomas Häuser	Thomas Häuser	Thomas Häuser
data_l__data__fhll_data__text_000.txt	590	Thorsten Knop	Thorsten Knop	Thorsten Knop
data_l__data__fhll_data__text_000.txt	598	Design	Design	设计
data_l__data__fhll_data__text_000.txt	604	Funatics Development	Funatics Development	Funatics Development
data_l__data__fhll_data__text_000.txt	610	<globaljump:000,000,03>Joymania Entertainment	Joymania Entertainment	Joymania Entertainment
data_l__data__fhll_data__text_000.txt	618	Programmierung	Programmierung	编程
data_l__data__fhll_data__text_000.txt	624	Thomas Häuser	Thomas Häuser	Thomas Häuser
data_l__data__fhll_data__text_000.txt	630	Peter Ohlmann	Peter Ohlmann	Peter Ohlmann
data_l__data__fhll_data__text_000.txt	638	Zusätzliche Programmierung	Zusätzliche Programmierung	额外编程
data_l__data__fhll_data__text_000.txt	644	Lars Hammer	Lars Hammer	Lars Hammer
data_l__data__fhll_data__text_000.txt	650	Jörg Plewe	Jörg Plewe	Jörg Plewe
data_l__data__fhll_data__text_000.txt	658	Art Director	Art Director	艺术总监
data_l__data__fhll_data__text_000.txt	664	Thorsten Knop	Thorsten Knop	Thorsten Knop
data_l__data__fhll_data__text_000.txt	672	Grafik	Grafik	图形
data_l__data__fhll_data__text_000.txt	678	Sven Denda 	Sven Denda	Sven Denda
data_l__data__fhll_data__text_000.txt	684	Thorsten Knop	Thorsten Knop	Thorsten Knop
data_l__data__fhll_data__text_000.txt	690	Christian Siecora	Christian Siecora	Christian Siecora
data_l__data__fhll_data__text_000.txt	698	Zusätzliche Grafiken	Zusätzliche Grafiken	额外图形
data_l__data__fhll_data__text_000.txt	704	Oliver Mähler	Oliver Mähler	Oliver Mähler
data_l__data__fhll_data__text_000.txt	710	Christian Siecora	Christian Siecora	Christian Siecora
data_l__data__fhll_data__text_000.txt	718	Animationen und Figurendesign	Animationen und Figurendesign	动画与角色设计
data_l__data__fhll_data__text_000.txt	724	Adam Sprys	Adam Sprys	Adam Sprys
data_l__data__fhll_data__text_000.txt	732	Zusätzliche Animationen, Gimmicks	Zusätzliche Animationen, Gimmicks	额外动画与小道具
data_l__data__fhll_data__text_000.txt	738	Sven Denda	Sven Denda	Sven Denda
data_l__data__fhll_data__text_000.txt	744	Thorsten Knop	Thorsten Knop	Thorsten Knop
data_l__data__fhll_data__text_000.txt	752	Kampagnendesign 	Kampagnendesign	战役设计
data_l__data__fhll_data__text_000.txt	758	Ralf Angerbauer	Ralf Angerbauer	Ralf Angerbauer
data_l__data__fhll_data__text_000.txt	766	Missionsdesign und Level	Missionsdesign und Level	任务设计与关卡
data_l__data__fhll_data__text_000.txt	772	Ralf Angerbauer	Ralf Angerbauer	Ralf Angerbauer
data_l__data__fhll_data__text_000.txt	778	Tobias Frin	Tobias Frin	Tobias Frin
data_l__data__fhll_data__text_000.txt	784	Tim Peters	Tim Peters	Tim Peters
data_l__data__fhll_data__text_000.txt	790	"Arben ""Beny"" Rexhbogaj"	"Arben ""Beny"" Rexhbogaj"	"Arben ""Beny"" Rexhbogaj"
data_l__data__fhll_data__text_000.txt	798	Zusätzliche Leveleditierung	Zusätzliche Leveleditierung	额外关卡编辑
data_l__data__fhll_data__text_000.txt	804	Fabian aus dem Siepen	Fabian aus dem Siepen	Fabian aus dem Siepen
data_l__data__fhll_data__text_000.txt	810	Kirill Perfiliev	Kirill Perfiliev	Kirill Perfiliev
data_l__data__fhll_data__text_000.txt	818	Zeichnungen	Zeichnungen	绘图
data_l__data__fhll_data__text_000.txt	824	Markus Pietrowsky	Markus Pietrowsky	Markus Pietrowsky
data_l__data__fhll_data__text_000.txt	832	3D-Filmsequenzen	3D-Filmsequenzen	3D动画片段
data_l__data__fhll_data__text_000.txt	838	Virgin Lands	Virgin Lands	Virgin Lands
data_l__data__fhll_data__text_000.txt	846	Musiken und Soundeffekte		音乐和音效
data_l__data__fhll_data__text_000.txt	852	Matthias Steinwachs	Matthias Steinwachs	Matthias Steinwachs
data_l__data__fhll_data__text_000.txt	860	Zusätzliche Musiken	Zusätzliche Musiken	额外音乐
data_l__data__fhll_data__text_000.txt	866	Ingo Nugel	Ingo Nugel	Ingo Nugel
data_l__data__fhll_data__text_000.txt	872	Henning Nugel	Henning Nugel	Henning Nugel
data_l__data__fhll_data__text_000.txt	880	Special Track	Special Track	特别音轨
data_l__data__fhll_data__text_000.txt	886	Lars Hammer	Lars Hammer	Lars Hammer
data_l__data__fhll_data__text_000.txt	894	Geschichte und Text	Geschichte und Text	剧情与文案
data_l__data__fhll_data__text_000.txt	900	Thomas Friedmann	Thomas Friedmann	Thomas Friedmann
data_l__data__fhll_data__text_000.txt	908	Tutorial	Tutorial	教程
data_l__data__fhll_data__text_000.txt	914	Tobias Frin	Tobias Frin	Tobias Frin
data_l__data__fhll_data__text_000.txt	922	Handbuch	Handbuch	手册
data_l__data__fhll_data__text_000.txt	928	Thomas Friedmann	Thomas Friedmann	Thomas Friedmann
data_l__data__fhll_data__text_000.txt	936	Testing und QA	Testing und QA	测试与品控
data_l__data__fhll_data__text_000.txt	942	Heiko Achilles	Heiko Achilles	Heiko Achilles
data_l__data__fhll_data__text_000.txt	948	Ralf Angerbauer	Ralf Angerbauer	Ralf Angerbauer
data_l__data__fhll_data__text_000.txt	954	Fabian aus dem Siepen	Fabian aus dem Siepen	Fabian aus dem Siepen
data_l__data__fhll_data__text_000.txt	960	Sven Denda	Sven Denda	Sven Denda
data_l__data__fhll_data__text_000.txt	966	Mark Dinnups	Mark Dinnups	Mark Dinnups
data_l__data__fhll_data__text_000.txt	972	Tobias Frin	Tobias Frin	Tobias Frin
data_l__data__fhll_data__text_000.txt	978	Frank Hebestreit	Frank Hebestreit	Frank Hebestreit
data_l__data__fhll_data__text_000.txt	984	Robert Heinrich	Robert Heinrich	Robert Heinrich
data_l__data__fhll_data__text_000.txt	990	Michael Kämpf	Michael Kämpf	Michael Kämpf
data_l__data__fhll_data__text_000.txt	996	Andreas Nitsche	Andreas Nitsche	Andreas Nitsche
data_l__data__fhll_data__text_000.txt	1002	Kirill Perfiliev	Kirill Perfiliev	Kirill Perfiliev
data_l__data__fhll_data__text_000.txt	1008	Markus Pietrowsky	Markus Pietrowsky	Markus Pietrowsky
data_l__data__fhll_data__text_000.txt	1014	Tim Peters	Tim Peters	Tim Peters
data_l__data__fhll_data__text_000.txt	1020	"Arben ""Beny"" Rexhbogaj"	"Arben ""Beny"" Rexhbogaj"	"Arben ""Beny"" Rexhbogaj"
data_l__data__fhll_data__text_000.txt	1026	Nils Schneider	Nils Schneider	Nils Schneider
data_l__data__fhll_data__text_000.txt	1034	First Impressionists	First Impressionists	First Impressionists
data_l__data__fhll_data__text_000.txt	1040	Heiko Achilles	Heiko Achilles	Heiko Achilles
data_l__data__fhll_data__text_000.txt	1046	Frank Hebestreit	Frank Hebestreit	Frank Hebestreit
data_l__data__fhll_data__text_000.txt	1052	Robert Heinrich	Robert Heinrich	Robert Heinrich
data_l__data__fhll_data__text_000.txt	1058	Andreas Nitsche	Andreas Nitsche	Andreas Nitsche
data_l__data__fhll_data__text_000.txt	1064	Markus Pietrowsky	Markus Pietrowsky	Markus Pietrowsky
data_l__data__fhll_data__text_000.txt	1070	Regina Schülke-Achilles	Regina Schülke-Achilles	Regina Schülke-Achilles
data_l__data__fhll_data__text_000.txt	1076	Andrea Weigelt	Andrea Weigelt	Andrea Weigelt
data_l__data__fhll_data__text_000.txt	1084	Best Boy	Best Boy	Best Boy
data_l__data__fhll_data__text_000.txt	1090	Fabian aus dem Siepen	Fabian aus dem Siepen	Fabian aus dem Siepen
data_l__data__fhll_data__text_000.txt	1110	Besonderen Dank an...	Besonderen Dank an...	特别感谢...
data_l__data__fhll_data__text_000.txt	1116	Andi. Jürgen Goeldner, Claudia Tschierske und Inge Mellenthin, Bernhard Ewers, Armin Gessert, Stefan, Daniela, Max und Mirco, Tim und Simon, Havva, Ruth (weißt du jetzt, warum wir in Düsseldorf gefeiert haben??), Markus und Achim, Uli; Maik Taczkowsky;	Andi. Jürgen Goeldner, Claudia Tschierske und Inge Mellenthin, Bernhard Ewers, Armin Gessert, Stefan, Daniela, Max und Mirco, Tim und Simon, Havva, Ruth (weißt du jetzt, warum wir in Düsseldorf gefeiert haben??), Markus und Achim, Uli; Maik Taczkowsky;	安迪。感谢Jürgen Goeldner、Claudia Tschierske和Inge Mellenthin、Bernhard Ewers、Armin Gessert、Stefan、Daniela、Max和Mirco、Tim和Simon、Havva、Ruth（你现在知道我们为什么在杜塞尔多夫庆祝了吧？？）、Markus和Achim、Uli；Maik Taczkowsky；
data_l__data__fhll_data__text_000.txt	1120	"Stefan Beyer, Michael Hagen, Ulf Helmke, Markus R.Müller and the rest of the 'Tequila' gang for their friendship and support all over the years; Stefanie Denda und Jessica Denda (für die vielen einsamen Tage und Nächte ohne Mann und Pappi:-)); ""Fire in the hole"" an alle EFF'ler; Doreen, die so viel Verständniss wärend der Masterphase aufbrachte; Barbarita Servia Lugones; Lothar und Gabi"	"Stefan Beyer, Michael Hagen, Ulf Helmke, Markus R.Müller and the rest of the 'Tequila' gang for their friendship and support all over the years; Stefanie Denda und Jessica Denda (für die vielen einsamen Tage und Nächte ohne Mann und Pappi:-)); ""Fire in the hole"" an alle EFF'ler; Doreen, die so viel Verständniss wärend der Masterphase aufbrachte; Barbarita Servia Lugones; Lothar und Gabi"	"Stefan Beyer、Michael Hagen、Ulf Helmke、Markus R.Müller以及""龙舌兰""帮的所有人，感谢多年来的友谊与支持；Stefanie Denda和Jessica Denda（感谢你们在丈夫和爸爸缺席的无数个日日夜夜里的忍耐:-）；""小心手雷""致敬所有EFF成员；Doreen，感谢你在Master阶段给予的极大理解；Barbarita Servia Lugones；Lothar和Gabi"
data_l__data__fhll_data__text_000.txt	1128	Außerdem Dank an...	Außerdem Dank an...	此外感谢...
data_l__data__fhll_data__text_000.txt	1136	Ole Mogensen, Darren Melbourne, Heiko tom Felde und Florian Stangl für ihre zusätzlichen Ideen. Und den Jungs und Mädels von THQ für die tollen Cultures-Web-Seiten!	Ole Mogensen, Darren Melbourne, Heiko tom Felde und Florian Stangl für ihre zusätzlichen Ideen. Und den Jungs und Mädels von THQ für die tollen Cultures-Web-Seiten!	感谢Ole Mogensen、Darren Melbourne、Heiko tom Felde和Florian Stangl提供的额外创意。也感谢THQ的团队制作了出色的Cultures网站！
data_l__data__fhll_data__text_000.txt	1152	Besonderen Dank auch an alle unsere Familien, Eltern, Freunde und Bekannte. 	Besonderen Dank auch an alle unsere Familien, Eltern, Freunde und Bekannte.	特别感谢我们所有的家人、父母、朋友和熟人。
data_l__data__fhll_data__text_000.txt	1158	Hey - wir leben IMMER noch! ;o)	Hey - wir leben IMMER noch! ;o)	嘿——我们居然还活着！;o)
data_l__data__fhll_data__text_000.txt	1174	Und dann noch...	Und dann noch...	还有...
data_l__data__fhll_data__text_000.txt	1180	Micha und Petra for the masses of promo gifts; Barclay James Harvest for the music; Bitburger for the Drive; 'Weird Al' Yankovic & Vangelis for the great music; Jan Zimmermann for the ProMotion; Gott Odin, dass er uns während der Masterphase den Himmel nicht hat auf den Kopf fallen lassen; 	Micha und Petra for the masses of promo gifts; Barclay James Harvest for the music; Bitburger for the Drive; 'Weird Al' Yankovic & Vangelis for the great music; Jan Zimmermann for the ProMotion; Gott Odin, dass er uns während der Masterphase den Himmel nicht hat auf den Kopf fallen lassen;	Micha und Petra for the masses of promo gifts; Barclay James Harvest for the music; Bitburger for the Drive; 'Weird Al' Yankovic & Vangelis for the great music; Jan Zimmermann for the ProMotion; Gott Odin, dass er uns während der Masterphase den Himmel nicht hat auf den Kopf fallen lassen;
data_l__data__fhll_data__text_000.txt	1188	And a special thanks to everybody who did trust in us!	And a special thanks to everybody who did trust in us!	特别感谢所有信任我们的人！
data_m__data_m__c1_txt__c1_fhll__text-legende.txt	6	-      CULTURES Mission-CD		-      Cultures 任务资料片
data_m__data_m__c1_txt__c1_fhll__text-legende.txt	8	-   BRIEFING NUMMERNSCHLÜSSEL	-   BRIEFING NUMMERNSCHLÜSSEL	-   简报编号说明
data_m__data_m__c1_txt__c1_fhll__text-legende.txt	12	-     File: Text-Legende.txt	-     File: Text-Legende.txt	-     文件：Text-Legende.txt
data_m__data_m__c1_txt__c1_fhll__text-legende.txt	18	- Author: Tobias 'Loksley' Frin	- Author: Tobias 'Loksley' Frin	- 作者：Tobias 'Loksley' Frin
data_m__data_m__c1_txt__c1_fhll__text-legende.txt	30	Art der Mission:     Nummernschlüssel:	Art der Mission:     Nummernschlüssel:	任务类型：     编号说明：
data_m__data_m__c1_txt__c1_fhll__text-legende.txt	34	Campain-Texte:       50XYYY	Campain-Texte:       50XYYY	战役文本：         50XYYY
data_m__data_m__c1_txt__c1_fhll__text-legende.txt	38	Multiplayer-Texte:   8000xy	Multiplayer-Texte:   8000xy	多人模式文本：     8000xy
data_m__data_m__c1_txt__c1_fhll__text-legende.txt	42	Singelplayer-Texte:  9x000y	Singelplayer-Texte:  9x000y	单人模式文本：     9x000y
data_m__data_m__c1_txt__c1_fhll__text-legende.txt	48	x: Nummer der Mission	x: Nummer der Mission	x：任务编号
data_m__data_m__c1_txt__c1_fhll__text-legende.txt	50	y: Textnummer innerhalb der Mission	y: Textnummer innerhalb der Mission	y：任务内文本编号
data_m__data_m__c1_txt__c1_fhll__text_001000.txt	32	Herzlich willkommen beim ersten Cultures-Tutorial	Herzlich willkommen beim ersten Cultures-Tutorial	欢迎来到第一个 Cultures 教程
data_m__data_m__c1_txt__c1_fhll__text_001000.txt	46	Auf einem kleinen, freundlichen Eiland landen einige Wikinger.	Auf einem kleinen, freundlichen Eiland landen einige Wikinger.	一群维京人登上了一座美丽的小岛。
data_m__data_m__c1_txt__c1_fhll__text_001000.txt	48	Nach der beschwerlichen Überfahrt ist diese Insel ein wundervoller Anblick für die erschöpften Nordmänner. 	Nach der beschwerlichen Überfahrt ist diese Insel ein wundervoller Anblick für die erschöpften Nordmänner.	经过艰辛的航程后，这座岛屿对疲惫的北欧人来说是一个美妙的景象。
data_m__data_m__c1_txt__c1_fhll__text_001000.txt	54	"Odin sei Dank, seufzt der Anführer sorgenvoll, ""gerade gingen unsere Nahrungsmittel zur Neige."" "	"Odin sei Dank, seufzt der Anführer sorgenvoll, ""gerade gingen unsere Nahrungsmittel zur Neige."""	"感谢奥丁，首领忧虑地叹道，""我们的食物正好快用完了。"""
data_m__data_m__c1_txt__c1_fhll__text_001000.txt	56	In freudiger Erwartung stehen die Frauen an der Reling, während die Männer das Schiff auf den fremden Strand ziehen.	In freudiger Erwartung stehen die Frauen an der Reling, während die Männer das Schiff auf den fremden Strand ziehen.	妇女们满怀期待地站在船舷边，男人们则把船拉上陌生的海滩。
data_m__data_m__c1_txt__c1_fhll__text_001000.txt	62	Um dir den Einstieg in das Programm zu erleichtern, wird dich diese kleine Einführungsmission Schritt für Schritt durch die ersten Grundlagen des Spieles begleiten. 	Um dir den Einstieg in das Programm zu erleichtern, wird dich diese kleine Einführungsmission Schritt für Schritt durch die ersten Grundlagen des Spieles begleiten.	为了让你更容易上手，这个小型入门任务将一步步带你了解游戏的基本操作。
data_m__data_m__c1_txt__c1_fhll__text_001000.txt	64	Am linken Bildschirmrand findest du einen Knopf mit einem Fahnen-Symbol.	Am linken Bildschirmrand findest du einen Knopf mit einem Fahnen-Symbol.	在屏幕左侧你可以找到一个旗帜符号的按钮。
data_m__data_m__c1_txt__c1_fhll__text_001000.txt	66	Hier kannst du dir die Missionsziele noch einmal anzeigen lassen.	Hier kannst du dir die Missionsziele noch einmal anzeigen lassen.	你可以在这里再次查看任务目标。
data_m__data_m__c1_txt__c1_fhll__text_001000.txt	72	Wenn du dich genau nach den Anleitungstexten richtest, erhältst du in den vier Tutorials die nötigen Grundlagen, um auch im weiteren Spielverlauf jede noch so große Aufgabe bewältigen zu können. 	Wenn du dich genau nach den Anleitungstexten richtest, erhältst du in den vier Tutorials die nötigen Grundlagen, um auch im weiteren Spielverlauf jede noch so große Aufgabe bewältigen zu können.	如果你严格按照说明文本操作，在四个教程中你将获得必要的基础知识，以便在后续游戏中能够应对任何大大小小的任务。
data_m__data_m__c1_txt__c1_fhll__text_001000.txt	84	Tipp:	Tipp:	提示：
data_m__data_m__c1_txt__c1_fhll__text_001000.txt	92	Baue vor allem nur diejenigen Gebäude, die 	Baue vor allem nur diejenigen Gebäude, die	只建造那些
data_m__data_m__c1_txt__c1_fhll__text_001000.txt	98	verlangt werden, da ansonsten die vorhandenen 	verlangt werden, da ansonsten die vorhandenen	被消耗，否则现有的
data_m__data_m__c1_txt__c1_fhll__text_001000.txt	104	Rohstoffe nicht ausreichen werden.	Rohstoffe nicht ausreichen werden.	资源将不够用。
data_m__data_m__c1_txt__c1_fhll__text_001000.txt	110	<icon:50>Kümmere dich vorerst noch nicht um 	Kümmere dich vorerst noch nicht um	暂时不要管
data_m__data_m__c1_txt__c1_fhll__text_001000.txt	116	die Meldungen, dass die Frauen heiraten wollen. 	die Meldungen, dass die Frauen heiraten wollen.	女人们想要结婚的消息。
data_m__data_m__c1_txt__c1_fhll__text_001000.txt	122	Dazu werden wir dann im weiteren Verlauf des 	Dazu werden wir dann im weiteren Verlauf des	我们将在后续
data_m__data_m__c1_txt__c1_fhll__text_001000.txt	128	Tutorials noch kommen	Tutorials noch kommen	教程后续内容
data_m__data_m__c1_txt__c1_fhll__text_001000.txt	142	Klicke nun bitte auf:  	Klicke nun bitte auf:	请点击：
data_m__data_m__c1_txt__c1_fhll__text_001000.txt	146	<globaljump:000, 001001, 00>'WEITER'	'WEITER'	'继续'
data_m__data_m__c1_txt__c1_fhll__text_001001.txt	32	Ein unbekanntes Land. 	Ein unbekanntes Land.	一片未知的土地。
data_m__data_m__c1_txt__c1_fhll__text_001001.txt	34	Unerschlossene Wildnis liegt vor dir. 	Unerschlossene Wildnis liegt vor dir.	眼前是未开垦的荒野。
data_m__data_m__c1_txt__c1_fhll__text_001001.txt	36	Voller Tatendrang stehen die Wikinger vor ihrem Schiff, das sie als ihr Hauptlager zum Schutz vor Stürmen an Land gezogen haben. 	Voller Tatendrang stehen die Wikinger vor ihrem Schiff, das sie als ihr Hauptlager zum Schutz vor Stürmen an Land gezogen haben.	维京人干劲十足地站在船前，他们已将船拉上岸作为主营地以躲避风暴。
data_m__data_m__c1_txt__c1_fhll__text_001001.txt	42	"Ralf, Anführer des Stammes, weiß, was zu tun ist. ""Jemand muss auf die Jagd gehen! "	"Ralf, Anführer des Stammes, weiß, was zu tun ist. ""Jemand muss auf die Jagd gehen!"	"Ralf 是部族首领，知道该怎么做。""必须有人去打猎！"""
data_m__data_m__c1_txt__c1_fhll__text_001001.txt	44	"Hier gibt es genug Wild, um uns vorerst alle satt zu machen!"""	"Hier gibt es genug Wild, um uns vorerst alle satt zu machen!"""	"这里有足够的猎物，暂时能让我们吃饱！"""
data_m__data_m__c1_txt__c1_fhll__text_001001.txt	46	Nun, um Ralfs Rat zu befolgen, brauchst du einen Jäger und natürlich eine Jagdhütte, von der aus er auf die Pirsch gehen und in der er seine Beute lagern kann.	Nun, um Ralfs Rat zu befolgen, brauchst du einen Jäger und natürlich eine Jagdhütte, von der aus er auf die Pirsch gehen und in der er seine Beute lagern kann.	要听从 Ralf 的建议，你需要一个猎人和一间狩猎小屋，让他从那里出发狩猎并存放猎物。
data_m__data_m__c1_txt__c1_fhll__text_001001.txt	58	Tipp:	Tipp:	提示：
data_m__data_m__c1_txt__c1_fhll__text_001001.txt	66	Es kann nicht auf jedem Terrain gebaut werden. 	Es kann nicht auf jedem Terrain gebaut werden.	并非所有地形都能建造。
data_m__data_m__c1_txt__c1_fhll__text_001001.txt	72	Die helleren Flächen, die erscheinen, wenn 	Die helleren Flächen, die erscheinen, wenn	当你下达建造命令后出现的
data_m__data_m__c1_txt__c1_fhll__text_001001.txt	78	man einen Baubefehl gegeben hat, zeigen die	man einen Baubefehl gegeben hat, zeigen die	较亮的区域表示
data_m__data_m__c1_txt__c1_fhll__text_001001.txt	84	möglichen Bauplätze an, die dunkleren 	möglichen Bauplätze an, die dunkleren	可建造的位置，较暗的
data_m__data_m__c1_txt__c1_fhll__text_001001.txt	90	Flächen sind für das gewählte Gebäude als 	Flächen sind für das gewählte Gebäude als	区域可作为选定建筑的
data_m__data_m__c1_txt__c1_fhll__text_001001.txt	96	Bauplatz ungeeignet.	Bauplatz ungeeignet.	建筑用地不合适。
data_m__data_m__c1_txt__c1_fhll__text_001001.txt	104	Wähle einen Platz stets mit Bedacht. 	Wähle einen Platz stets mit Bedacht.	请始终谨慎选择地点。
data_m__data_m__c1_txt__c1_fhll__text_001001.txt	110	In unserem Fall gilt: Nicht zu weit weg 	In unserem Fall gilt: Nicht zu weit weg	在我们的情况下：不要太远
data_m__data_m__c1_txt__c1_fhll__text_001001.txt	116	vom Hauptlager, in das der Jäger seine 	vom Hauptlager, in das der Jäger seine	离主营不要太远，猎人要把
data_m__data_m__c1_txt__c1_fhll__text_001001.txt	122	überschüssige Beute bringen wird, aber auch 	überschüssige Beute bringen wird, aber auch	多余的猎物送回主营，但也
data_m__data_m__c1_txt__c1_fhll__text_001001.txt	128	nicht zu weit weg vom Wild, das er jagen soll. 	nicht zu weit weg vom Wild, das er jagen soll.	不要离他要狩猎的猎物太远。
data_m__data_m__c1_txt__c1_fhll__text_001001.txt	136	Je größer die Entfernungen sind, desto mehr 	Je größer die Entfernungen sind, desto mehr	距离越远，你的维京人
data_m__data_m__c1_txt__c1_fhll__text_001001.txt	142	Zeit verlieren deine Wikinger durch die Wege, 	Zeit verlieren deine Wikinger durch die Wege,	在路上浪费的时间就越多，
data_m__data_m__c1_txt__c1_fhll__text_001001.txt	148	die sie zurücklegen müssen. 	die sie zurücklegen müssen.	他们必须走的路越长。
data_m__data_m__c1_txt__c1_fhll__text_001001.txt	160	Jemand muss also eine Jagdhütte bauen. Es war Ralfs Idee, also macht er den Anfang. 	Jemand muss also eine Jagdhütte bauen. Es war Ralfs Idee, also macht er den Anfang.	必须有人建造狩猎小屋。这是 Ralf 的主意，所以他来开头。
data_m__data_m__c1_txt__c1_fhll__text_001001.txt	162	Sage Ralf, was gebaut werden soll. Klicke ihn dazu mit der rechten Maustaste an und wähle das gelbe Symbol mit dem kleinen Hammer über dem Haus. Du siehst nun alle Gebäude, die momentan gebaut werden können. Wähle das Jägerzelt aus.	Sage Ralf, was gebaut werden soll. Klicke ihn dazu mit der rechten Maustaste an und wähle das gelbe Symbol mit dem kleinen Hammer über dem Haus. Du siehst nun alle Gebäude, die momentan gebaut werden können. Wähle das Jägerzelt aus.	告诉 Ralf 要建什么。右键点击他，选择房子上方带小锤子的黄色符号。你会看到当前可建造的所有建筑。选择狩猎小屋。
data_m__data_m__c1_txt__c1_fhll__text_001001.txt	170	          * Baue das Jägerzelt. 	* Baue das Jägerzelt.	* 建造狩猎小屋。
data_m__data_m__c1_txt__c1_fhll__text_001001.txt	178	Ralf beginnt nun, das Haus zu bauen, und Sven hilft ihm dabei. 	Ralf beginnt nun, das Haus zu bauen, und Sven hilft ihm dabei.	Ralf 开始建造房屋，Sven 在旁协助。
data_m__data_m__c1_txt__c1_fhll__text_001001.txt	180	Dazu bedienen sie sich der knappen Vorräte im Schiff.	Dazu bedienen sie sich der knappen Vorräte im Schiff.	他们使用船上有限的物资。
data_m__data_m__c1_txt__c1_fhll__text_001001.txt	194	Schließe das Briefing-Fenster mit dem goldenen X-Button rechts oben. Dann geht das Spiel los.	Schließe das Briefing-Fenster mit dem goldenen X-Button rechts oben. Dann geht das Spiel los.	用右上角的金色X按钮关闭简报窗口，然后游戏就开始了。
data_m__data_m__c1_txt__c1_fhll__text_001002.txt	32	Das neue Jägerzelt ist fertig.	Das neue Jägerzelt ist fertig.	新的狩猎小屋建好了。
data_m__data_m__c1_txt__c1_fhll__text_001002.txt	34	Zufrieden schauen Sven und Ralf auf ihr Werk. Doch wer soll nun auf die Jagd gehen?	Zufrieden schauen Sven und Ralf auf ihr Werk. Doch wer soll nun auf die Jagd gehen?	Sven 和 Ralf 满意地看着他们的作品。但现在谁去打猎呢？
data_m__data_m__c1_txt__c1_fhll__text_001002.txt	36	Wähle dazu Sven aus, und weise ihm mit dem Zahnradsymbol im Aktionsmenü den Beruf des Jägers zu und schicke ihn zum Arbeiten in das Jägerzelt.	Wähle dazu Sven aus, und weise ihm mit dem Zahnradsymbol im Aktionsmenü den Beruf des Jägers zu und schicke ihn zum Arbeiten in das Jägerzelt.	选择 Sven，在行动菜单中用齿轮符号为他指定猎人职业，然后派他去狩猎小屋工作。
data_m__data_m__c1_txt__c1_fhll__text_001002.txt	48	Tipp:	Tipp:	提示：
data_m__data_m__c1_txt__c1_fhll__text_001002.txt	56	Wenn du Sven den Beruf des Jägers erlernen 	Wenn du Sven den Beruf des Jägers erlernen	如果你让 Sven 学习猎人
data_m__data_m__c1_txt__c1_fhll__text_001002.txt	62	lässt, leuchtet am Anfang das Jägerzelt 	lässt, leuchtet am Anfang das Jägerzelt	职业，一开始猎人帐篷
data_m__data_m__c1_txt__c1_fhll__text_001002.txt	68	hell auf, während die übrige Fläche dunkel 	hell auf, während die übrige Fläche dunkel	亮起，而其余区域暗
data_m__data_m__c1_txt__c1_fhll__text_001002.txt	74	wird. Das zeigt dir an, dass Sven als 	wird. Das zeigt dir an, dass Sven als	会亮起。这表示 Sven 作为
data_m__data_m__c1_txt__c1_fhll__text_001002.txt	80	Jäger nur in diesem Gebäude arbeiten kann. 	Jäger nur in diesem Gebäude arbeiten kann.	猎人只能在这个建筑里工作。
data_m__data_m__c1_txt__c1_fhll__text_001002.txt	86	Klicke nun auf das Jägerzelt, um ihm seinen 	Klicke nun auf das Jägerzelt, um ihm seinen	现在点击狩猎小屋，给它分配
data_m__data_m__c1_txt__c1_fhll__text_001002.txt	92	neuen Arbeitsplatz zuzuweisen. 	neuen Arbeitsplatz zuzuweisen.	分配新的工作地点。
data_m__data_m__c1_txt__c1_fhll__text_001002.txt	98	Alternativ klicke im Aktionsmenü auf das 	Alternativ klicke im Aktionsmenü auf das	或者在行动菜单中点击
data_m__data_m__c1_txt__c1_fhll__text_001002.txt	104	Hammer-Symbol und schicke ihn 'manuell' in 	Hammer-Symbol und schicke ihn 'manuell' in	锤子符号，然后'手动'派他去
data_m__data_m__c1_txt__c1_fhll__text_001002.txt	110	das Jägerzelt. 	das Jägerzelt.	猎人帐篷。
data_m__data_m__c1_txt__c1_fhll__text_001002.txt	118	Wenn du alle Schritte richtig ausgeführt hast, 	Wenn du alle Schritte richtig ausgeführt hast,	如果你正确执行了所有步骤，
data_m__data_m__c1_txt__c1_fhll__text_001002.txt	124	geht er schon bald auf die Jagd und sorgt für 	geht er schon bald auf die Jagd und sorgt für	他很快就会去打猎并
data_m__data_m__c1_txt__c1_fhll__text_001002.txt	130	frische Nahrung. 	frische Nahrung.	新鲜食物。
data_m__data_m__c1_txt__c1_fhll__text_001002.txt	136	Und - als Nebenprodukt - für Leder.	Und - als Nebenprodukt - für Leder.	以及——作为副产品——获取皮革。
data_m__data_m__c1_txt__c1_fhll__text_001002.txt	148	          * Mache Sven zum Jäger und weise ihm die Jagdhütte zu.	* Mache Sven zum Jäger und weise ihm die Jagdhütte zu.	* 让 Sven 成为猎人并分配他到猎人小屋。
data_m__data_m__c1_txt__c1_fhll__text_001002.txt	152	          * Beobachte, wie er zum Jägermeister wird.	* Beobachte, wie er zum Jägermeister wird.	* 观察他如何成为猎人大师。
data_m__data_m__c1_txt__c1_fhll__text_001002.txt	164	Während Sven nun den Beruf des Jägermeisters erlernt, kannst du ihn beim Jagen beobachten. Im Figurenfenster kannst du dich mit den Anzeigen vertraut machen und verfolgen, wie seine Erfahrung zunimmt und er bei 100% Lernerfolg zum Jägermeister wird. Wenn es soweit ist, ertönt ein feierlicher Tusch	Während Sven nun den Beruf des Jägermeisters erlernt, kannst du ihn beim Jagen beobachten. Im Figurenfenster kannst du dich mit den Anzeigen vertraut machen und verfolgen, wie seine Erfahrung zunimmt und er bei 100% Lernerfolg zum Jägermeister wird. Wenn es soweit ist, ertönt ein feierlicher Tusch	当 Sven 正在学习猎人大师职业时，你可以观察他打猎。在人物窗口中你可以熟悉各项显示，追踪他的经验增长，当学习成功率达到100%时他就成为猎人大师。届时会响起一段庄严的号角声
data_m__data_m__c1_txt__c1_fhll__text_001003.txt	32	Sven ist nun Jägermeister. Stolz trägt er als sichtbares Zeichen seines neuen Standes einen edlen Hut. Als Meister wird er nun wesentlich schneller arbeiten können, und seine Erfahrungen können später in einer Schule auch an andere Arbeiter weitergegeben werden. Lass Ralf nun ein Wohnzelt in der Nähe des Jägerzeltes bauen.	Sven ist nun Jägermeister. Stolz trägt er als sichtbares Zeichen seines neuen Standes einen edlen Hut. Als Meister wird er nun wesentlich schneller arbeiten können, und seine Erfahrungen können später in einer Schule auch an andere Arbeiter weitergegeben werden. Lass Ralf nun ein Wohnzelt in der Nähe des Jägerzeltes bauen.	Sven 现在是猎人大师了。他自豪地戴着一顶高贵的帽子作为新身份的标志。作为大师他现在工作速度会快很多，他的经验以后可以在学校里传授给其他工人。现在让 Ralf 在猎人帐篷附近建一顶居住帐篷。
data_m__data_m__c1_txt__c1_fhll__text_001003.txt	44	Tipp:	Tipp:	提示：
data_m__data_m__c1_txt__c1_fhll__text_001003.txt	52	Deine Wikinger müssen essen, schlafen 	Deine Wikinger müssen essen, schlafen	你的维京人需要吃饭、睡觉
data_m__data_m__c1_txt__c1_fhll__text_001003.txt	58	und brauchen Gesellschaft.	und brauchen Gesellschaft.	也需要陪伴。
data_m__data_m__c1_txt__c1_fhll__text_001003.txt	66	Wenn Sven nicht mehr im Freien zu 	Wenn Sven nicht mehr im Freien zu	如果 Sven 不再在露天
data_m__data_m__c1_txt__c1_fhll__text_001003.txt	70	<icon:50>schlafen muss, wird er wesentlich 	schlafen muss, wird er wesentlich	需要睡眠，他将明显
data_m__data_m__c1_txt__c1_fhll__text_001003.txt	74	<icon:50>erholter und zufriedener an die 	erholter und zufriedener an die	更精力充沛、更满意地去
data_m__data_m__c1_txt__c1_fhll__text_001003.txt	78	<icon:50>Arbeit gehen und insgesamt weniger 	Arbeit gehen und insgesamt weniger	工作，总体而言更少
data_m__data_m__c1_txt__c1_fhll__text_001003.txt	82	<icon:50>Ruhepausen einlegen müssen. 	Ruhepausen einlegen müssen.	<icon:50>需要更少的休息时间。
data_m__data_m__c1_txt__c1_fhll__text_001003.txt	90	Dadurch erhöht sich seine Leistungsfähigkeit 	Dadurch erhöht sich seine Leistungsfähigkeit	这样他的工作效率
data_m__data_m__c1_txt__c1_fhll__text_001003.txt	94	<icon:50>erheblich!	erheblich!	显著！
data_m__data_m__c1_txt__c1_fhll__text_001003.txt	106			
data_m__data_m__c1_txt__c1_fhll__text_001003.txt	114	Ralf beginnt nun, das Haus zu bauen. 	Ralf beginnt nun, das Haus zu bauen.	Ralf 开始建造房屋。
data_m__data_m__c1_txt__c1_fhll__text_001003.txt	116	Dazu benutzt er wieder Vorräte vom Schiff, Leder, das Sven 'gejagt' hat, und auch abgebrochene Äste aus dem Wald.	Dazu benutzt er wieder Vorräte vom Schiff, Leder, das Sven 'gejagt' hat, und auch abgebrochene Äste aus dem Wald.	他再次使用船上的物资、Sven 猎获的皮革，以及森林中折断的树枝。
data_m__data_m__c1_txt__c1_fhll__text_001004.txt	32	Ralf hat das Wohnzelt fertig gestellt. 	Ralf hat das Wohnzelt fertig gestellt.	Ralf 建好了居住帐篷。
data_m__data_m__c1_txt__c1_fhll__text_001004.txt	34	Es sieht stabil genug aus, um Schutz vor jedem Unwetter zu bieten. 	Es sieht stabil genug aus, um Schutz vor jedem Unwetter zu bieten.	看起来足够结实，能抵御任何恶劣天气。
data_m__data_m__c1_txt__c1_fhll__text_001004.txt	36	Lasse Sven nun mit dem grünen Haus-Symbol dort einziehen. 	Lasse Sven nun mit dem grünen Haus-Symbol dort einziehen.	现在用绿色房屋符号让 Sven 搬进去。
data_m__data_m__c1_txt__c1_fhll__text_001004.txt	48	Tipp:	Tipp:	提示：
data_m__data_m__c1_txt__c1_fhll__text_001004.txt	56	Achte darauf, dass wenigstens die 	Achte darauf, dass wenigstens die	注意至少要让
data_m__data_m__c1_txt__c1_fhll__text_001004.txt	62	wichtigsten Arbeiter deines 	wichtigsten Arbeiter deines	最重要的工人
data_m__data_m__c1_txt__c1_fhll__text_001004.txt	68	Wikingerdorfes ein Zuhause haben. 	Wikingerdorfes ein Zuhause haben.	在你的维京村落有个家。
data_m__data_m__c1_txt__c1_fhll__text_001004.txt	76	Das Gleiche gilt auch für das Heiraten 	Das Gleiche gilt auch für das Heiraten	同样的道理也适用于结婚
data_m__data_m__c1_txt__c1_fhll__text_001004.txt	82	(nächster Schritt).	(nächster Schritt).	（下一步）。
data_m__data_m__c1_txt__c1_fhll__text_001004.txt	88	Du kannst jemandem seinem Haus auch 	Du kannst jemandem seinem Haus auch	你也可以把某人的房子
data_m__data_m__c1_txt__c1_fhll__text_001004.txt	94	wieder wegnehmen, indem du ihn mit der 	wieder wegnehmen, indem du ihn mit der	收回来，方法是用
data_m__data_m__c1_txt__c1_fhll__text_001004.txt	100	rechten Maustaste anklickst und das 	rechten Maustaste anklickst und das	右键点击他并选择
data_m__data_m__c1_txt__c1_fhll__text_001004.txt	106	Symbol mit dem durchgestrichenen Haus 	Symbol mit dem durchgestrichenen Haus	带划掉房屋图标的
data_m__data_m__c1_txt__c1_fhll__text_001004.txt	112	anwählst.	anwählst.	选择。
data_m__data_m__c1_txt__c1_fhll__text_001004.txt	120	Danach kann dort wieder jemand anderes 	Danach kann dort wieder jemand anderes	之后可以让其他人
data_m__data_m__c1_txt__c1_fhll__text_001004.txt	126	einziehen...	einziehen...	搬入……
data_m__data_m__c1_txt__c1_fhll__text_001004.txt	140	          * Lasse Sven nun in das Zelt einziehen.	* Lasse Sven nun in das Zelt einziehen.	* 让 Sven 搬进帐篷。
data_m__data_m__c1_txt__c1_fhll__text_001004.txt	150	Eine kleine Fahne erscheint vor dem Eingang des Zeltes und zeigt an, dass Sven es in Besitz genommen hat.	Eine kleine Fahne erscheint vor dem Eingang des Zeltes und zeigt an, dass Sven es in Besitz genommen hat.	帐篷入口前出现一面小旗，表示 Sven 已经入住了。
data_m__data_m__c1_txt__c1_fhll__text_001005.txt	32	Sven geht einer wichtigen Arbeit nach, hat ein Zuhause, und die Wikinger haben fürs Erste genügend Nahrung.	Sven geht einer wichtigen Arbeit nach, hat ein Zuhause, und die Wikinger haben fürs Erste genügend Nahrung.	Sven 从事着重要的工作，有了家，维京人暂时有了足够的食物。
data_m__data_m__c1_txt__c1_fhll__text_001005.txt	34	Der richtige Zeitpunkt ist nun gekommen, um sich um die Familien zu kümmern.	Der richtige Zeitpunkt ist nun gekommen, um sich um die Familien zu kümmern.	现在到了该照顾家庭的时候了。
data_m__data_m__c1_txt__c1_fhll__text_001005.txt	36	Sven möchte gerne heiraten. 	Sven möchte gerne heiraten.	Sven 想要结婚。
data_m__data_m__c1_txt__c1_fhll__text_001005.txt	38	Klicke dazu im Aktionsmenü auf das Symbol mit den zwei Ringen. 	Klicke dazu im Aktionsmenü auf das Symbol mit den zwei Ringen.	为此在动作菜单中点击两个圆环的图标。
data_m__data_m__c1_txt__c1_fhll__text_001005.txt	40	Sofern eine Frau in der Nähe ist, die Sven gefällt, wird er sofort freudig losstürmen und ihr den Hof machen. 	Sofern eine Frau in der Nähe ist, die Sven gefällt, wird er sofort freudig losstürmen und ihr den Hof machen.	如果附近有 Sven 喜欢的女人，他会立刻开心地冲过去向她求爱。
data_m__data_m__c1_txt__c1_fhll__text_001005.txt	42	Bald darauf sind sie auch schon ein Paar.	Bald darauf sind sie auch schon ein Paar.	很快他们就成了夫妻。
data_m__data_m__c1_txt__c1_fhll__text_001005.txt	54	Tipp:	Tipp:	提示：
data_m__data_m__c1_txt__c1_fhll__text_001005.txt	62	Deine Arbeiter werden viel motivierter 	Deine Arbeiter werden viel motivierter	你的工人会更有
data_m__data_m__c1_txt__c1_fhll__text_001005.txt	68	sein, wenn sie mit einer Frau verheiratet  	sein, wenn sie mit einer Frau verheiratet	动力，如果他们和妻子
data_m__data_m__c1_txt__c1_fhll__text_001005.txt	74	sind, die ihnen Gesellschaft leistet 	sind, die ihnen Gesellschaft leistet	结了婚，妻子会陪伴他们
data_m__data_m__c1_txt__c1_fhll__text_001005.txt	80	und sie mit Nahrung versorgt. 	und sie mit Nahrung versorgt.	并为他们提供食物。
data_m__data_m__c1_txt__c1_fhll__text_001005.txt	88	Bereitet eine Frau für ihren 	Bereitet eine Frau für ihren	女人为她的
data_m__data_m__c1_txt__c1_fhll__text_001005.txt	94	Ehemann das Mahl, macht es 	Ehemann das Mahl, macht es	丈夫准备饭菜，使之
data_m__data_m__c1_txt__c1_fhll__text_001005.txt	100	doppelt so lange satt, und wenn 	doppelt so lange satt, und wenn	饱腹时间加倍，而且如果
data_m__data_m__c1_txt__c1_fhll__text_001005.txt	106	ein Mann sich sein Essen nicht 	ein Mann sich sein Essen nicht	一个男人不自己
data_m__data_m__c1_txt__c1_fhll__text_001005.txt	112	mehr erst lange selbst besorgen 	mehr erst lange selbst besorgen	不用再亲自去
data_m__data_m__c1_txt__c1_fhll__text_001005.txt	118	muss, werden seine Essenspausen 	muss, werden seine Essenspausen	搜集食物，他的用餐休息
data_m__data_m__c1_txt__c1_fhll__text_001005.txt	124	insgesamt auch viel kürzer ausfallen.	insgesamt auch viel kürzer ausfallen.	时间也会短得多。
data_m__data_m__c1_txt__c1_fhll__text_001005.txt	138	          * Lasse Sven heiraten	* Lasse Sven heiraten	* 让 Sven 结婚
data_m__data_m__c1_txt__c1_fhll__text_001005.txt	146	Sven ist nun verheiratet, und seine neue Frau ist zu ihm in das Wohnzelt gezogen, was sie auch stolz allen mit dem Eheringe-Symbol auf der Fahne vor dem Zelt zeigen.	Sven ist nun verheiratet, und seine neue Frau ist zu ihm in das Wohnzelt gezogen, was sie auch stolz allen mit dem Eheringe-Symbol auf der Fahne vor dem Zelt zeigen.	Sven 现在结婚了，他的新妻子搬进了居住帐篷，他们用帐篷前旗帜上的戒指符号自豪地向所有人展示。
data_m__data_m__c1_txt__c1_fhll__text_001005.txt	148	Jetzt kann auch an Nachwuchs gedacht werden. Klicke die Ehefrau an und wähle das Männlich-Symbol für Jungen oder das Weiblich-Symbol für Mädchen. 	Jetzt kann auch an Nachwuchs gedacht werden. Klicke die Ehefrau an und wähle das Männlich-Symbol für Jungen oder das Weiblich-Symbol für Mädchen.	现在可以考虑繁衍后代了。点击妻子，选择男性符号生男孩或女性符号生女孩。
data_m__data_m__c1_txt__c1_fhll__text_001005.txt	160	Tipp:	Tipp:	提示：
data_m__data_m__c1_txt__c1_fhll__text_001005.txt	168	Um ein Kind bekommen zu können, muss 	Um ein Kind bekommen zu können, muss	想要生孩子，
data_m__data_m__c1_txt__c1_fhll__text_001005.txt	174	ein verheiratetes Ehepaar eine 	ein verheiratetes Ehepaar eine	已婚夫妇必须
data_m__data_m__c1_txt__c1_fhll__text_001005.txt	180	Wohnung besitzen und dort 	Wohnung besitzen und dort	拥有住所并在那里
data_m__data_m__c1_txt__c1_fhll__text_001005.txt	186	mindestens 5 Nahrungseinheiten 	mindestens 5 Nahrungseinheiten	至少存放
data_m__data_m__c1_txt__c1_fhll__text_001005.txt	192	gelagert haben. 	gelagert haben.	5单位食物。
data_m__data_m__c1_txt__c1_fhll__text_001005.txt	200	Auch ist zu bedenken, dass ein Kind, 	Auch ist zu bedenken, dass ein Kind,	还要考虑到，一个孩子
data_m__data_m__c1_txt__c1_fhll__text_001005.txt	206	bis es erwachsen ist und bei 	bis es erwachsen ist und bei	直到成年并能
data_m__data_m__c1_txt__c1_fhll__text_001005.txt	212	der Arbeit mithelfen kann, 	der Arbeit mithelfen kann,	帮忙工作之前，
data_m__data_m__c1_txt__c1_fhll__text_001005.txt	218	mindestens 2 Nahrungseinheiten 	mindestens 2 Nahrungseinheiten	至少需要
data_m__data_m__c1_txt__c1_fhll__text_001005.txt	224	verspeist. 	verspeist.	消耗2单位食物。
data_m__data_m__c1_txt__c1_fhll__text_001005.txt	232	Jeder neue Arbeiter muss später 	Jeder neue Arbeiter muss später	每个新工人以后
data_m__data_m__c1_txt__c1_fhll__text_001005.txt	238	natürlich ernährt werden. Stelle 	natürlich ernährt werden. Stelle	当然也需要食物。所以
data_m__data_m__c1_txt__c1_fhll__text_001005.txt	244	deshalb immer VORHER eine ausreichende	deshalb immer VORHER eine ausreichende	一定要提前确保充足的
data_m__data_m__c1_txt__c1_fhll__text_001005.txt	250	Nahrungsversorgung sicher!	Nahrungsversorgung sicher!	确保食物供应！
data_m__data_m__c1_txt__c1_fhll__text_001005.txt	264		   * Lasse Svens Frau ein Kind bekommen	  * 让Sven的妻子生一个孩子
data_m__data_m__c1_txt__c1_fhll__text_001005.txt	276	Wenn Svens Frau daheim genügend Nahrung gelagert hat, wird bald schon helles Kindergeschrei das Dorf erfüllen. 	Wenn Svens Frau daheim genügend Nahrung gelagert hat, wird bald schon helles Kindergeschrei das Dorf erfüllen.	当 Sven 的妻子在家储备了足够的食物，很快村子里就会响起孩子的欢叫声。
data_m__data_m__c1_txt__c1_fhll__text_001006.txt	32	Das Wunder der Geburt. 	Das Wunder der Geburt.	生育的奇迹。
data_m__data_m__c1_txt__c1_fhll__text_001006.txt	34	Ein neuer Wikinger hat das Licht der Welt erblickt, und dein kleines Dorf ist um einen Einwohner gewachsen.	Ein neuer Wikinger hat das Licht der Welt erblickt, und dein kleines Dorf ist um einen Einwohner gewachsen.	一个新维京人来到了这个世界，你的小村庄多了一个居民。
data_m__data_m__c1_txt__c1_fhll__text_001006.txt	44	Glückwunsch! Du hast nun die ersten Grundlagen das Spieles erfolgreich absolviert!	Glückwunsch! Du hast nun die ersten Grundlagen das Spieles erfolgreich absolviert!	恭喜！你已经成功完成了游戏的第一批基础教程！
data_m__data_m__c1_txt__c1_fhll__text_001006.txt	54	Für die ersten Tage ist nun für genügend Nahrung gesorgt. 	Für die ersten Tage ist nun für genügend Nahrung gesorgt.	头几天的食物已经有着落了。
data_m__data_m__c1_txt__c1_fhll__text_001006.txt	56	Doch die vorhandenen Nahrungsquellen werden nach einiger Zeit erschöpft sein. 	Doch die vorhandenen Nahrungsquellen werden nach einiger Zeit erschöpft sein.	但现有的食物来源过一段时间后会耗尽。
data_m__data_m__c1_txt__c1_fhll__text_001006.txt	58	Irgendwann wird dein Jäger in der Nähe seiner Jagdhütte kaum noch Wild finden und auch andere Quellen wie Fischgründe und Beerenbüsche können dein Volk nicht mehr ernähren. 	Irgendwann wird dein Jäger in der Nähe seiner Jagdhütte kaum noch Wild finden und auch andere Quellen wie Fischgründe und Beerenbüsche können dein Volk nicht mehr ernähren.	你的猎人在狩猎小屋附近迟早找不到猎物，其他食物来源如渔场和浆果灌木也无法养活你的族人。
data_m__data_m__c1_txt__c1_fhll__text_001006.txt	68	Deine Wikinger müssen also lernen, ihre Lebensmittel selbst zu erzeugen, um auch eine größere Bevölkerung über längere Zeit ernähren zu können.	Deine Wikinger müssen also lernen, ihre Lebensmittel selbst zu erzeugen, um auch eine größere Bevölkerung über längere Zeit ernähren zu können.	你的维京人必须学会自己生产食物，以便长期养活更多人口。
data_m__data_m__c1_txt__c1_fhll__text_001006.txt	70	Der Boden hier scheint fruchtbar zu sein, und die Kunst des Ackerbaus ist den Wikingern auch nicht fremd. 	Der Boden hier scheint fruchtbar zu sein, und die Kunst des Ackerbaus ist den Wikingern auch nicht fremd.	这里的土地似乎很肥沃，种田对维京人来说也不陌生。
data_m__data_m__c1_txt__c1_fhll__text_001006.txt	80	Im nächsten Tutorial kannst du deshalb Schritt für Schritt lernen, eine stabile, funktionierende Nahrungsversorgung aufzubauen, mit der du auch größere Zivilisationen in Cultures ernähren kannst. 	Im nächsten Tutorial kannst du deshalb Schritt für Schritt lernen, eine stabile, funktionierende Nahrungsversorgung aufzubauen, mit der du auch größere Zivilisationen in Cultures ernähren kannst.	因此在下一个教程中，你可以一步步学习建立稳定运转的食物供应体系，用它来养活更大规模的 Cultures 文明。
data_m__data_m__c1_txt__c1_fhll__text_001006.txt	82	So wirst du bald für jede noch so große Aufgabe im Spiel gut gerüstet zu sein.	So wirst du bald für jede noch so große Aufgabe im Spiel gut gerüstet zu sein.	这样你很快就能为游戏中的任何大任务做好充分准备。
data_m__data_m__c1_txt__c1_fhll__text_001006.txt	90	Das erste Tutorial ist nun beendet. Du kannst nun noch ein wenig weiter probieren, oder gleich mit dem nächsten Teil beginnen.	Das erste Tutorial ist nun beendet. Du kannst nun noch ein wenig weiter probieren, oder gleich mit dem nächsten Teil beginnen.	第一个教程到此结束。你可以继续尝试一下，或者直接开始下一部分。
data_m__data_m__c1_txt__c1_fhll__text_001006.txt	96	Dazu klicke auf der linken Seite auf das Werkzeug-Symbol und wähle 'Zurück zum Hauptmenü'.	Dazu klicke auf der linken Seite auf das Werkzeug-Symbol und wähle 'Zurück zum Hauptmenü'.	为此点击左侧的工具图标并选择'返回主菜单'。
data_m__data_m__c1_txt__c1_fhll__text_001200.txt	32	Herzlich Willkommen beim zweiten Cultures-Tutorial!	Herzlich Willkommen beim zweiten Cultures-Tutorial!	欢迎来到第二个 Cultures 教程！
data_m__data_m__c1_txt__c1_fhll__text_001200.txt	44	Auf einem kleinen, freundlichen Eiland lebt ein kleiner Wikingerstamm.	Auf einem kleinen, freundlichen Eiland lebt ein kleiner Wikingerstamm.	一小支维京部族生活在美丽的小岛上。
data_m__data_m__c1_txt__c1_fhll__text_001200.txt	46	Bis auf das zum Haupthaus umfunktionierten Drachenschiff, den 3 Arbeitern, einem Jäger und drei Bauern, die zusammen mit ihren Frauen in Wohnzelten leben, befindet sich das Dorf noch im Aufbau.	Bis auf das zum Haupthaus umfunktionierten Drachenschiff, den 3 Arbeitern, einem Jäger und drei Bauern, die zusammen mit ihren Frauen in Wohnzelten leben, befindet sich das Dorf noch im Aufbau.	除了改作主营的龙船、3个建筑工人、1个猎人和3个农民及其住在帐篷里的妻子们，村落还在建设中。
data_m__data_m__c1_txt__c1_fhll__text_001200.txt	52	"Ich sehe dunkle Zeiten auf uns zukommen! ruft der Ralf, der Häuptling des Stammes, sorgenvoll. ""Wir sind nun schon so viele, dass uns der Jäger allein bald nicht mehr versorgen kann!"""	"Ich sehe dunkle Zeiten auf uns zukommen! ruft der Ralf, der Häuptling des Stammes, sorgenvoll. ""Wir sind nun schon so viele, dass uns der Jäger allein bald nicht mehr versorgen kann!"""	"我看到黑暗的时代即将来临！部落首领 Ralf 担忧地喊道。""我们的人越来越多了，光靠猎人一个人很快就供不上吃的了！"""
data_m__data_m__c1_txt__c1_fhll__text_001200.txt	58	Dieser zweite Teil des Tutorials baut auf den Spielregeln auf, die du im ersten Teil gelernt hast. Hier sollst du nun mehr über die Zusammenhänge erfahren, die für die Ausbildung deiner Leute und den technischen Fortschritt im Dorf notwendig sind.	Dieser zweite Teil des Tutorials baut auf den Spielregeln auf, die du im ersten Teil gelernt hast. Hier sollst du nun mehr über die Zusammenhänge erfahren, die für die Ausbildung deiner Leute und den technischen Fortschritt im Dorf notwendig sind.	本教程的第二部分建立在你在第一部分学到的规则之上。在这里你将了解更多关于人员培训和技术进步之间关系的内容。
data_m__data_m__c1_txt__c1_fhll__text_001200.txt	64	Um den Einstieg hier einfacher und schneller zu machen, sind einige Häuser und Arbeiter bereits vorgegeben. 	Um den Einstieg hier einfacher und schneller zu machen, sind einige Häuser und Arbeiter bereits vorgegeben.	为了让你更容易快速上手，一些建筑和工人已经预先设置好了。
data_m__data_m__c1_txt__c1_fhll__text_001200.txt	76	Tipp:	Tipp:	提示：
data_m__data_m__c1_txt__c1_fhll__text_001200.txt	84	Baue vor allem nur diejenigen Gebäude, 	Baue vor allem nur diejenigen Gebäude,	只建造那些
data_m__data_m__c1_txt__c1_fhll__text_001200.txt	90	die verlangt werden, da ansonsten die 	die verlangt werden, da ansonsten die	被消耗，否则现有的
data_m__data_m__c1_txt__c1_fhll__text_001200.txt	96	vorhandenen Rohstoffe nicht ausreichen 	vorhandenen Rohstoffe nicht ausreichen	资源将不够用。
data_m__data_m__c1_txt__c1_fhll__text_001200.txt	102	werden.	werden.	会。
data_m__data_m__c1_txt__c1_fhll__text_001200.txt	110	Kümmere dich vorerst noch nicht um die 	Kümmere dich vorerst noch nicht um die	暂时不要管
data_m__data_m__c1_txt__c1_fhll__text_001200.txt	116	Meldungen, dass die Frauen heiraten 	Meldungen, dass die Frauen heiraten	女人们想要结婚的消息
data_m__data_m__c1_txt__c1_fhll__text_001200.txt	122	wollen. Dazu  werden wir im weiteren 	wollen. Dazu  werden wir im weiteren	为此我们将在接下来的
data_m__data_m__c1_txt__c1_fhll__text_001200.txt	128	Verlauf des Tutorials noch kommen.	Verlauf des Tutorials noch kommen.	教程后续过程中出现。
data_m__data_m__c1_txt__c1_fhll__text_001200.txt	138	ZIEL:	ZIEL:	目标：
data_m__data_m__c1_txt__c1_fhll__text_001200.txt	142	Deine Aufgabe besteht nun darin, möglichst schnell eine funktionierende dauerhafte Nahrungsversorgung aufzubauen, bevor die Vorräte im Schiff verbraucht sind und der Jäger kein Wild mehr findet - das Fundament einer jeden Cultures Gesellschaft!	Deine Aufgabe besteht nun darin, möglichst schnell eine funktionierende dauerhafte Nahrungsversorgung aufzubauen, bevor die Vorräte im Schiff verbraucht sind und der Jäger kein Wild mehr findet - das Fundament einer jeden Cultures Gesellschaft!	你的任务是尽快建立运转良好的持久食物供应体系，在船上物资耗尽、猎人找不到猎物之前——这是每个 Cultures 社会的基础！
data_m__data_m__c1_txt__c1_fhll__text_001200.txt	156	Klicke nun bitte auf:  	Klicke nun bitte auf:	请点击：
data_m__data_m__c1_txt__c1_fhll__text_001200.txt	160	<globaljump:000, 001201, 00>'WEITER'	'WEITER'	'继续'
data_m__data_m__c1_txt__c1_fhll__text_001201.txt	32	Aus den zwei Hütten des ersten Tutorials ist nun schon ein beachtliches kleines Dorf gewachsen. Sven, der Jäger, ernährt noch immer ganz alleine sämtliche Einwohner. Doch alle wissen, dass die vorhandenen Nahrungsquellen nach einiger Zeit erschöpft sein werden. Irgendwann wird dein Jäger in der Nähe seiner Jagdhütte kaum noch Wild finden und auch andere Quellen wie Fischgründe und Beerenbüsche können dein Volk nicht mehr ernähren. 	Aus den zwei Hütten des ersten Tutorials ist nun schon ein beachtliches kleines Dorf gewachsen. Sven, der Jäger, ernährt noch immer ganz alleine sämtliche Einwohner. Doch alle wissen, dass die vorhandenen Nahrungsquellen nach einiger Zeit erschöpft sein werden. Irgendwann wird dein Jäger in der Nähe seiner Jagdhütte kaum noch Wild finden und auch andere Quellen wie Fischgründe und Beerenbüsche können dein Volk nicht mehr ernähren.	从第一个教程的两间小屋，现在已经发展成一个不小村庄了。猎人 Sven 仍然独自养活所有居民。但大家都知道，现有的食物来源过一段时间后会耗尽。猎人在狩猎小屋附近迟早找不到猎物，其他来源如渔场和浆果灌木也无法养活族人。
data_m__data_m__c1_txt__c1_fhll__text_001201.txt	38	Daher hat Ralf mit zwei anderen eine kleine Farm aufgebaut, und mittlerweile haben sie es sogar schon zu Farmermeistern gebracht. Wenn man das Getreide, das hier wächst, mahlen und das Mehl dann zu Brot verarbeiten könnte, wäre für ausreichend Nahrung gesorgt. Und da Getreide nachwächst, hätte man eine quasi unendlich ergiebige Nahrungsquelle erschlossen...	Daher hat Ralf mit zwei anderen eine kleine Farm aufgebaut, und mittlerweile haben sie es sogar schon zu Farmermeistern gebracht. Wenn man das Getreide, das hier wächst, mahlen und das Mehl dann zu Brot verarbeiten könnte, wäre für ausreichend Nahrung gesorgt. Und da Getreide nachwächst, hätte man eine quasi unendlich ergiebige Nahrungsquelle erschlossen...	因此 Ralf 和另外两人建了一个小农场，现在他们甚至已经成为农场大师了。如果能把这里生长的谷物磨成面粉再做成面包，食物就有了保障。而且谷物可以再生，就等于开辟了几乎无限的食物来源……
data_m__data_m__c1_txt__c1_fhll__text_001201.txt	44	Der nächste Schritt wäre also nun, eine Mühle für das Korn zu errichten. Lasse die Bauarbeiter daher eine Mühle in der Nähe des Bauernhofes und der Wohnhäuser bauen.	Der nächste Schritt wäre also nun, eine Mühle für das Korn zu errichten. Lasse die Bauarbeiter daher eine Mühle in der Nähe des Bauernhofes und der Wohnhäuser bauen.	下一步就是建一座磨坊来处理谷物。让建筑工在农场和住宅附近建一座磨坊。
data_m__data_m__c1_txt__c1_fhll__text_001201.txt	56	Tipp:	Tipp:	提示：
data_m__data_m__c1_txt__c1_fhll__text_001201.txt	64	Je größer die Gebäude werden, desto 	Je größer die Gebäude werden, desto	建筑越大，
data_m__data_m__c1_txt__c1_fhll__text_001201.txt	70	mehr Baufläche benötigen sie. Die 	mehr Baufläche benötigen sie. Die	需要的建造面积就越大。
data_m__data_m__c1_txt__c1_fhll__text_001201.txt	76	helleren Flächen, die jetzt 	helleren Flächen, die jetzt	较亮的区域，现在
data_m__data_m__c1_txt__c1_fhll__text_001201.txt	82	erscheinen, zeigen wieder 	erscheinen, zeigen wieder	出现的亮色区域再次显示
data_m__data_m__c1_txt__c1_fhll__text_001201.txt	88	die möglichen Bauplätze an, 	die möglichen Bauplätze an,	可能的建造位置，
data_m__data_m__c1_txt__c1_fhll__text_001201.txt	94	die dunkleren Flächen sind 	die dunkleren Flächen sind	较暗的区域是
data_m__data_m__c1_txt__c1_fhll__text_001201.txt	98	<icon:50	<icon:50	<icon:50
data_m__data_m__c1_txt__c1_fhll__text_001201.txt	100	>für die Mühle als Bauplatz 	>für die Mühle als Bauplatz	>作为磨坊的建造位置
data_m__data_m__c1_txt__c1_fhll__text_001201.txt	106	ungeeignet.	ungeeignet.	不适合。
data_m__data_m__c1_txt__c1_fhll__text_001201.txt	114	Wähle den Platz wiederum mit Bedacht. 	Wähle den Platz wiederum mit Bedacht.	再次谨慎选择地点。
data_m__data_m__c1_txt__c1_fhll__text_001201.txt	120	Nicht zu weit weg vom 	Nicht zu weit weg vom	不要太远离
data_m__data_m__c1_txt__c1_fhll__text_001201.txt	126	Hauptlager, in das ein Müller 	Hauptlager, in das ein Müller	主营地，让磨坊主
data_m__data_m__c1_txt__c1_fhll__text_001201.txt	132	überschüssiges Mehl bringen 	überschüssiges Mehl bringen	多余的面粉送去，
data_m__data_m__c1_txt__c1_fhll__text_001201.txt	138	wird, aber auch nicht zu weit 	wird, aber auch nicht zu weit	但也不要太远
data_m__data_m__c1_txt__c1_fhll__text_001201.txt	144	weg vom Bauernhof, von dem er 	weg vom Bauernhof, von dem er	离农场太远，他要从
data_m__data_m__c1_txt__c1_fhll__text_001201.txt	150	das Korn bekommt.	das Korn bekommt.	那里获取谷物。
data_m__data_m__c1_txt__c1_fhll__text_001201.txt	158	Und da du einen der Farmer zum Müller 	Und da du einen der Farmer zum Müller	既然你要把一个农场主变成磨坊主
data_m__data_m__c1_txt__c1_fhll__text_001201.txt	164	ausbilden wirst, wäre auch die 	ausbilden wirst, wäre auch die	要培训的人，也最好
data_m__data_m__c1_txt__c1_fhll__text_001201.txt	170	Nähe zu dessen Wohnzelt 	Nähe zu dessen Wohnzelt	靠近他的居住帐篷
data_m__data_m__c1_txt__c1_fhll__text_001201.txt	176	günstig... 	günstig...	合适……
data_m__data_m__c1_txt__c1_fhll__text_001201.txt	184	Denke immer daran: Je größer die 	Denke immer daran: Je größer die	永远记住：距离
data_m__data_m__c1_txt__c1_fhll__text_001201.txt	188	<icon:50>Entfernungen sind, desto mehr 	Entfernungen sind, desto mehr	距离越远，你的维京人就
data_m__data_m__c1_txt__c1_fhll__text_001201.txt	192	<icon:50>Zeit verlieren deine Wikinger 	Zeit verlieren deine Wikinger	在赶路上损失更多时间
data_m__data_m__c1_txt__c1_fhll__text_001201.txt	196	<icon:50>durch die Wege, die sie 	durch die Wege, die sie	因为他们走的路
data_m__data_m__c1_txt__c1_fhll__text_001201.txt	200	<icon:50>zurücklegen müssen. 	zurücklegen müssen.	<icon:50>必须走的路越长。
data_m__data_m__c1_txt__c1_fhll__text_001201.txt	212	          * Baue eine Mühle	* Baue eine Mühle	          * 建一座磨坊
data_m__data_m__c1_txt__c1_fhll__text_001201.txt	222	Deine Bauarbeiter beginnen nun das Haus zu bauen. Dazu bedienen sie sich vorerst der knappen Vorräte im Schiff.	Deine Bauarbeiter beginnen nun das Haus zu bauen. Dazu bedienen sie sich vorerst der knappen Vorräte im Schiff.	你的建筑工开始建造房屋。他们先使用船上有限的物资。
data_m__data_m__c1_txt__c1_fhll__text_001202.txt	32	Deine Bauarbeiter haben nun die Mühle errichtet, dessen imposante Windflügel dein ganzes Dorf überragen.	Deine Bauarbeiter haben nun die Mühle errichtet, dessen imposante Windflügel dein ganzes Dorf überragen.	你的建筑工现在建好了磨坊，巨大的风翼高耸于整个村落之上。
data_m__data_m__c1_txt__c1_fhll__text_001202.txt	38	Um die Mühle betreiben zu können, brauchen wir nun einen Müller.	Um die Mühle betreiben zu können, brauchen wir nun einen Müller.	要运转磨坊，我们现在需要一个磨坊工。
data_m__data_m__c1_txt__c1_fhll__text_001202.txt	40	Ralf als Farmermeister, hat dazu die nötige Ausbildung. Sag ihm also, dass er von nun an als Müller (Zahnradsymbol) in der Mühle (Hammersymbol) arbeiten soll. 	Ralf als Farmermeister, hat dazu die nötige Ausbildung. Sag ihm also, dass er von nun an als Müller (Zahnradsymbol) in der Mühle (Hammersymbol) arbeiten soll.	Ralf 作为农民大师，有必要的技能。告诉他从现在起以磨坊工身份（齿轮图标）在磨坊（锤子图标）工作。
data_m__data_m__c1_txt__c1_fhll__text_001202.txt	52	Tipp:	Tipp:	提示：
data_m__data_m__c1_txt__c1_fhll__text_001202.txt	60	Die übliche Vorgehensweise im 	Die übliche Vorgehensweise im	通常的流程是
data_m__data_m__c1_txt__c1_fhll__text_001202.txt	66	Spiel wäre, erst einen Bauernhof 	Spiel wäre, erst einen Bauernhof	游戏应该先建一个农场
data_m__data_m__c1_txt__c1_fhll__text_001202.txt	72	zu bauen, um dort einen 	zu bauen, um dort einen	建造一个
data_m__data_m__c1_txt__c1_fhll__text_001202.txt	78	Farmer arbeiten zu 	Farmer arbeiten zu	让农民
data_m__data_m__c1_txt__c1_fhll__text_001202.txt	84	lassen, bis dieser die 	lassen, bis dieser die	工作，直到他
data_m__data_m__c1_txt__c1_fhll__text_001202.txt	90	nötige Erfahrung zum 	nötige Erfahrung zum	必要经验来
data_m__data_m__c1_txt__c1_fhll__text_001202.txt	96	Farmermeister gesammelt 	Farmermeister gesammelt	农场大师积累的经验
data_m__data_m__c1_txt__c1_fhll__text_001202.txt	102	hat. 	hat.	了。
data_m__data_m__c1_txt__c1_fhll__text_001202.txt	110	Erst wenn er Farmermeister geworden 	Erst wenn er Farmermeister geworden	只有当他成为农场大师
data_m__data_m__c1_txt__c1_fhll__text_001202.txt	116	ist, kann er dann darauf 	ist, kann er dann darauf	之后他可以
data_m__data_m__c1_txt__c1_fhll__text_001202.txt	122	aufbauend neue, 	aufbauend neue,	在此基础上学习新的
data_m__data_m__c1_txt__c1_fhll__text_001202.txt	128	weiterführende Berufe in 	weiterführende Berufe in	进阶职业在
data_m__data_m__c1_txt__c1_fhll__text_001202.txt	134	diesem Berufszweig lernen. 	diesem Berufszweig lernen.	这个职业方向学习。
data_m__data_m__c1_txt__c1_fhll__text_001202.txt	140	Hier z.B. den Beruf des Müllers. 	Hier z.B. den Beruf des Müllers.	这里例如磨坊主的职业。
data_m__data_m__c1_txt__c1_fhll__text_001202.txt	148	Und erst, wenn es mindestens einen 	Und erst, wenn es mindestens einen	而且只有当至少有一个
data_m__data_m__c1_txt__c1_fhll__text_001202.txt	154	Farmermeister im Dorf gibt, 	Farmermeister im Dorf gibt,	村子里有农场大师，
data_m__data_m__c1_txt__c1_fhll__text_001202.txt	160	können weiterentwickelte Gebäude, 	können weiterentwickelte Gebäude,	才能建造更高级的建筑，
data_m__data_m__c1_txt__c1_fhll__text_001202.txt	166	wie z.B. die Mühle, überhaupt 	wie z.B. die Mühle, überhaupt	比如磨坊，才能
data_m__data_m__c1_txt__c1_fhll__text_001202.txt	172	erst gebaut werden! 	erst gebaut werden!	被建造！
data_m__data_m__c1_txt__c1_fhll__text_001202.txt	180	Über das Zahnradsymbol am linken 	Über das Zahnradsymbol am linken	通过左侧的齿轮图标
data_m__data_m__c1_txt__c1_fhll__text_001202.txt	186	Bildschirmrand (Technologiebaum) 	Bildschirmrand (Technologiebaum)	（科技树）
data_m__data_m__c1_txt__c1_fhll__text_001202.txt	192	kannst du dir die in der jeweiligen 	kannst du dir die in der jeweiligen	你可以查看当前任务中
data_m__data_m__c1_txt__c1_fhll__text_001202.txt	198	Mission möglichen Entwicklungszweige 	Mission möglichen Entwicklungszweige	可选的发展分支
data_m__data_m__c1_txt__c1_fhll__text_001202.txt	204	anzeigen lassen. 	anzeigen lassen.	并显示出来。
data_m__data_m__c1_txt__c1_fhll__text_001202.txt	214	          * Mache Ralf zum Müller und lasse ihn in der Mühle arbeiten.	* Mache Ralf zum Müller und lasse ihn in der Mühle arbeiten.	          * 让 Ralf 成为磨坊工并在磨坊工作。
data_m__data_m__c1_txt__c1_fhll__text_001202.txt	218		  * Beobachte, wie er zum Müllermeister wird.	  * 观察他如何成为磨坊大师。
data_m__data_m__c1_txt__c1_fhll__text_001202.txt	228	Die großen Mühlenflügel beginnen sich zu drehen und Ralf beginnt, Getreide zu Mehl zu mahlen.	Die großen Mühlenflügel beginnen sich zu drehen und Ralf beginnt, Getreide zu Mehl zu mahlen.	巨大的磨坊风翼开始转动，Ralf 开始将谷物磨成面粉。
data_m__data_m__c1_txt__c1_fhll__text_001202.txt	230	Während Ralf nun den Beruf des Müllermeisters erlernt, kannst du ihn bei seiner Arbeit beobachten. Im Figurenfenster kannst du verfolgen, wie seine Erfahrung zunimmt und er bei 100% zum Müllermeister wird. Wenn es soweit ist, ertönt ein feierlicher Tusch.	Während Ralf nun den Beruf des Müllermeisters erlernt, kannst du ihn bei seiner Arbeit beobachten. Im Figurenfenster kannst du verfolgen, wie seine Erfahrung zunimmt und er bei 100% zum Müllermeister wird. Wenn es soweit ist, ertönt ein feierlicher Tusch.	当 Ralf 正在学习磨坊大师职业时，你可以观察他工作。在人物窗口中追踪他的经验增长，当达到100%时他就成为磨坊大师。届时会响起一段庄严的号角声。
data_m__data_m__c1_txt__c1_fhll__text_001203.txt	32	Ralf ist nun Müllermeister. Er hat nun alles gelernt, was es über die Arbeit mit Getreide und Mehl zu wissen gibt. Begierig, etwas Neues auszuprobieren, würde er jetzt gerne das Brotbacken erlernen. Lasse deine Bauarbeiter daher eine Bäckerei in der Nähe der Mühle und der Wohnzelte bauen. 	Ralf ist nun Müllermeister. Er hat nun alles gelernt, was es über die Arbeit mit Getreide und Mehl zu wissen gibt. Begierig, etwas Neues auszuprobieren, würde er jetzt gerne das Brotbacken erlernen. Lasse deine Bauarbeiter daher eine Bäckerei in der Nähe der Mühle und der Wohnzelte bauen.	Ralf 现在是磨坊大师了。他已经学会了关于谷物和面粉的一切。渴望尝试新事物的他，现在想学烤面包。让你的建筑工在磨坊和居住帐篷附近建一座面包房。
data_m__data_m__c1_txt__c1_fhll__text_001203.txt	44	Tipp:	Tipp:	提示：
data_m__data_m__c1_txt__c1_fhll__text_001203.txt	52	Erst wenn der Bäcker beginnt, Brot 	Erst wenn der Bäcker beginnt, Brot	只有当面包师开始烤面包
data_m__data_m__c1_txt__c1_fhll__text_001203.txt	58	zu backen, kann er seinen Teil zur 	zu backen, kann er seinen Teil zur	烤面包时，他才能为
data_m__data_m__c1_txt__c1_fhll__text_001203.txt	64	Nahrungsversorgung der 	Nahrungsversorgung der	食物供应
data_m__data_m__c1_txt__c1_fhll__text_001203.txt	70	Wikinger beitragen. Du 	Wikinger beitragen. Du	维京人做贡献。你
data_m__data_m__c1_txt__c1_fhll__text_001203.txt	76	kannst  jetzt bereits 	kannst  jetzt bereits	你现在已经可以
data_m__data_m__c1_txt__c1_fhll__text_001203.txt	82	erkennen, dass es bis dahin 	erkennen, dass es bis dahin	看到，要到那一步
data_m__data_m__c1_txt__c1_fhll__text_001203.txt	88	einer Menge Arbeit und viel 	einer Menge Arbeit und viel	还需要大量工作和
data_m__data_m__c1_txt__c1_fhll__text_001203.txt	94	Zeit bedarf. 	Zeit bedarf.	很多时间。
data_m__data_m__c1_txt__c1_fhll__text_001203.txt	102	Als Ausgleich 	Als Ausgleich	作为补偿
data_m__data_m__c1_txt__c1_fhll__text_001203.txt	108	dafür kannst du aber mit 	dafür kannst du aber mit	但你可以用
data_m__data_m__c1_txt__c1_fhll__text_001203.txt	114	einem gut funktionierenden 	einem gut funktionierenden	一个运转良好的
data_m__data_m__c1_txt__c1_fhll__text_001203.txt	120	System von mehreren Bauern, 	System von mehreren Bauern,	多个农场主的系统，
data_m__data_m__c1_txt__c1_fhll__text_001203.txt	126	Müllern und Bäckern eine 	Müllern und Bäckern eine	磨坊工和面包师组成一个
data_m__data_m__c1_txt__c1_fhll__text_001203.txt	132	fast beliebig große Anzahl 	fast beliebig große Anzahl	几乎无限数量
data_m__data_m__c1_txt__c1_fhll__text_001203.txt	138	von Einwohnern ernähren.	von Einwohnern ernähren.	养活居民。
data_m__data_m__c1_txt__c1_fhll__text_001203.txt	148	          * Baue eine Bäckerei	* Baue eine Bäckerei	          * 建一座面包房
data_m__data_m__c1_txt__c1_fhll__text_001203.txt	156	In mehreren Bauetappen wird nun das neue Gebäude vor deinen Augen errichtet.	In mehreren Bauetappen wird nun das neue Gebäude vor deinen Augen errichtet.	经过多个建造阶段，新建筑将在你眼前建成。
data_m__data_m__c1_txt__c1_fhll__text_001204.txt	32	Die Bäckerei ist nun fertig. Doch ohne Wasser für den Teig kann man kein Brot backen. Also sag deinen Bauarbeitern, dass sie in der Nähe der Bäckerei einen Brunnen bauen sollen.	Die Bäckerei ist nun fertig. Doch ohne Wasser für den Teig kann man kein Brot backen. Also sag deinen Bauarbeitern, dass sie in der Nähe der Bäckerei einen Brunnen bauen sollen.	面包房建好了。但没有水和面就没法烤面包。让建筑工在面包房附近建一口井。
data_m__data_m__c1_txt__c1_fhll__text_001204.txt	44	Tipp:	Tipp:	提示：
data_m__data_m__c1_txt__c1_fhll__text_001204.txt	52	Um einen Brunnen bauen zu können, 	Um einen Brunnen bauen zu können,	要建造一口井，
data_m__data_m__c1_txt__c1_fhll__text_001204.txt	58	muss Wasser im Boden vorhanden 	muss Wasser im Boden vorhanden	土壤中必须有水
data_m__data_m__c1_txt__c1_fhll__text_001204.txt	64	sein. Ist dies nicht der Fall, 	sein. Ist dies nicht der Fall,	。如果不是这样，
data_m__data_m__c1_txt__c1_fhll__text_001204.txt	70	können deine Bauarbeiter auch nach 	können deine Bauarbeiter auch nach	你的建筑工也可以去
data_m__data_m__c1_txt__c1_fhll__text_001204.txt	76	Wasseradern graben. Wähle dazu im 	Wasseradern graben. Wähle dazu im	挖掘水脉。在
data_m__data_m__c1_txt__c1_fhll__text_001204.txt	82	Bau-Menü den Punkt 'Grabe nach 	Bau-Menü den Punkt 'Grabe nach	建造菜单中选择'挖掘
data_m__data_m__c1_txt__c1_fhll__text_001204.txt	88	Wasser' und setze den Start- und 	Wasser' und setze den Start- und	水源'并设置起点和
data_m__data_m__c1_txt__c1_fhll__text_001204.txt	94	Endpunkt dort, wo gegraben werden 	Endpunkt dort, wo gegraben werden	终点设在要挖掘的
data_m__data_m__c1_txt__c1_fhll__text_001204.txt	100	soll.	soll.	应该。
data_m__data_m__c1_txt__c1_fhll__text_001204.txt	108	Reicht das Wasser aus, kannst du 	Reicht das Wasser aus, kannst du	如果水够用，你可以
data_m__data_m__c1_txt__c1_fhll__text_001204.txt	114	auf den kleinen Wasserlöchern das 	auf den kleinen Wasserlöchern das	在小的水坑处
data_m__data_m__c1_txt__c1_fhll__text_001204.txt	118	<icon:50>Brunnengebäude bauen. 	Brunnengebäude bauen.	建造水井建筑。
data_m__data_m__c1_txt__c1_fhll__text_001204.txt	124	<icon:50>Ob der Brunnen hinterher 	Ob der Brunnen hinterher	水井之后是否
data_m__data_m__c1_txt__c1_fhll__text_001204.txt	130	im Betrieb auch genug Wasser abgibt, 	im Betrieb auch genug Wasser abgibt,	运行时是否提供足够的水，
data_m__data_m__c1_txt__c1_fhll__text_001204.txt	136	siehst du daran, ob sich die kleinen 	siehst du daran, ob sich die kleinen	你可以看到小
data_m__data_m__c1_txt__c1_fhll__text_001204.txt	142	Eimer davor langsam füllen. 	Eimer davor langsam füllen.	前面的水桶慢慢装满。
data_m__data_m__c1_txt__c1_fhll__text_001204.txt	148	Geschieht dies 	Geschieht dies	如果发生了这种情况
data_m__data_m__c1_txt__c1_fhll__text_001204.txt	154	nicht, lasse die Bauarbeiter um den 	nicht, lasse die Bauarbeiter um den	不，让建筑工在
data_m__data_m__c1_txt__c1_fhll__text_001204.txt	160	Brunnen herum weiter graben.	Brunnen herum weiter graben.	水井周围继续挖掘。
data_m__data_m__c1_txt__c1_fhll__text_001204.txt	170	          * Grabe nach Wasser und baue einen Brunnen	* Grabe nach Wasser und baue einen Brunnen	* 挖掘水源并建造一口水井
data_m__data_m__c1_txt__c1_fhll__text_001205.txt	32	Der Brunnen sprudelt nun lustig vor sich hin. 	Der Brunnen sprudelt nun lustig vor sich hin.	水井现在欢快地冒着水。
data_m__data_m__c1_txt__c1_fhll__text_001205.txt	34	Nun könntest du Ralf eigentlich bitten, dass er als Bäcker in der Bäckerei arbeiten soll. 	Nun könntest du Ralf eigentlich bitten, dass er als Bäcker in der Bäckerei arbeiten soll.	现在你可以让 Ralf 在面包房当面包师了。
data_m__data_m__c1_txt__c1_fhll__text_001205.txt	36	Doch wenn Ralf künftig als Bäcker arbeitet, steht die Mühle wieder leer!	Doch wenn Ralf künftig als Bäcker arbeitet, steht die Mühle wieder leer!	但如果 Ralf 以后当面包师，磨坊就空了！
data_m__data_m__c1_txt__c1_fhll__text_001205.txt	42	Es wäre möglich, einem anderen Farmermeister zu sagen, er solle als Müller arbeiten, doch da in deinem Dorf wahrscheinlich noch kein anderer Wikinger soviel Erfahrung hat, wollen wir einen neuen Weg ausprobieren - die Schule!	Es wäre möglich, einem anderen Farmermeister zu sagen, er solle als Müller arbeiten, doch da in deinem Dorf wahrscheinlich noch kein anderer Wikinger soviel Erfahrung hat, wollen wir einen neuen Weg ausprobieren - die Schule!	可以叫另一个农民大师去当磨坊工，但你的村里可能还没有别的维京人有那么多经验，所以我们来试试一个新方法——学校！
data_m__data_m__c1_txt__c1_fhll__text_001205.txt	48	In einer Schule können Wikinger einen Beruf sehr schnell und einfach erlernen. Weise daher nun einen deiner Bauarbeiter an, ein Schulgebäude zu errichten.	In einer Schule können Wikinger einen Beruf sehr schnell und einfach erlernen. Weise daher nun einen deiner Bauarbeiter an, ein Schulgebäude zu errichten.	在学校里维京人可以非常快速简单地学习一个职业。让一个建筑工去建一座学校。
data_m__data_m__c1_txt__c1_fhll__text_001205.txt	60	Tipp:	Tipp:	提示：
data_m__data_m__c1_txt__c1_fhll__text_001205.txt	68	Hat einer deiner Wikinger in 	Hat einer deiner Wikinger in	如果你的一个维京人
data_m__data_m__c1_txt__c1_fhll__text_001205.txt	74	seinem Beruf lange genug ohne 	seinem Beruf lange genug ohne	在他的职业中持续工作了
data_m__data_m__c1_txt__c1_fhll__text_001205.txt	80	Unterbrechung gearbeitet und 	Unterbrechung gearbeitet und	足够长的时间并
data_m__data_m__c1_txt__c1_fhll__text_001205.txt	86	wertvolle Erfahrungen gesammelt, 	wertvolle Erfahrungen gesammelt,	积累了宝贵的经验，
data_m__data_m__c1_txt__c1_fhll__text_001205.txt	92	bekommt er einen Meistertitel 	bekommt er einen Meistertitel	他会获得大师
data_m__data_m__c1_txt__c1_fhll__text_001205.txt	98	verliehen. Dieses Wissen kann er 	verliehen. Dieses Wissen kann er	称号。他可以把这些知识
data_m__data_m__c1_txt__c1_fhll__text_001205.txt	104	weitergeben, indem er es in Form 	weitergeben, indem er es in Form	以卷轴的形式
data_m__data_m__c1_txt__c1_fhll__text_001205.txt	110	von Schriftrollen in einer Schule 	von Schriftrollen in einer Schule	存放在学校里。
data_m__data_m__c1_txt__c1_fhll__text_001205.txt	116	hinterlegt. Dort kann nun jeder 	hinterlegt. Dort kann nun jeder	在那里每个
data_m__data_m__c1_txt__c1_fhll__text_001205.txt	122	Wikinger in kurzer Zeit ebenfalls 	Wikinger in kurzer Zeit ebenfalls	维京人都能在短时间内
data_m__data_m__c1_txt__c1_fhll__text_001205.txt	128	diesen Beruf erlernen, ohne ihn 	diesen Beruf erlernen, ohne ihn	学到这个职业，而不需要
data_m__data_m__c1_txt__c1_fhll__text_001205.txt	134	sich erst mühselig erarbeiten zu 	sich erst mühselig erarbeiten zu	辛苦地
data_m__data_m__c1_txt__c1_fhll__text_001205.txt	140	müssen. Er wird die Schule dann 	müssen. Er wird die Schule dann	。他将然后去学校
data_m__data_m__c1_txt__c1_fhll__text_001205.txt	146	sogar direkt als Meister seines 	sogar direkt als Meister seines	甚至可以直接以
data_m__data_m__c1_txt__c1_fhll__text_001205.txt	152	Fachs verlassen.	Fachs verlassen.	大师身份毕业。
data_m__data_m__c1_txt__c1_fhll__text_001205.txt	164	          * Baue eine Schule	* Baue eine Schule	          * 建一所学校
data_m__data_m__c1_txt__c1_fhll__text_001206.txt	32	Die Schule mit der Glocke am Eingang  steht nun bereit. Lasse einen der Bauarbeiter dort jetzt den Beruf des Müllermeisters erlernen.	Die Schule mit der Glocke am Eingang  steht nun bereit. Lasse einen der Bauarbeiter dort jetzt den Beruf des Müllermeisters erlernen.	入口处有钟的学校已经准备好了。让一个建筑工去那里学习磨坊大师职业。
data_m__data_m__c1_txt__c1_fhll__text_001206.txt	44	Tipp:	Tipp:	提示：
data_m__data_m__c1_txt__c1_fhll__text_001206.txt	52	Um jemanden in der Schule auszubilden, 	Um jemanden in der Schule auszubilden,	要在学校培训某人，
data_m__data_m__c1_txt__c1_fhll__text_001206.txt	58	schicke ihn  mit dem Hammersymbol in 	schicke ihn  mit dem Hammersymbol in	用锤子图标把他送到
data_m__data_m__c1_txt__c1_fhll__text_001206.txt	64	die Schule. Ist er dort angelangt, 	die Schule. Ist er dort angelangt,	学校。到达后，
data_m__data_m__c1_txt__c1_fhll__text_001206.txt	70	klicke auf das Schulgebäude. Wähle dort 	klicke auf das Schulgebäude. Wähle dort	点击学校建筑。在那里
data_m__data_m__c1_txt__c1_fhll__text_001206.txt	76	im linken Fenster den Wikinger an und 	im linken Fenster den Wikinger an und	在左侧窗口选择维京人，
data_m__data_m__c1_txt__c1_fhll__text_001206.txt	82	klicke dann auf der rechten Seite auf 	klicke dann auf der rechten Seite auf	然后在右侧点击
data_m__data_m__c1_txt__c1_fhll__text_001206.txt	88	den Beruf, den er erlernen soll. 	den Beruf, den er erlernen soll.	他要学的职业。
data_m__data_m__c1_txt__c1_fhll__text_001206.txt	96	In unserem Fall ist das der Beruf 	In unserem Fall ist das der Beruf	在我们的情况下，职业是
data_m__data_m__c1_txt__c1_fhll__text_001206.txt	102	'Müllermeister'.	'Müllermeister'.	'磨坊大师'。
data_m__data_m__c1_txt__c1_fhll__text_001206.txt	110	Nachdem die Ausbildungszeit vorbei ist 	Nachdem die Ausbildungszeit vorbei ist	培训时间结束后
data_m__data_m__c1_txt__c1_fhll__text_001206.txt	116	(zu erkennen am Verlaufsbalken unter der 	(zu erkennen am Verlaufsbalken unter der	（通过人物下方的进度条判断）
data_m__data_m__c1_txt__c1_fhll__text_001206.txt	122	Figur), wird der ehemalige Bauarbeiter 	Figur), wird der ehemalige Bauarbeiter	前建筑工就会
data_m__data_m__c1_txt__c1_fhll__text_001206.txt	128	als Müllermeister verlassen.	als Müllermeister verlassen.	以磨坊大师身份离开。
data_m__data_m__c1_txt__c1_fhll__text_001206.txt	138	Ralf hat nun einen Nachfolger. Jetzt kannst du ihn endlich zum Bäcker werden lassen (Zahnradsymbol) und ihm die leerstehende Bäckerei als Arbeitsplatz zuweisen. Danach kannst du den neuen Müller in die Mühle schicken (Hammersymbol).	Ralf hat nun einen Nachfolger. Jetzt kannst du ihn endlich zum Bäcker werden lassen (Zahnradsymbol) und ihm die leerstehende Bäckerei als Arbeitsplatz zuweisen. Danach kannst du den neuen Müller in die Mühle schicken (Hammersymbol).	Ralf 现在有接班人了。你终于可以让他当面包师（齿轮图标），把空着的面包房分配给他。然后把新磨坊工送到磨坊（锤子图标）。
data_m__data_m__c1_txt__c1_fhll__text_001206.txt	146	          * Lasse Ralf zum Bäcker werden und schicke ihn in die Bäckerei, um Meister zu werden.	* Lasse Ralf zum Bäcker werden und schicke ihn in die Bäckerei, um Meister zu werden.	          * 让 Ralf 成为面包师并去面包房工作，直到成为大师。
data_m__data_m__c1_txt__c1_fhll__text_001206.txt	150	          * Sag dem neuen Müller, dass er in der Mühle arbeiten soll.	* Sag dem neuen Müller, dass er in der Mühle arbeiten soll.	          * 告诉新磨坊工去磨坊工作。
data_m__data_m__c1_txt__c1_fhll__text_001206.txt	158	Ralf beginnt eifrig, Brot zu backen. Ist er Meister geworden, ertönt wiederum ein Tusch, der für unser kleines Tutorial auch gleichzeitig das Erreichen des Zieles signalisiert.	Ralf beginnt eifrig, Brot zu backen. Ist er Meister geworden, ertönt wiederum ein Tusch, der für unser kleines Tutorial auch gleichzeitig das Erreichen des Zieles signalisiert.	Ralf 开始认真地烤面包。当他成为大师时，会再次响起号角声，对我们的小教程来说这也意味着目标达成。
data_m__data_m__c1_txt__c1_fhll__text_001207.txt	32	Ralf ist nun Bäckermeister! Herzlichen Glückwunsch! 	Ralf ist nun Bäckermeister! Herzlichen Glückwunsch!	Ralf 现在是面包大师了！恭喜！
data_m__data_m__c1_txt__c1_fhll__text_001207.txt	40	Deine Wikinger haben nun eine funktionierende Nahrungskette. Der Stamm ist jetzt mit allem Lebensnotwendigen versorgt und kann sich den anderen Dingen des Lebens widmen.	Deine Wikinger haben nun eine funktionierende Nahrungskette. Der Stamm ist jetzt mit allem Lebensnotwendigen versorgt und kann sich den anderen Dingen des Lebens widmen.	你的维京人现在有了运转良好的食物链。部族已获得一切生活必需品，可以专注于其他事务了。
data_m__data_m__c1_txt__c1_fhll__text_001207.txt	42	Du hast nun die nötigen Grundlagen, um auch im weiteren Spielverlauf jede noch so große Aufgabe bewältigen zu können. Gut gemacht! 	Du hast nun die nötigen Grundlagen, um auch im weiteren Spielverlauf jede noch so große Aufgabe bewältigen zu können. Gut gemacht!	你已经掌握了必要的基础知识，可以在后续游戏中应对任何大任务了。做得好！
data_m__data_m__c1_txt__c1_fhll__text_001207.txt	48	Im Lauf des Spiels wirst du noch viele neue Dinge entdecken, die den Wikingern das Leben erleichtern. Bald stehen ihnen Werkzeuge, Möbel, Geschirr und andere wichtige Dinge zur Verfügung. Auch können sie bald mit fremden Völkern Handel treiben oder Kriege führen. Immer entscheidend ist jedoch, wie gut der einzelne ausgebildet und ausgerüstet ist. Je besser es einem Wikinger geht, desto motivierter und effektiver wird er seine jeweilige Aufgabe wahrnehmen.	Im Lauf des Spiels wirst du noch viele neue Dinge entdecken, die den Wikingern das Leben erleichtern. Bald stehen ihnen Werkzeuge, Möbel, Geschirr und andere wichtige Dinge zur Verfügung. Auch können sie bald mit fremden Völkern Handel treiben oder Kriege führen. Immer entscheidend ist jedoch, wie gut der einzelne ausgebildet und ausgerüstet ist. Je besser es einem Wikinger geht, desto motivierter und effektiver wird er seine jeweilige Aufgabe wahrnehmen.	在游戏过程中你还会发现许多让维京人生活更轻松的新事物。很快他们就能使用工具、家具、器皿和其他重要物品了。他们也将很快能与其他民族进行贸易或战争。但关键是每个人受训练和装备的程度。维京人过得越好，就越有动力、越高效地完成各自的任务。
data_m__data_m__c1_txt__c1_fhll__text_001207.txt	54	So, zum Schluss kannst du noch ein wenig herumprobieren. In einigen der Gebäude kannst du zum Beispiel zusätzlich noch Träger arbeiten lassen. Diese können die Arbeiter dort wesentlich entlasten, indem sie ihnen die lästigen Transportarbeiten abnehmen. Oder du könntest die Insel mit einem Kundschafter erforschen, für Nachwuchs sorgen etc.	So, zum Schluss kannst du noch ein wenig herumprobieren. In einigen der Gebäude kannst du zum Beispiel zusätzlich noch Träger arbeiten lassen. Diese können die Arbeiter dort wesentlich entlasten, indem sie ihnen die lästigen Transportarbeiten abnehmen. Oder du könntest die Insel mit einem Kundschafter erforschen, für Nachwuchs sorgen etc.	好了，最后你还可以自己探索一下。比如在一些建筑中你可以额外安排搬运工。他们能帮工人分担繁琐的运输工作，大大减轻负担。你也可以用侦察兵探索岛屿，繁衍后代等。
data_m__data_m__c1_txt__c1_fhll__text_001207.txt	60	Viel Spaß bei den Herausforderungen, die im weiteren Spiel auf dich und deine Wikinger warten werden!	Viel Spaß bei den Herausforderungen, die im weiteren Spiel auf dich und deine Wikinger warten werden!	祝你和你维京人在后续游戏中挑战愉快！
data_m__data_m__c1_txt__c1_fhll__text_001300.txt	32	Herzlich Willkommen beim dritten Cultures-Tutorial!	Herzlich Willkommen beim dritten Cultures-Tutorial!	欢迎来到第三个 Cultures 教程！
data_m__data_m__c1_txt__c1_fhll__text_001300.txt	44	Auf einem kleinen, freundlichen Eiland steht ein kleines Wikingerdorf.	Auf einem kleinen, freundlichen Eiland steht ein kleines Wikingerdorf.	一座小小的维京村庄坐落在美丽的小岛上。
data_m__data_m__c1_txt__c1_fhll__text_001300.txt	46	Ein Bauer, ein Müller und ein Bäcker versorgen die Siedlung mit ausreichend Nahrung.	Ein Bauer, ein Müller und ein Bäcker versorgen die Siedlung mit ausreichend Nahrung.	一个农夫、一个磨坊工和一个面包师为定居点提供充足的食物。
data_m__data_m__c1_txt__c1_fhll__text_001300.txt	52	Jetzt, wo sie nicht mehr ums Überleben kämpfen müssen, beginnen sich die Wikinger zu fragen, ob es in der Nähe ihrer Insel noch andere Menschen gibt...	Jetzt, wo sie nicht mehr ums Überleben kämpfen müssen, beginnen sich die Wikinger zu fragen, ob es in der Nähe ihrer Insel noch andere Menschen gibt...	既然不再需要为生存而挣扎，维京人开始好奇附近是否还有其他人……
data_m__data_m__c1_txt__c1_fhll__text_001300.txt	60	Dieser dritte Teil des Tutorial baut auf den Spielregeln auf, die du im ersten und zweiten Teil gelernt hast. 	Dieser dritte Teil des Tutorial baut auf den Spielregeln auf, die du im ersten und zweiten Teil gelernt hast.	本教程第三部分建立在你在第一和第二部分学到的规则之上。
data_m__data_m__c1_txt__c1_fhll__text_001300.txt	62	Hier sollst du nun mehr über den Handel mit anderen Völkern erfahren.	Hier sollst du nun mehr über den Handel mit anderen Völkern erfahren.	在这里你将了解更多关于与其他民族贸易的内容。
data_m__data_m__c1_txt__c1_fhll__text_001300.txt	68	Um den Einstieg hier einfacher und schneller zu machen, sind einige Häuser und Arbeiter bereits vorgegeben. 	Um den Einstieg hier einfacher und schneller zu machen, sind einige Häuser und Arbeiter bereits vorgegeben.	为了让你更容易快速上手，一些建筑和工人已经预先设置好了。
data_m__data_m__c1_txt__c1_fhll__text_001300.txt	74	Diese kleine Einführungsmission wird dich nun Schritt für Schritt durch die ersten Grundlagen des Spieles begleiten. 	Diese kleine Einführungsmission wird dich nun Schritt für Schritt durch die ersten Grundlagen des Spieles begleiten.	这个小型入门任务将一步步带你了解游戏的基本操作。
data_m__data_m__c1_txt__c1_fhll__text_001300.txt	76	Am linken Bildschirmrand findest du einen Knopf mit einem Fahnen-Symbol.	Am linken Bildschirmrand findest du einen Knopf mit einem Fahnen-Symbol.	在屏幕左侧你可以找到一个旗帜符号的按钮。
data_m__data_m__c1_txt__c1_fhll__text_001300.txt	78	Hier kannst du dir die Missionsziele noch einmal anzeigen lassen.	Hier kannst du dir die Missionsziele noch einmal anzeigen lassen.	你可以在这里再次查看任务目标。
data_m__data_m__c1_txt__c1_fhll__text_001300.txt	90	Klicke nun bitte auf:  	Klicke nun bitte auf:	请点击：
data_m__data_m__c1_txt__c1_fhll__text_001300.txt	94	<globaljump:000, 001301, 00>'WEITER'	'WEITER'	'继续'
data_m__data_m__c1_txt__c1_fhll__text_001301.txt	32	In Ruhe und Frieden liegt das Dorf an der kleinen Bucht. 	In Ruhe und Frieden liegt das Dorf an der kleinen Bucht.	村落宁静平和地坐落于小海湾边。
data_m__data_m__c1_txt__c1_fhll__text_001301.txt	34	Die Wikinger gehen ihrer Arbeit nach und sind zufrieden.	Die Wikinger gehen ihrer Arbeit nach und sind zufrieden.	维京人各自工作，心满意足。
data_m__data_m__c1_txt__c1_fhll__text_001301.txt	40	Doch eines Nachts stören fremde Geräusche den Schlaf der Bewohner.	Doch eines Nachts stören fremde Geräusche den Schlaf der Bewohner.	但某天夜里，陌生的声响打扰了居民的睡眠。
data_m__data_m__c1_txt__c1_fhll__text_001301.txt	42	Ein seltsames Klappern und Klopfen ist aus dem Norden oberhalb des Dorfes zu hören.	Ein seltsames Klappern und Klopfen ist aus dem Norden oberhalb des Dorfes zu hören.	村子上方的北方传来奇怪的敲击声。
data_m__data_m__c1_txt__c1_fhll__text_001301.txt	44	Beunruhigt finden sich die Wikinger zusammen. 	Beunruhigt finden sich die Wikinger zusammen.	维京人不安地聚在一起。
data_m__data_m__c1_txt__c1_fhll__text_001301.txt	46	Die Frauen spähen angstvoll in die Nacht hinaus und die Kinder fangen an zu weinen.	Die Frauen spähen angstvoll in die Nacht hinaus und die Kinder fangen an zu weinen.	女人们恐惧地望向夜幕，孩子们开始哭泣。
data_m__data_m__c1_txt__c1_fhll__text_001301.txt	52	Nach langem Hin und Her beschließen sie am nächsten Morgen, den Kundschafter auszusenden.	Nach langem Hin und Her beschließen sie am nächsten Morgen, den Kundschafter auszusenden.	经过长时间商量，他们决定第二天早上派出侦察兵。
data_m__data_m__c1_txt__c1_fhll__text_001301.txt	64	Tipp:	Tipp:	提示：
data_m__data_m__c1_txt__c1_fhll__text_001301.txt	72	Der Kundschafter ist die beste Möglichkeit, 	Der Kundschafter ist die beste Möglichkeit,	侦察兵是最好的方式，
data_m__data_m__c1_txt__c1_fhll__text_001301.txt	78	das unbekannte Land zu erforschen. Dabei 	das unbekannte Land zu erforschen. Dabei	探索未知土地。在此过程中
data_m__data_m__c1_txt__c1_fhll__text_001301.txt	84	muss darauf geachtet werden, dass er sich 	muss darauf geachtet werden, dass er sich	要注意他
data_m__data_m__c1_txt__c1_fhll__text_001301.txt	88	<icon:50>nicht selbst mit Nahrung versorgt.	nicht selbst mit Nahrung versorgt.	不自行解决食物。
data_m__data_m__c1_txt__c1_fhll__text_001301.txt	96	Über das Aktionsmenü (Rechtsklick auf die 	Über das Aktionsmenü (Rechtsklick auf die	通过动作菜单（右键点击
data_m__data_m__c1_txt__c1_fhll__text_001301.txt	102	Figur) hast du unter anderem die Möglichkeit 	Figur) hast du unter anderem die Möglichkeit	人物）你可以
data_m__data_m__c1_txt__c1_fhll__text_001301.txt	108	ihn zum Essen zu schicken, ihn Bäume roden 	ihn zum Essen zu schicken, ihn Bäume roden	让他去吃饭、让他砍树
data_m__data_m__c1_txt__c1_fhll__text_001301.txt	114	und Wegweiser bauen zu lassen.	und Wegweiser bauen zu lassen.	和建造路标。
data_m__data_m__c1_txt__c1_fhll__text_001301.txt	124	          * Schicke deinen Kundschafter Richtung Norden, oberhalb des Dorfes.	* Schicke deinen Kundschafter Richtung Norden, oberhalb des Dorfes.	          * 派你的侦察兵向北走，到村子上方。
data_m__data_m__c1_txt__c1_fhll__text_001301.txt	132	Mutig zieht er am nächsten Morgen los, den unbekannten Gefahren entgegen.	Mutig zieht er am nächsten Morgen los, den unbekannten Gefahren entgegen.	第二天早上他勇敢出发，面对未知的危险。
data_m__data_m__c1_txt__c1_fhll__text_001302.txt	32	Der Kundschafter hat die Quelle der nächtlichen Geräusche entdeckt. 	Der Kundschafter hat die Quelle der nächtlichen Geräusche entdeckt.	侦察兵发现了夜间声响的来源。
data_m__data_m__c1_txt__c1_fhll__text_001302.txt	34	Die Wikinger sind nun nicht mehr alleine auf der Insel!	Die Wikinger sind nun nicht mehr alleine auf der Insel!	维京人不再独自在岛上了！
data_m__data_m__c1_txt__c1_fhll__text_001302.txt	40	Ein seltsam aussehender Mann hat hier über Nacht sein Lager aufgeschlagen. 	Ein seltsam aussehender Mann hat hier über Nacht sein Lager aufgeschlagen.	一个模样奇怪的男人在这里过夜扎营。
data_m__data_m__c1_txt__c1_fhll__text_001302.txt	42	Doch auf den Kundschafter macht er einen freundlichen Eindruck.	Doch auf den Kundschafter macht er einen freundlichen Eindruck.	但侦察兵觉得他看起来很友善。
data_m__data_m__c1_txt__c1_fhll__text_001302.txt	48	Nach anfänglichen Schwierigkeiten macht der Fremde verständlich, dass er mit den Dorfbewohnern handeln möchte.	Nach anfänglichen Schwierigkeiten macht der Fremde verständlich, dass er mit den Dorfbewohnern handeln möchte.	起初有些困难，但陌生人表示他想和村民交易。
data_m__data_m__c1_txt__c1_fhll__text_001302.txt	50	Als der Kundschafter die Handelsware sieht, gehen ihm die Augen über: 	Als der Kundschafter die Handelsware sieht, gehen ihm die Augen über:	当侦察兵看到交易商品时，眼睛都瞪大了：
data_m__data_m__c1_txt__c1_fhll__text_001302.txt	52	der Händler will Gold gegen Weizen tauschen!	der Händler will Gold gegen Weizen tauschen!	商人想用金子换小麦！
data_m__data_m__c1_txt__c1_fhll__text_001302.txt	58	Sofort will er einen Wegweiser für einen Händler bauen, damit dieser den Weg zu dem Fremden finden kann.	Sofort will er einen Wegweiser für einen Händler bauen, damit dieser den Weg zu dem Fremden finden kann.	他立即想要为商人建造一个路标，让商人能找到去陌生人那里的路。
data_m__data_m__c1_txt__c1_fhll__text_001302.txt	70	Tipp:	Tipp:	提示：
data_m__data_m__c1_txt__c1_fhll__text_001302.txt	78	Wegweiser sind im weiteren Spielverlauf 	Wegweiser sind im weiteren Spielverlauf	路标在后续游戏过程中
data_m__data_m__c1_txt__c1_fhll__text_001302.txt	84	unerlässlich. Mit Wegweisern können die 	unerlässlich. Mit Wegweisern können die	必不可少。有了路标，
data_m__data_m__c1_txt__c1_fhll__text_001302.txt	90	Wikinger auch weiter entfernte Ziele 	Wikinger auch weiter entfernte Ziele	维京人也能到达
data_m__data_m__c1_txt__c1_fhll__text_001302.txt	96	erreichen, wie etwa weit entfernte 	erreichen, wie etwa weit entfernte	更远的目标，比如遥远的
data_m__data_m__c1_txt__c1_fhll__text_001302.txt	102	Steinbrüche, andere Völker oder 	Steinbrüche, andere Völker oder	采石场、其他民族或
data_m__data_m__c1_txt__c1_fhll__text_001302.txt	108	abgelegene Arbeitsplätze. Wenn der 	abgelegene Arbeitsplätze. Wenn der	偏僻的工作地点。当
data_m__data_m__c1_txt__c1_fhll__text_001302.txt	114	Wegweiser nicht zu weit vom nächsten 	Wegweiser nicht zu weit vom nächsten	路标不要离最近的
data_m__data_m__c1_txt__c1_fhll__text_001302.txt	120	entfernt steht, wird er automatisch auf 	entfernt steht, wird er automatisch auf	离得很远时，他会自动
data_m__data_m__c1_txt__c1_fhll__text_001302.txt	126	alle anderen Wegweiser in der Nähe 	alle anderen Wegweiser in der Nähe	附近所有其他路标
data_m__data_m__c1_txt__c1_fhll__text_001302.txt	132	verweisen, so das man auch längere Ketten 	verweisen, so das man auch längere Ketten	指引，这样也可以形成更长的
data_m__data_m__c1_txt__c1_fhll__text_001302.txt	138	bilden kann.	bilden kann.	路标链。
data_m__data_m__c1_txt__c1_fhll__text_001302.txt	146	Um zu sehen, welche Ware ein BEFREUNDETES 	Um zu sehen, welche Ware ein BEFREUNDETES	要查看友好
data_m__data_m__c1_txt__c1_fhll__text_001302.txt	152	Volk anbietet, klicke auf das Lagerhaus 	Volk anbietet, klicke auf das Lagerhaus	民族提供什么商品，点击
data_m__data_m__c1_txt__c1_fhll__text_001302.txt	158	des befreundeten Volkes. Ein Fenster zeigt 	des befreundeten Volkes. Ein Fenster zeigt	友好民族的仓库。会弹出一个窗口
data_m__data_m__c1_txt__c1_fhll__text_001302.txt	164	dann das Warenangebot. 	dann das Warenangebot.	显示商品列表。
data_m__data_m__c1_txt__c1_fhll__text_001302.txt	176	          * Lasse den Kundschafter einen Wegweiser in die unmittelbare Nähe des Händlers bauen.	* Lasse den Kundschafter einen Wegweiser in die unmittelbare Nähe des Händlers bauen.	* 让侦察兵在商人附近建造一个路标。
data_m__data_m__c1_txt__c1_fhll__text_001302.txt	186	Geschickt errichtet der Kundschafter den Pfosten. 	Geschickt errichtet der Kundschafter den Pfosten.	侦察兵熟练地竖起路标杆。
data_m__data_m__c1_txt__c1_fhll__text_001303.txt	32	Der Wegweiser ist errichtet. Nun kann jeder Dorfbewohner den Weg zu dem fremden Händler selber finden.	Der Wegweiser ist errichtet. Nun kann jeder Dorfbewohner den Weg zu dem fremden Händler selber finden.	路标建好了。现在每个村民都能自己找到去外国商人那里的路了。
data_m__data_m__c1_txt__c1_fhll__text_001303.txt	34	Begierig auf das Gold, wollen sie so schnell wie möglich mit ihm tauschen.	Begierig auf das Gold, wollen sie so schnell wie möglich mit ihm tauschen.	渴望得到金子，他们想尽快和商人交易。
data_m__data_m__c1_txt__c1_fhll__text_001303.txt	40	Ein eigener Händler muss her! Nur ein Meisterträger hat dazu die nötigen Fähigkeiten.	Ein eigener Händler muss her! Nur ein Meisterträger hat dazu die nötigen Fähigkeiten.	需要自己的商人！只有搬运大师才有这个能力。
data_m__data_m__c1_txt__c1_fhll__text_001303.txt	42	Mache nun deinen Meisterträger, der im Hauptlager arbeitet, zum Händler und richte für ihn die Handelsroute ein.	Mache nun deinen Meisterträger, der im Hauptlager arbeitet, zum Händler und richte für ihn die Handelsroute ein.	把在主营工作的搬运大师变成商人，并为他设置贸易路线。
data_m__data_m__c1_txt__c1_fhll__text_001303.txt	54	Tipp:	Tipp:	提示：
data_m__data_m__c1_txt__c1_fhll__text_001303.txt	62	Um nun die Handelsroute einzurichten, 	Um nun die Handelsroute einzurichten,	要设置贸易路线，
data_m__data_m__c1_txt__c1_fhll__text_001303.txt	68	benötigt der neue Händler noch einige 	benötigt der neue Händler noch einige	新商人还需要
data_m__data_m__c1_txt__c1_fhll__text_001303.txt	74	genaue Instruktionen.	genaue Instruktionen.	详细说明。
data_m__data_m__c1_txt__c1_fhll__text_001303.txt	82	In seinem Aktionsmenü gibt es dazu 3 	In seinem Aktionsmenü gibt es dazu 3	在他的动作菜单中有3个
data_m__data_m__c1_txt__c1_fhll__text_001303.txt	88	spezielle Schalter. 	spezielle Schalter.	专用按钮。
data_m__data_m__c1_txt__c1_fhll__text_001303.txt	94	"Mit ""Weise ersten Handelsposten zu"" "	"Mit ""Weise ersten Handelsposten zu"""	"用""指定第一个贸易站"""
data_m__data_m__c1_txt__c1_fhll__text_001303.txt	100	(Symbol mit der 1) gibst du die 	(Symbol mit der 1) gibst du die	（带1的符号）你给出
data_m__data_m__c1_txt__c1_fhll__text_001303.txt	106	Startposition der Route,	Startposition der Route,	路线的起点，
data_m__data_m__c1_txt__c1_fhll__text_001303.txt	112	"mit ""Weise zweiten Handelsposten zu"" "	"mit ""Weise zweiten Handelsposten zu"""	"用""指定第二个贸易站"""
data_m__data_m__c1_txt__c1_fhll__text_001303.txt	118	(Symbol mit der 2), den Endpunkt der 	(Symbol mit der 2), den Endpunkt der	（带2的符号），即终点
data_m__data_m__c1_txt__c1_fhll__text_001303.txt	124	Route an. Beides ist jeweils ein 	Route an. Beides ist jeweils ein	指定路线。两个都是
data_m__data_m__c1_txt__c1_fhll__text_001303.txt	130	Lagergebäude.	Lagergebäude.	仓储建筑。
data_m__data_m__c1_txt__c1_fhll__text_001303.txt	138	Wenn er mit einem fremden Volk handeln 	Wenn er mit einem fremden Volk handeln	如果他要和其他民族
data_m__data_m__c1_txt__c1_fhll__text_001303.txt	144	soll, muss er nun auch noch wissen, 	soll, muss er nun auch noch wissen,	贸易，他还必须知道
data_m__data_m__c1_txt__c1_fhll__text_001303.txt	150	welche Güter er handeln soll. Klicke 	welche Güter er handeln soll. Klicke	要交易什么商品。点击
data_m__data_m__c1_txt__c1_fhll__text_001303.txt	156	auf das Symbol mit den beiden Pfeilen 	auf das Symbol mit den beiden Pfeilen	带左右两个箭头的图标
data_m__data_m__c1_txt__c1_fhll__text_001303.txt	162	nach links und rechts. Ein Fenster mit 	nach links und rechts. Ein Fenster mit	。会弹出一个窗口
data_m__data_m__c1_txt__c1_fhll__text_001303.txt	168	dem Warenangebot des fremden 	dem Warenangebot des fremden	显示对方
data_m__data_m__c1_txt__c1_fhll__text_001303.txt	174	Handelspostens erscheint. 	Handelspostens erscheint.	贸易站的商品。
data_m__data_m__c1_txt__c1_fhll__text_001303.txt	176	n	n	n
data_m__data_m__c1_txt__c1_fhll__text_001303.txt	182	Eines dieser Handelsangebote kann der 	Eines dieser Handelsangebote kann der	商人可以选择
data_m__data_m__c1_txt__c1_fhll__text_001303.txt	188	Händler nun wählen. Es kann aber auch 	Händler nun wählen. Es kann aber auch	其中一个交易方案。但也可以
data_m__data_m__c1_txt__c1_fhll__text_001303.txt	194	jederzeit wieder geändert werden.	jederzeit wieder geändert werden.	随时更改。
data_m__data_m__c1_txt__c1_fhll__text_001303.txt	202	Klicke nun auf die Ware, die du tauschen 	Klicke nun auf die Ware, die du tauschen	现在点击你要交易
data_m__data_m__c1_txt__c1_fhll__text_001303.txt	208	möchtest. 	möchtest.	想。
data_m__data_m__c1_txt__c1_fhll__text_001303.txt	220	          * Mache den Träger zum Händler und richte die Handelsroute ein.	* Mache den Träger zum Händler und richte die Handelsroute ein.	          * 把搬运工变成商人并设置贸易路线。
data_m__data_m__c1_txt__c1_fhll__text_001303.txt	228	Der Händler holt seinen Karren und beginnt nun eifrig mit dem Fremden zu tauschen.	Der Händler holt seinen Karren und beginnt nun eifrig mit dem Fremden zu tauschen.	商人取来手推车，开始积极地与对方交易。
data_m__data_m__c1_txt__c1_fhll__text_001304.txt	32	Dein Händler hat nun die ersten Waren mit dem Fremden getauscht. 	Dein Händler hat nun die ersten Waren mit dem Fremden getauscht.	你的商人已经完成了第一批交易。 
data_m__data_m__c1_txt__c1_fhll__text_001304.txt	34	Die Wegweiser des Kundschafters zeigen ihm den Weg, so dass er sich nicht verlaufen kann.	Die Wegweiser des Kundschafters zeigen ihm den Weg, so dass er sich nicht verlaufen kann.	侦察兵的路标为他指路，使他不会迷路。
data_m__data_m__c1_txt__c1_fhll__text_001304.txt	40	Der fremde Händler hat seine Waren angenommen, und dafür seine eigene Handelswaren getauscht.	Der fremde Händler hat seine Waren angenommen, und dafür seine eigene Handelswaren getauscht.	对方商人收下了货物，并换出了自己的商品。
data_m__data_m__c1_txt__c1_fhll__text_001304.txt	42	Die Handelsroute zwischen dem Dorf und dem Zeltlager ist erfolgreich eingerichtet.	Die Handelsroute zwischen dem Dorf und dem Zeltlager ist erfolgreich eingerichtet.	村落和帐篷营地之间的贸易路线成功建立了。
data_m__data_m__c1_txt__c1_fhll__text_001304.txt	44	Es ist abgemacht, das 20 Goldbarren getauscht werden sollen.	Es ist abgemacht, das 20 Goldbarren getauscht werden sollen.	约定交易20根金条。
data_m__data_m__c1_txt__c1_fhll__text_001304.txt	56	Tipp:	Tipp:	提示：
data_m__data_m__c1_txt__c1_fhll__text_001304.txt	64	In vielen weiteren Missionen ist 	In vielen weiteren Missionen ist	在许多后续任务中
data_m__data_m__c1_txt__c1_fhll__text_001304.txt	70	es zum Erreichen des Missionszieles 	es zum Erreichen des Missionszieles	要达成任务目标
data_m__data_m__c1_txt__c1_fhll__text_001304.txt	76	notwendig, mit anderen Völkern zu 	notwendig, mit anderen Völkern zu	需要与其他民族
data_m__data_m__c1_txt__c1_fhll__text_001304.txt	82	Handeln. 	Handeln.	贸易。
data_m__data_m__c1_txt__c1_fhll__text_001304.txt	90	Aber der Händler kann sich auch 	Aber der Händler kann sich auch	但商人也可以
data_m__data_m__c1_txt__c1_fhll__text_001304.txt	96	innerhalb des Dorfes nützlich machen: 	innerhalb des Dorfes nützlich machen:	在村落内发挥作用：
data_m__data_m__c1_txt__c1_fhll__text_001304.txt	102	Bei mehreren eigenen Lagerhäusern 	Bei mehreren eigenen Lagerhäusern	如果有多个仓库，
data_m__data_m__c1_txt__c1_fhll__text_001304.txt	108	kann er bestimmte Waren schnell von 	kann er bestimmte Waren schnell von	他可以快速把特定商品
data_m__data_m__c1_txt__c1_fhll__text_001304.txt	114	einem zum anderen Lager transportieren. 	einem zum anderen Lager transportieren.	从一个仓库运到另一个。
data_m__data_m__c1_txt__c1_fhll__text_001304.txt	122	"Ein Lager ""erkennt"", welche Waren von "	"Ein Lager ""erkennt"", welche Waren von"	"仓库会""识别""周围"
data_m__data_m__c1_txt__c1_fhll__text_001304.txt	128	den umliegend lebenden Wikingern 	den umliegend lebenden Wikingern	维京人需要
data_m__data_m__c1_txt__c1_fhll__text_001304.txt	134	gebraucht werden und wie dringend das 	gebraucht werden und wie dringend das	什么商品以及紧迫程度
data_m__data_m__c1_txt__c1_fhll__text_001304.txt	140	ist. 	ist.	了。
data_m__data_m__c1_txt__c1_fhll__text_001304.txt	148	Ein Händler, der das Lager beliefert, 	Ein Händler, der das Lager beliefert,	供货的商人，
data_m__data_m__c1_txt__c1_fhll__text_001304.txt	154	wird vorrangig versuchen, diese Waren 	wird vorrangig versuchen, diese Waren	会优先尝试从
data_m__data_m__c1_txt__c1_fhll__text_001304.txt	160	von seinem anderen Lager herzubringen. 	von seinem anderen Lager herzubringen.	另一个仓库带来这些商品。
data_m__data_m__c1_txt__c1_fhll__text_001304.txt	168	Du kannst den Warenbestand jedes Lagers 	Du kannst den Warenbestand jedes Lagers	你可以手动调节
data_m__data_m__c1_txt__c1_fhll__text_001304.txt	174	aber auch manuell regulieren, indem sie 	aber auch manuell regulieren, indem sie	每个仓库的库存，
data_m__data_m__c1_txt__c1_fhll__text_001304.txt	180	für eine beliebige Ware den 	für eine beliebige Ware den	为任意商品设置
data_m__data_m__c1_txt__c1_fhll__text_001304.txt	186	Mindestbestand und die Wunschmenge 	Mindestbestand und die Wunschmenge	最低库存和
data_m__data_m__c1_txt__c1_fhll__text_001304.txt	192	einstellen. (+/- Schalter). 	einstellen. (+/- Schalter).	期望数量。（+/- 按钮）
data_m__data_m__c1_txt__c1_fhll__text_001304.txt	200	Der Händler wird dann versuchen, den 	Der Händler wird dann versuchen, den	商人会尝试
data_m__data_m__c1_txt__c1_fhll__text_001304.txt	206	Bestand der Ware soweit aufzufüllen, 	Bestand der Ware soweit aufzufüllen,	补充商品库存，
data_m__data_m__c1_txt__c1_fhll__text_001304.txt	212	bis die eingestellte Wunschmenge erreicht 	bis die eingestellte Wunschmenge erreicht	直到达到设置的
data_m__data_m__c1_txt__c1_fhll__text_001304.txt	218	ist. 	ist.	了。
data_m__data_m__c1_txt__c1_fhll__text_001304.txt	226	Und er wird keine Ware in sein anderes 	Und er wird keine Ware in sein anderes	他也不会把商品
data_m__data_m__c1_txt__c1_fhll__text_001304.txt	232	Lager mitnehmen, wenn dabei der 	Lager mitnehmen, wenn dabei der	运到另一个仓库，如果这会导致
data_m__data_m__c1_txt__c1_fhll__text_001304.txt	238	Mindestbestand dieser Ware unterschritten 	Mindestbestand dieser Ware unterschritten	该商品低于
data_m__data_m__c1_txt__c1_fhll__text_001304.txt	244	werden würde.	werden würde.	最低库存。
data_m__data_m__c1_txt__c1_fhll__text_001304.txt	256	          * Handle mindestens 20 Goldbarren, und bringe sie in dein Lagerhaus.	* Handle mindestens 20 Goldbarren, und bringe sie in dein Lagerhaus.	          * 至少交易20根金条，并送到你的仓库。
data_m__data_m__c1_txt__c1_fhll__text_001304.txt	266	Du kannst nun beobachten, wie dein Händler die Tauschwaren in seinem Karren transportiert. 	Du kannst nun beobachten, wie dein Händler die Tauschwaren in seinem Karren transportiert.	你现在可以观察商人用手推车运送交易商品。
data_m__data_m__c1_txt__c1_fhll__text_001305.txt	32	Dein Händler hat erfolgreich die 20 Goldbarren getauscht! 	Dein Händler hat erfolgreich die 20 Goldbarren getauscht!	你的商人成功交易了20根金条！
data_m__data_m__c1_txt__c1_fhll__text_001305.txt	36	Herzlichen Glückwunsch! 	Herzlichen Glückwunsch!	衷心祝贺！
data_m__data_m__c1_txt__c1_fhll__text_001305.txt	44	20 Goldbarren für 20 Weizenbündel! Das war ein hervorragendes Geschäft! 	20 Goldbarren für 20 Weizenbündel! Das war ein hervorragendes Geschäft!	20根金条换20捆小麦！这笔生意太划算了！
data_m__data_m__c1_txt__c1_fhll__text_001305.txt	46	Deine Wikinger freuen sich diebisch darüber, den Fremden dermaßen übers Ohr gehauen zu haben! 	Deine Wikinger freuen sich diebisch darüber, den Fremden dermaßen übers Ohr gehauen zu haben!	你的维京人得意极了，竟然把对方宰得这么狠！
data_m__data_m__c1_txt__c1_fhll__text_001305.txt	48	Überschwänglich wird der Handel gefeiert.	Überschwänglich wird der Handel gefeiert.	大家兴高采烈地庆祝这笔交易。
data_m__data_m__c1_txt__c1_fhll__text_001305.txt	54	Du hast nun die nötigen Grundlagen, um im weiteren Spielverlauf Tauschhandel betreiben zu können. 	Du hast nun die nötigen Grundlagen, um im weiteren Spielverlauf Tauschhandel betreiben zu können.	你已经掌握了在后续游戏中进行贸易的基础知识。
data_m__data_m__c1_txt__c1_fhll__text_001305.txt	56	Gut gemacht! 	Gut gemacht!	做得好！
data_m__data_m__c1_txt__c1_fhll__text_001305.txt	62	Außerdem konntest du beobachten, dass sich die Dorfbewohner auf Strassen wesentlich schneller fortbewegen können. 	Außerdem konntest du beobachten, dass sich die Dorfbewohner auf Strassen wesentlich schneller fortbewegen können.	此外你还注意到村民在道路上行走速度快得多。
data_m__data_m__c1_txt__c1_fhll__text_001305.txt	68	Bedenke, dass du nur mit Völkern handeln kannst, die dir freundlich gesonnen sind! 	Bedenke, dass du nur mit Völkern handeln kannst, die dir freundlich gesonnen sind!	记住，你只能和对你友好的民族交易！
data_m__data_m__c1_txt__c1_fhll__text_001305.txt	70	Auch bieten nicht alle Völker Tauschwaren an.	Auch bieten nicht alle Völker Tauschwaren an.	而且不是所有民族都提供交易商品。
data_m__data_m__c1_txt__c1_fhll__text_001305.txt	72	Wie man mit der  Diplomatiefunktion Feinde zu Freunden machen kann (und umgekehrt), wird im nächsten Tutorial eingehend erklärt.	Wie man mit der  Diplomatiefunktion Feinde zu Freunden machen kann (und umgekehrt), wird im nächsten Tutorial eingehend erklärt.	如何用外交功能化敌为友（反之亦然），将在下一个教程中详细说明。
data_m__data_m__c1_txt__c1_fhll__text_001305.txt	80	Viel Spaß bei den Herausforderungen, die im weiteren Spiel auf dich und deine Wikinger warten werden!	Viel Spaß bei den Herausforderungen, die im weiteren Spiel auf dich und deine Wikinger warten werden!	祝你和你维京人在后续游戏中挑战愉快！
data_m__data_m__c1_txt__c1_fhll__text_001400.txt	32	Herzlich Willkommen beim vierten Cultures-Tutorial!	Herzlich Willkommen beim vierten Cultures-Tutorial!	欢迎来到第四个 Cultures 教程！
data_m__data_m__c1_txt__c1_fhll__text_001400.txt	44	Auf einem kleinen, freundlichen Eiland steht ein kleines Wikingerdorf.	Auf einem kleinen, freundlichen Eiland steht ein kleines Wikingerdorf.	一座小小的维京村庄坐落在美丽的小岛上。
data_m__data_m__c1_txt__c1_fhll__text_001400.txt	46	Ein Bauer, ein Müller und ein Bäcker versorgen die Siedlung mit ausreichend Nahrung.	Ein Bauer, ein Müller und ein Bäcker versorgen die Siedlung mit ausreichend Nahrung.	一个农夫、一个磨坊工和一个面包师为定居点提供充足的食物。
data_m__data_m__c1_txt__c1_fhll__text_001400.txt	52	Vor wenigen Tagen landete zudem ein fremder Händler auf der Insel, mit dem die Bewohner rege Tauschgeschäfte pflegen.	Vor wenigen Tagen landete zudem ein fremder Händler auf der Insel, mit dem die Bewohner rege Tauschgeschäfte pflegen.	几天前还有个外来商人在岛上登陆，村民和他频繁交易。
data_m__data_m__c1_txt__c1_fhll__text_001400.txt	54	Die Wikinger sind nun nicht mehr alleine.	Die Wikinger sind nun nicht mehr alleine.	维京人不再孤独了。
data_m__data_m__c1_txt__c1_fhll__text_001400.txt	60	Dieser vierte Teil des Tutorial baut auf den Spielregeln auf, die du in den ersten drei Teilen gelernt hast. 	Dieser vierte Teil des Tutorial baut auf den Spielregeln auf, die du in den ersten drei Teilen gelernt hast.	本教程第四部分建立在你在前三个部分学到的规则之上。
data_m__data_m__c1_txt__c1_fhll__text_001400.txt	62	Hier sollst du nun mehr über Diplomatie und Kampf erfahren.	Hier sollst du nun mehr über Diplomatie und Kampf erfahren.	在这里你将了解更多关于外交和战斗的内容。
data_m__data_m__c1_txt__c1_fhll__text_001400.txt	68	Um den Einstieg hier einfacher und schneller zu machen, sind einige Häuser und Arbeiter bereits vorgegeben. 	Um den Einstieg hier einfacher und schneller zu machen, sind einige Häuser und Arbeiter bereits vorgegeben.	为了让你更容易快速上手，一些建筑和工人已经预先设置好了。
data_m__data_m__c1_txt__c1_fhll__text_001400.txt	82	Klicke nun bitte auf:  	Klicke nun bitte auf:	请点击：
data_m__data_m__c1_txt__c1_fhll__text_001400.txt	86	<globaljump:000, 001401, 00>'WEITER'	'WEITER'	'继续'
data_m__data_m__c1_txt__c1_fhll__text_001401.txt	32	Deine Wikinger sind ausgelassen und fröhlich! 	Deine Wikinger sind ausgelassen und fröhlich!	你的维京人欢天喜地！
data_m__data_m__c1_txt__c1_fhll__text_001401.txt	34	Vor einigen Tagen haben sie mit dem fremden Händler, der nördlich vom Dorf sein Lager aufgeschlagen hat, Gold gegen Weizen getauscht!	Vor einigen Tagen haben sie mit dem fremden Händler, der nördlich vom Dorf sein Lager aufgeschlagen hat, Gold gegen Weizen getauscht!	几天前他们和村子北边扎营的外来商人用金子换了小麦！
data_m__data_m__c1_txt__c1_fhll__text_001401.txt	36	Was für ein einfältiger Eingeborener!	Was für ein einfältiger Eingeborener!	真是个愚蠢的土著！
data_m__data_m__c1_txt__c1_fhll__text_001401.txt	42	Sven, der Jäger, noch immer leicht benommen vom vielen Feiern, hält gerade glücklich einen der Goldbarren in der Hand.	Sven, der Jäger, noch immer leicht benommen vom vielen Feiern, hält gerade glücklich einen der Goldbarren in der Hand.	猎人 Sven 还因为庆祝过多有点晕乎，正高兴地拿着一根金条。
data_m__data_m__c1_txt__c1_fhll__text_001401.txt	44	Plötzlich gleitet er ihm aus der Hand und zerbricht am Boden!	Plötzlich gleitet er ihm aus der Hand und zerbricht am Boden!	突然金条从手中滑落，掉在地上碎了！
data_m__data_m__c1_txt__c1_fhll__text_001401.txt	46	Was ist das? Der Händler ist ein Betrüger! Die Hälfte der Goldbarren sind wertlos!	Was ist das? Der Händler ist ein Betrüger! Die Hälfte der Goldbarren sind wertlos!	怎么回事？商人是个骗子！一半的金条是假的！
data_m__data_m__c1_txt__c1_fhll__text_001401.txt	48	Wütend stürmen die Männer herbei und schwingen ihre Fäuste. Das schreit nach Rache!	Wütend stürmen die Männer herbei und schwingen ihre Fäuste. Das schreit nach Rache!	男人们愤怒地冲过来挥拳。这一定要报仇！
data_m__data_m__c1_txt__c1_fhll__text_001401.txt	54	Bei einer schnell zusammengerufenen Versammlung, beschließen die Wikinger dem fremden Händler den Krieg zu erklären, und ihn von der Insel zu vertreiben...	Bei einer schnell zusammengerufenen Versammlung, beschließen die Wikinger dem fremden Händler den Krieg zu erklären, und ihn von der Insel zu vertreiben...	在紧急召集的会议上，维京人决定向外来的商人宣战，把他赶出岛屿……
data_m__data_m__c1_txt__c1_fhll__text_001401.txt	66	Tipp:	Tipp:	提示：
data_m__data_m__c1_txt__c1_fhll__text_001401.txt	74	Auf der linken Seite des Bildschirm 	Auf der linken Seite des Bildschirm	在屏幕左侧
data_m__data_m__c1_txt__c1_fhll__text_001401.txt	80	findest du den Diplomatie-Button 	findest du den Diplomatie-Button	你能找到外交按钮
data_m__data_m__c1_txt__c1_fhll__text_001401.txt	86	(Händerreichen-Symbol).	(Händerreichen-Symbol).	（握手图标）。
data_m__data_m__c1_txt__c1_fhll__text_001401.txt	94	Hier findest du alle Informationen zu 	Hier findest du alle Informationen zu	这里有所有
data_m__data_m__c1_txt__c1_fhll__text_001401.txt	100	fremden Völkern, die du bereits entdeckt 	fremden Völkern, die du bereits entdeckt	你已发现的外来民族的信息
data_m__data_m__c1_txt__c1_fhll__text_001401.txt	106	hast.	hast.	了。
data_m__data_m__c1_txt__c1_fhll__text_001401.txt	114	Um einem Volk den Krieg zu erklären, 	Um einem Volk den Krieg zu erklären,	要向一个民族宣战，
data_m__data_m__c1_txt__c1_fhll__text_001401.txt	120	klicke bei den Informationen über den 	klicke bei den Informationen über den	在对方民族
data_m__data_m__c1_txt__c1_fhll__text_001401.txt	126	Stamm des Gegners auf das Symbol mit den 	Stamm des Gegners auf das Symbol mit den	信息中点击
data_m__data_m__c1_txt__c1_fhll__text_001401.txt	132	gekreuzten Schwertern. Jetzt bist du ihm 	gekreuzten Schwertern. Jetzt bist du ihm	交叉双剑图标。现在你
data_m__data_m__c1_txt__c1_fhll__text_001401.txt	138	feindlich gesonnen. Der Status des Gegners 	feindlich gesonnen. Der Status des Gegners	对他敌对了。对方的状态
data_m__data_m__c1_txt__c1_fhll__text_001401.txt	144	wird sich aber erst ändern, wenn du ihn 	wird sich aber erst ändern, wenn du ihn	要等你
data_m__data_m__c1_txt__c1_fhll__text_001401.txt	150	attackierst.	attackierst.	攻击。
data_m__data_m__c1_txt__c1_fhll__text_001401.txt	158	Willst mit einem Volk handeln, muss dieses 	Willst mit einem Volk handeln, muss dieses	要和一个民族交易，该民族
data_m__data_m__c1_txt__c1_fhll__text_001401.txt	164	Volk dir freundlich gesonnen sein. Willst 	Volk dir freundlich gesonnen sein. Willst	必须对你友好。如果
data_m__data_m__c1_txt__c1_fhll__text_001401.txt	170	du es aber angreifen, musst du ihm den 	du es aber angreifen, musst du ihm den	你要攻击，就必须
data_m__data_m__c1_txt__c1_fhll__text_001401.txt	176	Krieg erklären.	Krieg erklären.	宣战。
data_m__data_m__c1_txt__c1_fhll__text_001401.txt	188	          * Erkläre dem fremden Händler den Krieg.	* Erkläre dem fremden Händler den Krieg.	          * 向外来商人宣战。
data_m__data_m__c1_txt__c1_fhll__text_001401.txt	196	Mit grimmigen Gesichtern bitten die Wikinger Gott Odin um einen guten Kampf.	Mit grimmigen Gesichtern bitten die Wikinger Gott Odin um einen guten Kampf.	维京人面带狠色，祈求奥丁神赐予一场好战。
data_m__data_m__c1_txt__c1_fhll__text_001402.txt	32	Eine Abordnung der Wikinger hat dem betrügerischen Händler die Freundschaft aufgekündigt und ihm den Krieg erklärt.	Eine Abordnung der Wikinger hat dem betrügerischen Händler die Freundschaft aufgekündigt und ihm den Krieg erklärt.	维京人代表团向骗子商人宣布断交并宣战。
data_m__data_m__c1_txt__c1_fhll__text_001402.txt	38	Als dies der Händler hört, beginnt er laut zu lachen!	Als dies der Händler hört, beginnt er laut zu lachen!	商人听到后放声大笑！
data_m__data_m__c1_txt__c1_fhll__text_001402.txt	40	Hämisch gibt er zu verstehen, dass er wenig Angst vor deinen Wikingern hat, solange sie keinen einzigen Krieger haben.	Hämisch gibt er zu verstehen, dass er wenig Angst vor deinen Wikingern hat, solange sie keinen einzigen Krieger haben.	他讥讽地表示，你的维京人连一个战士都没有，他才不怕。
data_m__data_m__c1_txt__c1_fhll__text_001402.txt	42	Wütend und hilflos ziehen die Männer davon. Es ist wohl nun an der Zeit, Krieger auszubilden.	Wütend und hilflos ziehen die Männer davon. Es ist wohl nun an der Zeit, Krieger auszubilden.	男人们愤怒又无奈地离开了。是时候训练战士了。
data_m__data_m__c1_txt__c1_fhll__text_001402.txt	48	Schicke zwei deiner Leute, die gerade abkömmlich sind in die Kaserne und bilde sie dort zu Speerträgern aus. Am Besten den Zivilisten und den Bauarbeiter.	Schicke zwei deiner Leute, die gerade abkömmlich sind in die Kaserne und bilde sie dort zu Speerträgern aus. Am Besten den Zivilisten und den Bauarbeiter.	派两个空闲的人去兵营训练成矛兵。最好是平民和建筑工。
data_m__data_m__c1_txt__c1_fhll__text_001402.txt	60	Tipp:	Tipp:	提示：
data_m__data_m__c1_txt__c1_fhll__text_001402.txt	68	Um Krieger ausbilden zu können, 	Um Krieger ausbilden zu können,	要训练战士，
data_m__data_m__c1_txt__c1_fhll__text_001402.txt	74	müssen einige Vorraussetzungen 	müssen einige Vorraussetzungen	需要满足一些
data_m__data_m__c1_txt__c1_fhll__text_001402.txt	80	erfüllt sein. Am wichtigsten ist 	erfüllt sein. Am wichtigsten ist	前提条件。最重要的是
data_m__data_m__c1_txt__c1_fhll__text_001402.txt	86	die Ausrüstung:	die Ausrüstung:	装备：
data_m__data_m__c1_txt__c1_fhll__text_001402.txt	94	Ein Speerträger braucht einen Speer 	Ein Speerträger braucht einen Speer	矛兵需要一支矛
data_m__data_m__c1_txt__c1_fhll__text_001402.txt	100	und eine Lederrüstung. 	und eine Lederrüstung.	和一套皮甲。
data_m__data_m__c1_txt__c1_fhll__text_001402.txt	106	Ein Bogenschütze benötigt einen Bogen 	Ein Bogenschütze benötigt einen Bogen	弓兵需要一把弓
data_m__data_m__c1_txt__c1_fhll__text_001402.txt	112	und ein Waffenrocks, 	und ein Waffenrocks,	和一件战袍，
data_m__data_m__c1_txt__c1_fhll__text_001402.txt	118	der Schwertkämpfer ein Schwert und 	der Schwertkämpfer ein Schwert und	剑士需要一把剑和
data_m__data_m__c1_txt__c1_fhll__text_001402.txt	124	eine Eisenrüstung.	eine Eisenrüstung.	一套铁甲。
data_m__data_m__c1_txt__c1_fhll__text_001402.txt	132	In diesem Tutorial sind bereits Speere 	In diesem Tutorial sind bereits Speere	在本教程中，矛
data_m__data_m__c1_txt__c1_fhll__text_001402.txt	138	und Lederrüstungen im Hauptlager, die 	und Lederrüstungen im Hauptlager, die	和皮甲已经在主营里了，
data_m__data_m__c1_txt__c1_fhll__text_001402.txt	144	du sonst erst einmal herstellen müsstest. 	du sonst erst einmal herstellen müsstest.	否则你得先制造。
data_m__data_m__c1_txt__c1_fhll__text_001402.txt	152	Auch arbeitet schon ein Träger in der 	Auch arbeitet schon ein Träger in der	已经有一个搬运工在
data_m__data_m__c1_txt__c1_fhll__text_001402.txt	158	Kaserne, der die benötigten Waren aus 	Kaserne, der die benötigten Waren aus	兵营里工作，他负责从
data_m__data_m__c1_txt__c1_fhll__text_001402.txt	164	dem Schiff holen muss. 	dem Schiff holen muss.	船上取所需物资。
data_m__data_m__c1_txt__c1_fhll__text_001402.txt	172	Klicke nun auf deine Figuren, und weise 	Klicke nun auf deine Figuren, und weise	现在点击你的人物，并分配
data_m__data_m__c1_txt__c1_fhll__text_001402.txt	178	sie der Kaserne zu (Hammer-Symbol). 	sie der Kaserne zu (Hammer-Symbol).	把他们分配到兵营（锤子图标）。
data_m__data_m__c1_txt__c1_fhll__text_001402.txt	184	Bei einigen Berufen kann es nötig sein, 	Bei einigen Berufen kann es nötig sein,	有些职业可能需要
data_m__data_m__c1_txt__c1_fhll__text_001402.txt	190	die Arbeiter vorher erst zu Zivilisten 	die Arbeiter vorher erst zu Zivilisten	先把工人变成平民。
data_m__data_m__c1_txt__c1_fhll__text_001402.txt	196	zu machen. Wähle den Rekrut aus und 	zu machen. Wähle den Rekrut aus und	选择新兵，
data_m__data_m__c1_txt__c1_fhll__text_001402.txt	202	klicke dann auf der rechten Seite den 	klicke dann auf der rechten Seite den	然后在右侧点击
data_m__data_m__c1_txt__c1_fhll__text_001402.txt	208	Speerträger an.	Speerträger an.	矛兵。
data_m__data_m__c1_txt__c1_fhll__text_001402.txt	216	Hat der Träger schon alle benötigten 	Hat der Träger schon alle benötigten	如果搬运工已经把所有
data_m__data_m__c1_txt__c1_fhll__text_001402.txt	222	Waren herbeigetragen, beginnt die 	Waren herbeigetragen, beginnt die	需要的物资搬来，
data_m__data_m__c1_txt__c1_fhll__text_001402.txt	228	Ausbildung sofort. 	Ausbildung sofort.	训练立即开始。
data_m__data_m__c1_txt__c1_fhll__text_001402.txt	236	Zusätzlich ist die Kaserne noch für zwei 	Zusätzlich ist die Kaserne noch für zwei	此外兵营还有
data_m__data_m__c1_txt__c1_fhll__text_001402.txt	242	weitere Dinge wichtig:	weitere Dinge wichtig:	两个重要功能：
data_m__data_m__c1_txt__c1_fhll__text_001402.txt	248	Mit Gold kann man dort einen fertigen 	Mit Gold kann man dort einen fertigen	可以用金币在那里
data_m__data_m__c1_txt__c1_fhll__text_001402.txt	254	Krieger zum Spezialisten befördern. 	Krieger zum Spezialisten befördern.	将已训练的战士升级为特种兵。
data_m__data_m__c1_txt__c1_fhll__text_001402.txt	262	Hat man dann noch einen Bierbrauer, 	Hat man dann noch einen Bierbrauer,	如果还有酿酒师，
data_m__data_m__c1_txt__c1_fhll__text_001402.txt	268	kann man die Krieger dort zusätzlich 	kann man die Krieger dort zusätzlich	还可以在那里
data_m__data_m__c1_txt__c1_fhll__text_001402.txt	274	mit Bier ausrüsten, womit sie auf 	mit Bier ausrüsten, womit sie auf	装备啤酒，这样他们在
data_m__data_m__c1_txt__c1_fhll__text_001402.txt	280	längeren Kriegszügen weniger Nahrung 	längeren Kriegszügen weniger Nahrung	长途征战时会少消耗食物
data_m__data_m__c1_txt__c1_fhll__text_001402.txt	286	brauchen.	brauchen.	需要。
data_m__data_m__c1_txt__c1_fhll__text_001402.txt	298	          * Bilde in der Kaserne zwei Männer zu Kriegern aus.	* Bilde in der Kaserne zwei Männer zu Kriegern aus.	          * 在兵营训练两个战士。
data_m__data_m__c1_txt__c1_fhll__text_001402.txt	308	Grimmig schauend stehen deine neuen Krieger vor dem Gebäude, ganz begierig darauf, etwas zu unternehmen.	Grimmig schauend stehen deine neuen Krieger vor dem Gebäude, ganz begierig darauf, etwas zu unternehmen.	你的新战士面带凶相站在建筑前，迫不及待想大干一场。
data_m__data_m__c1_txt__c1_fhll__text_001403.txt	32	Deine Krieger schwingen ungeduldig ihre Speere. Sie wollen es dem unverschämten Betrüger zeigen!	Deine Krieger schwingen ungeduldig ihre Speere. Sie wollen es dem unverschämten Betrüger zeigen!	你的战士不耐烦地挥舞长矛。他们要让那个无耻的骗子好看！
data_m__data_m__c1_txt__c1_fhll__text_001403.txt	34	Er wird schon sehen, was es heißt, Wikinger herauszufordern!	Er wird schon sehen, was es heißt, Wikinger herauszufordern!	他会知道挑战维京人是什么下场！
data_m__data_m__c1_txt__c1_fhll__text_001403.txt	36	Die Frauen und Arbeiter stehen am Wegesrand und jubeln ihren Helden zu.	Die Frauen und Arbeiter stehen am Wegesrand und jubeln ihren Helden zu.	女人和工人站在路边为英雄们欢呼。
data_m__data_m__c1_txt__c1_fhll__text_001403.txt	48	Tipp:	Tipp:	提示：
data_m__data_m__c1_txt__c1_fhll__text_001403.txt	56	Steht der entsprechende Diplomatiemodus 	Steht der entsprechende Diplomatiemodus	如果外交模式
data_m__data_m__c1_txt__c1_fhll__text_001403.txt	62	auf 'feindlich', können deine Krieger 	auf 'feindlich', können deine Krieger	设为'敌对'，你的战士
data_m__data_m__c1_txt__c1_fhll__text_001403.txt	68	den Gegner angreifen.	den Gegner angreifen.	就可以攻击敌人。
data_m__data_m__c1_txt__c1_fhll__text_001403.txt	74	Wähle beide Krieger aus, indem du mit 	Wähle beide Krieger aus, indem du mit	用左键框选
data_m__data_m__c1_txt__c1_fhll__text_001403.txt	80	der linken Maustaste einen Rahmen um sie 	der linken Maustaste einen Rahmen um sie	两个战士：在
data_m__data_m__c1_txt__c1_fhll__text_001403.txt	86	ziehst. Klicke dazu auf die freie Fläche 	ziehst. Klicke dazu auf die freie Fläche	拉动。为此点击空闲区域
data_m__data_m__c1_txt__c1_fhll__text_001403.txt	92	neben den Figuren, halte die Maustaste 	neben den Figuren, halte die Maustaste	点击，按住鼠标
data_m__data_m__c1_txt__c1_fhll__text_001403.txt	98	gedrückt, ziehe den Rahmen und lasse die 	gedrückt, ziehe den Rahmen und lasse die	拖拽框选，然后
data_m__data_m__c1_txt__c1_fhll__text_001403.txt	104	Taste dann los. Blinken beide Figuren, 	Taste dann los. Blinken beide Figuren,	松开。两个人物闪烁时，
data_m__data_m__c1_txt__c1_fhll__text_001403.txt	110	erteile ihnen wie gewohnt Befehle.	erteile ihnen wie gewohnt Befehle.	就可以照常下达命令。
data_m__data_m__c1_txt__c1_fhll__text_001403.txt	118	Klicke mit der rechten Maustaste dorthin, 	Klicke mit der rechten Maustaste dorthin,	用右键点击
data_m__data_m__c1_txt__c1_fhll__text_001403.txt	124	wohin die Soldaten gehen und angreifen 	wohin die Soldaten gehen und angreifen	士兵要去的
data_m__data_m__c1_txt__c1_fhll__text_001403.txt	130	sollen. In unserem Fall auf die Gebäude 	sollen. In unserem Fall auf die Gebäude	和攻击的位置。本例中是
data_m__data_m__c1_txt__c1_fhll__text_001403.txt	136	des feindlichen Händlers.	des feindlichen Händlers.	敌方商人的建筑。
data_m__data_m__c1_txt__c1_fhll__text_001403.txt	144	Denke auch immer daran, dass du Kriegern 	Denke auch immer daran, dass du Kriegern	也要始终记住，你需要给战士
data_m__data_m__c1_txt__c1_fhll__text_001403.txt	150	wie Kundschaftern sagen musst, wann sie 	wie Kundschaftern sagen musst, wann sie	像侦察兵这样的需要告诉他们
data_m__data_m__c1_txt__c1_fhll__text_001403.txt	156	essen und schlafen dürfen. 	essen und schlafen dürfen.	吃饭和睡觉。
data_m__data_m__c1_txt__c1_fhll__text_001403.txt	162	Lasse sie nicht verhungern!	Lasse sie nicht verhungern!	别让他们挨饿！
data_m__data_m__c1_txt__c1_fhll__text_001403.txt	174	          * Greife mit deinen Soldaten den betrügerischen fremden Händler an und zerstöre alle seine Gebäude.	* Greife mit deinen Soldaten den betrügerischen fremden Händler an und zerstöre alle seine Gebäude.	          * 用你的士兵攻击骗子商人并摧毁他所有的建筑。
data_m__data_m__c1_txt__c1_fhll__text_001403.txt	182	"Die Krieger ziehen laut singend nach Norden. ""Für Odin!"""	"Die Krieger ziehen laut singend nach Norden. ""Für Odin!"""	"战士们高唱战歌向北方进发。""为了奥丁！"""
data_m__data_m__c1_txt__c1_fhll__text_001404.txt	32	Der betrügerische Händler ist vernichtet ! 	Der betrügerische Händler ist vernichtet !	骗子商人被消灭了！
data_m__data_m__c1_txt__c1_fhll__text_001404.txt	40	Der Sieg ist dein! Überschwänglich wird der Triumph gefeiert.	Der Sieg ist dein! Überschwänglich wird der Triumph gefeiert.	胜利属于你！大家热烈庆祝胜利。
data_m__data_m__c1_txt__c1_fhll__text_001404.txt	42	Du hast nun die nötigen Grundlagen, um im weiteren Spielverlauf Krieger einsetzen zu können. 	Du hast nun die nötigen Grundlagen, um im weiteren Spielverlauf Krieger einsetzen zu können.	你已经掌握了在后续游戏中使用战士的基础知识。
data_m__data_m__c1_txt__c1_fhll__text_001404.txt	44	Gut gemacht! 	Gut gemacht!	做得好！
data_m__data_m__c1_txt__c1_fhll__text_001404.txt	50	In den vier Tutorials konnten natürlich nur die wichtigsten Grundlagen der Spielfunktionen veranschaulicht werden.	In den vier Tutorials konnten natürlich nur die wichtigsten Grundlagen der Spielfunktionen veranschaulicht werden.	在四个教程中当然只能展示最重要的游戏功能基础。
data_m__data_m__c1_txt__c1_fhll__text_001404.txt	56	Das Spiel bietet noch einiges mehr an Funktionen, Möglichkeiten und Spieltiefe. 	Das Spiel bietet noch einiges mehr an Funktionen, Möglichkeiten und Spieltiefe.	游戏还提供了更多的功能、可能性和深度。
data_m__data_m__c1_txt__c1_fhll__text_001404.txt	58	Probiere sie aus und du wirst staunen, was die Wikingern so alles anstellen können. 	Probiere sie aus und du wirst staunen, was die Wikingern so alles anstellen können.	试试看，你会惊叹维京人能做出多少事情。
data_m__data_m__c1_txt__c1_fhll__text_001404.txt	60	Ein Blick ins Handbuch kann dir auch in den meisten Fragen weiterhelfen.	Ein Blick ins Handbuch kann dir auch in den meisten Fragen weiterhelfen.	查阅手册也能帮你解决大部分问题。
data_m__data_m__c1_txt__c1_fhll__text_001404.txt	68	Viel Spaß bei den Herausforderungen, die im weiteren Spiel auf dich und deine Wikinger warten werden!	Viel Spaß bei den Herausforderungen, die im weiteren Spiel auf dich und deine Wikinger warten werden!	祝你和你维京人在后续游戏中挑战愉快！
data_m__data_m__c1_txt__c1_fhll__text_009990.txt	50	Ähem... Hallo, du schon wieder?? Was machst du denn wieder hier? Hier sollte eigentlich niemals jemand hinkommen!	Ähem... Hallo, du schon wieder?? Was machst du denn wieder hier? Hier sollte eigentlich niemals jemand hinkommen!	呃……你好，又是你？？你怎么又来了？这里本来不该有人来的！
data_m__data_m__c1_txt__c1_fhll__text_009990.txt	54	Aber du wirst nie unser Geheimnis entdecken!	Aber du wirst nie unser Geheimnis entdecken!	但你永远也发现不了我们的秘密！
data_m__data_m__c1_txt__c1_fhll__text_009990.txt	62	Komm uns bloß nicht zu nahe!	Komm uns bloß nicht zu nahe!	别靠近我们！
data_m__data_m__c1_txt__c1_fhll__text_009991.txt	48	Ok, Ok! Du hast uns gefunden! Das Geheimnis ist gelüftet! In Wirklichkeit sind WIR die geheimnisvollen Mayagötter!!	Ok, Ok! Du hast uns gefunden! Das Geheimnis ist gelüftet! In Wirklichkeit sind WIR die geheimnisvollen Mayagötter!!	好吧好吧！你找到我们了！秘密揭开了！其实我们就是神秘的玛雅神！！
data_m__data_m__c1_txt__c1_fhll__text_009991.txt	56	Nun frohlocke und preise das Funatics Cultures-Team! Und vor allem - schlag' uns nicht!	Nun frohlocke und preise das Funatics Cultures-Team! Und vor allem - schlag' uns nicht!	现在欢呼赞美 Funatics Cultures 团队吧！最重要的是——别打我们！
data_m__data_m__c1_txt__c1_fhll__text_009992.txt	48	Ähem... Was machst du da? Nicht schon wieder! Pack blos das Schwert weg!!!	Ähem... Was machst du da? Nicht schon wieder! Pack blos das Schwert weg!!!	呃……你在干什么？别又来！把剑放下！！！
data_m__data_m__c1_txt__c1_fhll__text_009992.txt	50	Hat dir das Spiel etwa nicht gefallen???	Hat dir das Spiel etwa nicht gefallen???	你难道不喜欢这个游戏吗？？？
data_m__data_m__c1_txt__c1_fhll__text_009993.txt	48	AHHHHHHHHHHHHHHHHHHHH!!! 	AHHHHHHHHHHHHHHHHHHHH!!!	啊啊啊啊啊啊啊啊啊啊啊！！！
data_m__data_m__c1_txt__c1_fhll__text_009993.txt	54	HIIIIIIIIIIILFE!!!	HIIIIIIIIIIILFE!!!	救命啊！！！
data_m__data_m__c1_txt__c1_fhll__text_009994.txt	48	Pah! So leicht geben wir uns nicht geschlagen!	Pah! So leicht geben wir uns nicht geschlagen!	哼！我们不会这么容易认输的！
data_m__data_m__c1_txt__c1_fhll__text_009994.txt	50	Halte Ausschau nach weiteren glorreichen Funatics-Produkten!	Halte Ausschau nach weiteren glorreichen Funatics-Produkten!	请留意 Funatics 后续的精彩作品！
data_m__data_m__c1_txt__c1_fhll__text_009994.txt	56	Bis dahin!	Bis dahin!	到时候见！
data_m__data_m__c1_txt__c1_fhll__text_009994.txt	62	Demnächst auf deinem Bildschirm!	Demnächst auf deinem Bildschirm!	敬请期待！
data_m__data_m__c1_txt__c1_fhll__text_009995.txt	48	Welch eine Schlacht! 	Welch eine Schlacht!	好一场战斗！
data_m__data_m__c1_txt__c1_fhll__text_009995.txt	52	Du bekommst wohl nie genug von Cultures?	Du bekommst wohl nie genug von Cultures?	你对 Cultures 永远都不会厌倦吗？
data_m__data_m__c1_txt__c1_fhll__text_009995.txt	56	Ok, dann warte ersteinmal den nächsten Teil und der Mission CD ab!	Ok, dann warte ersteinmal den nächsten Teil und der Mission CD ab!	好吧，那就先等下一个资料片和任务CD吧！
data_m__data_m__c1_txt__c1_fhll__text_010101.txt	32	GRÖNLAND	GRÖNLAND	格陵兰
data_m__data_m__c1_txt__c1_fhll__text_010101.txt	44	Bevor wir zu so einer langen, gefährlichen Reise aufbrechen konnten, war es nötig, die Vorräte aufzufüllen. 	Bevor wir zu so einer langen, gefährlichen Reise aufbrechen konnten, war es nötig, die Vorräte aufzufüllen.	在我们踏上如此漫长危险的旅程之前，必须先补充物资。
data_m__data_m__c1_txt__c1_fhll__text_010101.txt	46	Zu dieser Jahreszeit waren die Tage auf See hart und gefährlich.	Zu dieser Jahreszeit waren die Tage auf See hart und gefährlich.	在这个季节，海上的日子既艰苦又危险。
data_m__data_m__c1_txt__c1_fhll__text_010101.txt	48	Die Dauer unserer Reise war ungewiss, und - bei Odin! - ohne genügend Proviant hätten wir unsere Heimat wohl niemals wiedergesehen!	Die Dauer unserer Reise war ungewiss, und - bei Odin! - ohne genügend Proviant hätten wir unsere Heimat wohl niemals wiedergesehen!	旅途的长短未卜，而且——以奥丁之名！——没有足够的口粮我们恐怕再也回不了故乡！
data_m__data_m__c1_txt__c1_fhll__text_010101.txt	54	Da Kälte und Regen die Ernten vernichtet hatten, waren unsere Vorräte fast völlig erschöpft. 	Da Kälte und Regen die Ernten vernichtet hatten, waren unsere Vorräte fast völlig erschöpft.	严寒和暴雨毁掉了收成，我们的存粮几乎耗尽。 
data_m__data_m__c1_txt__c1_fhll__text_010101.txt	56	Mein Großvater schickte daher einige Männer in den Wald auf die Jagd. 	Mein Großvater schickte daher einige Männer in den Wald auf die Jagd.	祖父因此派了几个人去森林打猎。
data_m__data_m__c1_txt__c1_fhll__text_010101.txt	58	Als sie jedoch des Abends ins Dorf zurückkehrten, waren ihre Beutetaschen leer. 	Als sie jedoch des Abends ins Dorf zurückkehrten, waren ihre Beutetaschen leer.	然而当晚他们回到村子时，猎袋空空如也。 
data_m__data_m__c1_txt__c1_fhll__text_010101.txt	60	Sie berichteten, der Wald wäre wie ausgestorben dagelegen. 	Sie berichteten, der Wald wäre wie ausgestorben dagelegen.	他们报告说森林里好像死了一般寂静。 
data_m__data_m__c1_txt__c1_fhll__text_010101.txt	62	Nur einige Hasen und Bären hätten sie erspäht. 	Nur einige Hasen und Bären hätten sie erspäht.	只看到了几只兔子和熊。 
data_m__data_m__c1_txt__c1_fhll__text_010101.txt	68	Einer der Männer jedoch war auf merkwürdige Spuren gestoßen. Spuren, welche die Nähe einer Eskimosiedlung vermuten ließen.	Einer der Männer jedoch war auf merkwürdige Spuren gestoßen. Spuren, welche die Nähe einer Eskimosiedlung vermuten ließen.	但有一个人发现了奇怪的足迹。这些足迹暗示附近有因纽特人聚居地。
data_m__data_m__c1_txt__c1_fhll__text_010101.txt	74	Mein Großvater war erfreut, als er dies hörte. Hatte er doch früher schon mit jenem tapferen, in der Kälte lebenden Nordlingvolk regen Handel betrieben. Nun hoffte er, deren Siedlung zu finden und mit ihnen die für uns so wichtigen Vorräte zu tauschen.	Mein Großvater war erfreut, als er dies hörte. Hatte er doch früher schon mit jenem tapferen, in der Kälte lebenden Nordlingvolk regen Handel betrieben. Nun hoffte er, deren Siedlung zu finden und mit ihnen die für uns so wichtigen Vorräte zu tauschen.	祖父听到后很高兴。他以前就和那个勇敢的、生活在严寒中的北方民族有过频繁贸易。现在他希望能找到他们的聚居地，和他们交换我们急需的物资。
data_m__data_m__c1_txt__c1_fhll__text_010101.txt	88	ZIELE:	ZIELE:	目标：
data_m__data_m__c1_txt__c1_fhll__text_010101.txt	94	Sammle 100 Einheiten Nahrung, 30 Hölzern und 30 Stück Leder.	Sammle 100 Einheiten Nahrung, 30 Hölzern und 30 Stück Leder.	收集100单位食物、30木材和30皮革。
data_m__data_m__c1_txt__c1_fhll__text_010101.txt	100	Versuche besagte Eskimosiedlung zu finden und bei ihnen die nötigen Waren zu erhandeln.	Versuche besagte Eskimosiedlung zu finden und bei ihnen die nötigen Waren zu erhandeln.	寻找上述因纽特人聚居地并与他们交易所需物资。
data_m__data_m__c1_txt__c1_fhll__text_010102.txt	34	Seid willkommen, tapfere Wikinger, Freunde aus dem Norden.	Seid willkommen, tapfere Wikinger, Freunde aus dem Norden.	欢迎你们，勇敢的维京人，来自北方的朋友。
data_m__data_m__c1_txt__c1_fhll__text_010102.txt	36	Nanuk grüßt euch. Wir Naja sind ein friedliebendes Volk der Jäger und Fischer. Unsere Iglus sind reich gefüllt, denn die Fischgründe hier haben uns gute Beute machen lassen. Schickt eure Händler zu uns, und wir werden gerne mit euch tauschen.	Nanuk grüßt euch. Wir Naja sind ein friedliebendes Volk der Jäger und Fischer. Unsere Iglus sind reich gefüllt, denn die Fischgründe hier haben uns gute Beute machen lassen. Schickt eure Händler zu uns, und wir werden gerne mit euch tauschen.	Nanuk 向你们问好。我们 Naja 是一个爱好和平的渔猎民族。我们的冰屋里存粮充足，因为这里的渔场让我们收获颇丰。派你们的商人来吧，我们很乐意和你们交易。
data_m__data_m__c1_txt__c1_fhll__text_010150.txt	34	Die Dauer unserer Reise war ungewiss, und - bei Odin! - ohne genügend Proviant hätten wir unsere Heimat wohl niemals wiedergesehen! 	Die Dauer unserer Reise war ungewiss, und - bei Odin! - ohne genügend Proviant hätten wir unsere Heimat wohl niemals wiedergesehen!	旅途的长短未卜，而且——以奥丁之名！——没有足够的口粮我们恐怕再也回不了故乡！
data_m__data_m__c1_txt__c1_fhll__text_010150.txt	40	Da Kälte und Regen die Ernten vernichtet hatten, waren unsere Vorräte fast völlig erschöpft. 	Da Kälte und Regen die Ernten vernichtet hatten, waren unsere Vorräte fast völlig erschöpft.	严寒和暴雨毁掉了收成，我们的存粮几乎耗尽。 
data_m__data_m__c1_txt__c1_fhll__text_010150.txt	42	Mein Großvater schickte daher einige Männer in den Wald auf die Jagd.	Mein Großvater schickte daher einige Männer in den Wald auf die Jagd.	祖父因此派了几个人去森林打猎。
data_m__data_m__c1_txt__c1_fhll__text_010150.txt	44	Als sie jedoch des Abends ins Dorf zurückkehrten, waren ihre Beutetaschen leer. 	Als sie jedoch des Abends ins Dorf zurückkehrten, waren ihre Beutetaschen leer.	然而当晚他们回到村子时，猎袋空空如也。 
data_m__data_m__c1_txt__c1_fhll__text_010150.txt	46	Sie berichteten, der Wald wäre wie ausgestorben dagelegen. 	Sie berichteten, der Wald wäre wie ausgestorben dagelegen.	他们报告说森林里好像死了一般寂静。 
data_m__data_m__c1_txt__c1_fhll__text_010150.txt	48	Nur einige Hasen und Bären hätten sie erspäht. 	Nur einige Hasen und Bären hätten sie erspäht.	只看到了几只兔子和熊。 
data_m__data_m__c1_txt__c1_fhll__text_010150.txt	54	Einer der Männer jedoch war auf merkwürdige Spuren gestoßen...	Einer der Männer jedoch war auf merkwürdige Spuren gestoßen...	但有一个人发现了奇怪的足迹……
data_m__data_m__c1_txt__c1_fhll__text_010152.txt	36	ZIEL:	ZIEL:	目标：
data_m__data_m__c1_txt__c1_fhll__text_010152.txt	44	- Sammle 100 Einheiten Nahrung, 30 Hölzern und 30 Stück Leder.	- Sammle 100 Einheiten Nahrung, 30 Hölzern und 30 Stück Leder.	- 收集100单位食物、30木材和30皮革。
data_m__data_m__c1_txt__c1_fhll__text_010152.txt	50	- Versuche besagte Eskimosiedlung zu finden und bei ihnen die nötigen Waren zu erhandeln.	- Versuche besagte Eskimosiedlung zu finden und bei ihnen die nötigen Waren zu erhandeln.	- 寻找上述因纽特人聚居地并与他们交易所需物资。
data_m__data_m__c1_txt__c1_fhll__text_010201.txt	30	Mission erfüllt!	Mission erfüllt!	任务完成！
data_m__data_m__c1_txt__c1_fhll__text_010201.txt	40	Nach großen Anstrengungen war es uns endlich gelungen, genügend Vorräte für unsere Reise zusammenzutragen. 	Nach großen Anstrengungen war es uns endlich gelungen, genügend Vorräte für unsere Reise zusammenzutragen.	经过巨大的努力，我们终于凑齐了旅途所需的物资。 
data_m__data_m__c1_txt__c1_fhll__text_010201.txt	44	Am Morgen des darauffolgenden Tages gingen wir an Bord unseres Schiffes und setzten Segel.	Am Morgen des darauffolgenden Tages gingen wir an Bord unseres Schiffes und setzten Segel.	第二天早上我们登上船，扬帆起航。
data_m__data_m__c1_txt__c1_fhll__text_010201.txt	48	Ich war sehr aufgeregt, da es meine erste Reise im Kreis der erwachsenen Männer und Frauen war. Um möglichst viel über die Pflichten an Bord und die Kunst der Seefahrt zu erfahren, hielt ich mich stets in der Nähe meines Vaters auf. Er führte das Steuer unseres Schiffes und konnte mich vieles über die Strömungen der Meere und die Richtungen der Sterne lehren. 	Ich war sehr aufgeregt, da es meine erste Reise im Kreis der erwachsenen Männer und Frauen war. Um möglichst viel über die Pflichten an Bord und die Kunst der Seefahrt zu erfahren, hielt ich mich stets in der Nähe meines Vaters auf. Er führte das Steuer unseres Schiffes und konnte mich vieles über die Strömungen der Meere und die Richtungen der Sterne lehren.	我非常兴奋，因为这是我第一次跟随成年男女出海。为了尽可能多地了解船上的职责和航海技术，我一直待在父亲身边。他掌着船舵，教会了我很多关于洋流和星辰方向的知识。
data_m__data_m__c1_txt__c1_fhll__text_010201.txt	54	Unsere Suche führte uns schließlich Richtung Westen, und nach langen Tagen und Nächten auf See tauchten die Umrisse einer Insel aus dem Meer auf - Land!	Unsere Suche führte uns schließlich Richtung Westen, und nach langen Tagen und Nächten auf See tauchten die Umrisse einer Insel aus dem Meer auf - Land!	我们的搜索最终转向西方，经过漫长的日夜航行，一座岛屿的轮廓从海面浮现——陆地！
data_m__data_m__c1_txt__c1_fhll__text_020101.txt	32	HELLULAND	HELLULAND	赫鲁兰
data_m__data_m__c1_txt__c1_fhll__text_020101.txt	44	Unsere Fahrt hatte uns weiter in Richtung des Sonnenuntergangs geführt als jemals zuvor eines unserer Schiffe vorgestoßen war.	Unsere Fahrt hatte uns weiter in Richtung des Sonnenuntergangs geführt als jemals zuvor eines unserer Schiffe vorgestoßen war.	我们的航程比以往任何一艘船都更深入日落方向。
data_m__data_m__c1_txt__c1_fhll__text_020101.txt	50	Vor uns lag nun die Küste eines unbekannten Eilands. 	Vor uns lag nun die Küste eines unbekannten Eilands.	眼前是一片未知小岛的海岸。
data_m__data_m__c1_txt__c1_fhll__text_020101.txt	52	Hinter einem schmalen Strand, der weitgehend von Schnee und Eis bedeckt war, erhob sich ein dunkles, steiniges Gebirge. 	Hinter einem schmalen Strand, der weitgehend von Schnee und Eis bedeckt war, erhob sich ein dunkles, steiniges Gebirge.	在狭长的、大部分被冰雪覆盖的海滩后面，耸立着一座暗色多石的山脉。
data_m__data_m__c1_txt__c1_fhll__text_020101.txt	54	Kaum ein Strauch oder Baum wuchsen an seinen Flanken. 	Kaum ein Strauch oder Baum wuchsen an seinen Flanken.	山坡上几乎没有灌木或树木。
data_m__data_m__c1_txt__c1_fhll__text_020101.txt	56	Es schien aus einem mächtigen Stück zu sein, so dass man glauben wollte, Wotan selbst hätte im Zorn diesen Fels vom Dach der Welt geschleudert. 	Es schien aus einem mächtigen Stück zu sein, so dass man glauben wollte, Wotan selbst hätte im Zorn diesen Fels vom Dach der Welt geschleudert.	它看起来像一整块巨石，仿佛 Wotan 本人在愤怒中将这块岩石从世界之顶掷下。
data_m__data_m__c1_txt__c1_fhll__text_020101.txt	58	Mein Vater gab ihm darum den Namen Helluland, was Steinland bedeutet.	Mein Vater gab ihm darum den Namen Helluland, was Steinland bedeutet.	父亲因此给它起名 Helluland，意为石地。
data_m__data_m__c1_txt__c1_fhll__text_020101.txt	64	Wir konnten am Ufer keine geeignete Lagerstätte entdecken und segelten darum der Küste entlang Richtung Süden. 	Wir konnten am Ufer keine geeignete Lagerstätte entdecken und segelten darum der Küste entlang Richtung Süden.	我们在岸边找不到合适的营地，于是沿着海岸向南航行。
data_m__data_m__c1_txt__c1_fhll__text_020101.txt	66	Nach einigen Stunden Fahrt wich der Schnee langsam zurück. 	Nach einigen Stunden Fahrt wich der Schnee langsam zurück.	航行几个小时后，雪渐渐消退。
data_m__data_m__c1_txt__c1_fhll__text_020101.txt	68	Zartes Grün trat an seine Stelle. 	Zartes Grün trat an seine Stelle.	嫩绿取而代之。
data_m__data_m__c1_txt__c1_fhll__text_020101.txt	70	Auch waren nun einige Bäume und Büsche zu erkennen. 	Auch waren nun einige Bäume und Büsche zu erkennen.	也能看到一些树木和灌木了。
data_m__data_m__c1_txt__c1_fhll__text_020101.txt	72	Mein Vater entschied, hier an Land zu gehen. 	Mein Vater entschied, hier an Land zu gehen.	父亲决定在这里登陆。
data_m__data_m__c1_txt__c1_fhll__text_020101.txt	74	Er nahm Kurs um eine kleine Landzunge herum und legte in einer von der rauhen See geschützten Bucht an. 	Er nahm Kurs um eine kleine Landzunge herum und legte in einer von der rauhen See geschützten Bucht an.	他绕过一个小海角，在一个免受狂浪侵袭的海湾停泊。
data_m__data_m__c1_txt__c1_fhll__text_020101.txt	80	Als wir das Knarr verließen, sahen wir, dass seine Wahl gut getroffen war. Büsche voll saftiger Beeren würden unseren Hunger stillen. Wild gab es reichlich im Wald, und in der Bucht wimmelte es von Fischen. Holz war ebenfalls zur Genüge vorhanden, so dass wir Hütten zu unserem Schutz errichten konnten. 	Als wir das Knarr verließen, sahen wir, dass seine Wahl gut getroffen war. Büsche voll saftiger Beeren würden unseren Hunger stillen. Wild gab es reichlich im Wald, und in der Bucht wimmelte es von Fischen. Holz war ebenfalls zur Genüge vorhanden, so dass wir Hütten zu unserem Schutz errichten konnten.	当我们走下龙船时，发现他的选择很英明。满是多汁浆果的灌木可以充饥。森林里猎物丰富，海湾里鱼群密集。木材也充足，我们可以建造保护性的小屋。
data_m__data_m__c1_txt__c1_fhll__text_020101.txt	86	Wir dankten Thor für unser glückliches Schicksal und begannen, das Schiff zu entladen und unsere Zelte aufzuschlagen...	Wir dankten Thor für unser glückliches Schicksal und begannen, das Schiff zu entladen und unsere Zelte aufzuschlagen...	我们感谢 Thor 赐予的好运，开始卸船并搭帐篷……
data_m__data_m__c1_txt__c1_fhll__text_020101.txt	100	ZIELE:	ZIELE:	目标：
data_m__data_m__c1_txt__c1_fhll__text_020101.txt	106	Erkunde die Gegend und finde heraus, wo sich der Sonnensplitter befindet.	Erkunde die Gegend und finde heraus, wo sich der Sonnensplitter befindet.	探索周边地区，找到太阳碎片的下落。
data_m__data_m__c1_txt__c1_fhll__text_020201.txt	34	Seid gegrüßt, Fremdlinge. Ich bin Nabu, Ältester der Inuit, Häuptling des Nordstammes. 	Seid gegrüßt, Fremdlinge. Ich bin Nabu, Ältester der Inuit, Häuptling des Nordstammes.	你们好，陌生人。我是 Nabu，因纽特长老，北方部落的首领。
data_m__data_m__c1_txt__c1_fhll__text_020201.txt	36	Die Götter haben uns von eurer Ankunft berichtet. Ihr müsst die Auserwählten sein, die auf der Suche nach dem Sonnengott sind! Bitte helft uns bei unserem Kampf gegen die mächtigen Schwarzfüße, damit endlich Friede in unser Dorf einkehrt! 	Die Götter haben uns von eurer Ankunft berichtet. Ihr müsst die Auserwählten sein, die auf der Suche nach dem Sonnengott sind! Bitte helft uns bei unserem Kampf gegen die mächtigen Schwarzfüße, damit endlich Friede in unser Dorf einkehrt!	神灵告诉我们你们要来了。你们一定是在寻找太阳神的被选中者！请帮助我们对付强大的黑脚族，让我们的村庄终于恢复和平！
data_m__data_m__c1_txt__c1_fhll__text_020201.txt	42	Die Schwarzfüße sind ein kriegerischer Stamm! Sie leben in den südlichen Regionen. Immer wieder suchen sie unser Dorf heim, plündern und rauben und reissen unsere Iglus nieder. Wir sind leider zu schwach, um uns gegen ihre Angriffe zu verteidigen.	Die Schwarzfüße sind ein kriegerischer Stamm! Sie leben in den südlichen Regionen. Immer wieder suchen sie unser Dorf heim, plündern und rauben und reissen unsere Iglus nieder. Wir sind leider zu schwach, um uns gegen ihre Angriffe zu verteidigen.	黑脚族是个好战的部落！他们住在南方地区。他们不断袭击我们的村庄，烧杀抢掠，推倒我们的冰屋。可惜我们太弱小，无法抵御他们的进攻。
data_m__data_m__c1_txt__c1_fhll__text_020201.txt	46	Helft uns! Wir benötigen dringend Nahrung und Waffen!	Helft uns! Wir benötigen dringend Nahrung und Waffen!	帮助我们！我们急需食物和武器！
data_m__data_m__c1_txt__c1_fhll__text_020201.txt	50	Gebt uns 20 Nahrung und 20 Speere, so werden wir euch helfen, den Sonnenstein zu erlangen, der vor einigen Monden vom Himmel stürzte!	Gebt uns 20 Nahrung und 20 Speere, so werden wir euch helfen, den Sonnenstein zu erlangen, der vor einigen Monden vom Himmel stürzte!	给我们20食物和20支矛，我们就帮你们得到几个月前从天上掉下来的太阳石！
data_m__data_m__c1_txt__c1_fhll__text_020201.txt	64	ZIELE:	ZIELE:	目标：
data_m__data_m__c1_txt__c1_fhll__text_020201.txt	70	Liefere den Inuit 20 Nahrung und 20 Speere (bringe sie mit einem Händler in deren Lager)	Liefere den Inuit 20 Nahrung und 20 Speere (bringe sie mit einem Händler in deren Lager)	向因纽特人交付20食物和20支矛（用商人送到他们的仓库）
data_m__data_m__c1_txt__c1_fhll__text_020202.txt	34	Willkommen, Bartgesichter! Ich, Hopi, Häuptling der Schwarzfüße, grüße euch! Ihr müsst die Gesandten des strahlenden Sonnengottes sein. Vor wenigen Monden schickte er uns einen glühenden Stein vom Himmel, um euer Kommen anzukündigen. 	Willkommen, Bartgesichter! Ich, Hopi, Häuptling der Schwarzfüße, grüße euch! Ihr müsst die Gesandten des strahlenden Sonnengottes sein. Vor wenigen Monden schickte er uns einen glühenden Stein vom Himmel, um euer Kommen anzukündigen.	欢迎，大胡子们！我是 Hopi，黑脚族首领，向你们问好！你们一定是光辉太阳神的使者。几个月前他从天上扔下一块灼热的石头，预告你们的到来。
data_m__data_m__c1_txt__c1_fhll__text_020202.txt	40	Wir, die Schwarzfüße, sind die Herrscher dieses Landes. Seit drei Wintern befinden wir uns nun im Kampf gegen die Inuit. Ein Dorf voller Diebe und Räuber! Sie kamen aus dem Norden und haben sich an den Ufern des Nj'gana Sees niedergelassen. Sie jagen unser Wild, fischen in unseren Gewässern und stehlen unsere Pelze!	Wir, die Schwarzfüße, sind die Herrscher dieses Landes. Seit drei Wintern befinden wir uns nun im Kampf gegen die Inuit. Ein Dorf voller Diebe und Räuber! Sie kamen aus dem Norden und haben sich an den Ufern des Nj'gana Sees niedergelassen. Sie jagen unser Wild, fischen in unseren Gewässern und stehlen unsere Pelze!	我们黑脚族是这片土地的统治者。三个冬天以来我们一直在和因纽特人作战。一群满是小偷和强盗的村子！他们从北方来，在 Nj'gana 湖畔定居。他们猎杀我们的猎物，在我们的水域捕鱼，偷我们的皮毛！
data_m__data_m__c1_txt__c1_fhll__text_020202.txt	42	Steht uns bei in unserem Kampf gegen diese Feiglinge! Gebt uns 50 Speere, und als Belohnung werdet ihr den Sonnenstein erhalten!	Steht uns bei in unserem Kampf gegen diese Feiglinge! Gebt uns 50 Speere, und als Belohnung werdet ihr den Sonnenstein erhalten!	帮助我们打败这些懦夫！给我们50支矛，作为奖赏你们将得到太阳石！
data_m__data_m__c1_txt__c1_fhll__text_020202.txt	56	ZIELE:	ZIELE:	目标：
data_m__data_m__c1_txt__c1_fhll__text_020202.txt	62	Liefere den Schwarzfüßen 50 Speere (bringe sie mit einem Händler in deren Lager).	Liefere den Schwarzfüßen 50 Speere (bringe sie mit einem Händler in deren Lager).	向黑脚族交付50支矛（用商人送到他们的仓库）。
data_m__data_m__c1_txt__c1_fhll__text_020301.txt	30	Mission erfüllt!	Mission erfüllt!	任务完成！
data_m__data_m__c1_txt__c1_fhll__text_020301.txt	40	Nachdem es uns gelang, die Inuit mit ausreichend Nahrung und Waffen zu versorgen, schickten sie ihre Krieger los, 	Nachdem es uns gelang, die Inuit mit ausreichend Nahrung und Waffen zu versorgen, schickten sie ihre Krieger los,	我们成功为因纽特人提供了足够的食物和武器后，他们派出了战士，
data_m__data_m__c1_txt__c1_fhll__text_020301.txt	44	die Schwarzfüße zu besiegen. 	die Schwarzfüße zu besiegen.	去打败黑脚族。
data_m__data_m__c1_txt__c1_fhll__text_020301.txt	46	Nach einem heftigen Kampf, den noch spätere Generationen in ihren Liedern besingen werden, gelang es ihnen, ihre Feinde niederzuringen. 	Nach einem heftigen Kampf, den noch spätere Generationen in ihren Liedern besingen werden, gelang es ihnen, ihre Feinde niederzuringen.	经过一场激烈的战斗——后人还会在歌谣中传唱——他们终于击败了敌人。
data_m__data_m__c1_txt__c1_fhll__text_020301.txt	52	In der Hütte des Häuptlings fanden sie auch den Sonnenstein, den sie meinem Großvater als Dank für unsere Hilfe überreichten. 	In der Hütte des Häuptlings fanden sie auch den Sonnenstein, den sie meinem Großvater als Dank für unsere Hilfe überreichten.	在首领的小屋里他们找到了太阳石，并把它交给了祖父作为感谢。
data_m__data_m__c1_txt__c1_fhll__text_020302.txt	30	Mission erfüllt!	Mission erfüllt!	任务完成！
data_m__data_m__c1_txt__c1_fhll__text_020302.txt	40	Nachdem wir ihnen die Speere überlassen hatten, stürmten die Krieger der Schwarzfüße auf das Dorf der Inuit zu. 	Nachdem wir ihnen die Speere überlassen hatten, stürmten die Krieger der Schwarzfüße auf das Dorf der Inuit zu.	我们把矛交给黑脚族后，他们的战士冲向了因纽特人的村庄。
data_m__data_m__c1_txt__c1_fhll__text_020302.txt	44	Diese hatten jenen mächtigen Waffen, die unsere Männer nach Art der Eisländischen Jäger kunstvoll gefertigt hatten, nichts entgegenzusetzen. Mit wildem Geheule flohen sie in alle Himmelsrichtungen davon. Es war ein grandioser Sieg, der Thor persönlich zur Ehre gereicht hätte!	Diese hatten jenen mächtigen Waffen, die unsere Männer nach Art der Eisländischen Jäger kunstvoll gefertigt hatten, nichts entgegenzusetzen. Mit wildem Geheule flohen sie in alle Himmelsrichtungen davon. Es war ein grandioser Sieg, der Thor persönlich zur Ehre gereicht hätte!	因纽特人面对我们的人按照冰岛猎手风格精制的强力武器毫无还手之力。他们嚎叫着四处逃散。这是一场辉煌的胜利，连 Thor 都会觉得荣耀！
data_m__data_m__c1_txt__c1_fhll__text_020302.txt	50	Als Dank für unsere Hilfe überreichte Häuptling Hopi meinem Großvater jenen leuchtenden Sonnenstein, den er in seinem Iglu bewahrt hatte. 	Als Dank für unsere Hilfe überreichte Häuptling Hopi meinem Großvater jenen leuchtenden Sonnenstein, den er in seinem Iglu bewahrt hatte.	首领 Hopi 为感谢我们的帮助，把保存在冰屋中的那块发光太阳石交给了祖父。
data_m__data_m__c1_txt__c1_fhll__text_020303.txt	30	Mission erfüllt!	Mission erfüllt!	任务完成！
data_m__data_m__c1_txt__c1_fhll__text_020303.txt	40	Die Schlacht brachte unseren Kämpen wenig Ehre ein. 	Die Schlacht brachte unseren Kämpen wenig Ehre ein.	这场战斗没能给我的战士带来多少荣耀。
data_m__data_m__c1_txt__c1_fhll__text_020303.txt	42	Die Inuit waren ausgehungert und stark geschwächt und 	Die Inuit waren ausgehungert und stark geschwächt und	因纽特人饥肠辘辘、虚弱不堪，
data_m__data_m__c1_txt__c1_fhll__text_020303.txt	46	hatten daher unseren mächtigen Speeren wenig entgegenzusetzen. 	hatten daher unseren mächtigen Speeren wenig entgegenzusetzen.	面对我们强大的长矛毫无办法。
data_m__data_m__c1_txt__c1_fhll__text_020303.txt	48	Es war für unsere Krieger ein leichtes, den Sieg davonzutragen.	Es war für unsere Krieger ein leichtes, den Sieg davonzutragen.	我们的战士轻松取得了胜利。
data_m__data_m__c1_txt__c1_fhll__text_020303.txt	54	Als er die Kunde von unserem Sieg vernahm, überreichte der Häuptling der Schwarzfüße meinem Großvater zum Dank jenen leuchtenden Sonnenstein, für den so viele unserer Männer ihr Leben gewagt hatten. 	Als er die Kunde von unserem Sieg vernahm, überreichte der Häuptling der Schwarzfüße meinem Großvater zum Dank jenen leuchtenden Sonnenstein, für den so viele unserer Männer ihr Leben gewagt hatten.	当黑脚族首领听说我们胜利的消息后，把那块发光的太阳石交给了祖父作为感谢——为了这块石头，我们这么多勇士冒着生命危险。
data_m__data_m__c1_txt__c1_fhll__text_020304.txt	30	Mission erfüllt!	Mission erfüllt!	任务完成！
data_m__data_m__c1_txt__c1_fhll__text_020304.txt	40	Es war eine Schlacht, von der spätere Generationen noch in ihren Liedern singen würden! 	Es war eine Schlacht, von der spätere Generationen noch in ihren Liedern singen würden!	这是一场后人会在歌谣中传唱的战斗！
data_m__data_m__c1_txt__c1_fhll__text_020304.txt	44	Nur mit ehernen Speeren bewaffnet stürmten unsere Krieger das Dorf der Schwarzfüße und brachten ihnen eine herbe Niederlage bei! 	Nur mit ehernen Speeren bewaffnet stürmten unsere Krieger das Dorf der Schwarzfüße und brachten ihnen eine herbe Niederlage bei!	我们的战士只拿着铜矛就冲进了黑脚族的村庄，给他们以惨痛的失败！
data_m__data_m__c1_txt__c1_fhll__text_020304.txt	50	Als mein Großvater die Trümmer der Siedlung durchsuchte, fand er tatsächlich in der Hütte des Häuptlings den gesuchten Sonnensplitter.	Als mein Großvater die Trümmer der Siedlung durchsuchte, fand er tatsächlich in der Hütte des Häuptlings den gesuchten Sonnensplitter.	祖父在废墟中搜寻时，真的在首领小屋里找到了那块太阳碎片。
data_m__data_m__c1_txt__c1_fhll__text_030101.txt	32	MARKLAND	MARKLAND	马克兰
data_m__data_m__c1_txt__c1_fhll__text_030101.txt	40	Nachdem wir den Sonnensplitter erhalten hatten, beluden wir unser Schiff und setzten Kurs Richtung Süden.	Nachdem wir den Sonnensplitter erhalten hatten, beluden wir unser Schiff und setzten Kurs Richtung Süden.	拿到太阳碎片后，我们装好船，向南航行。
data_m__data_m__c1_txt__c1_fhll__text_030101.txt	42	Odin schickte uns günstige Winde, so dass  wir rasch voran kamen.	Odin schickte uns günstige Winde, so dass  wir rasch voran kamen.	Odin 赐予我们顺风，我们进展很快。
data_m__data_m__c1_txt__c1_fhll__text_030101.txt	44	Die felsige Küste wich allmählich zurück, stattdessen spannte sich ein feiner goldener Strand bis zum Horizont. 	Die felsige Küste wich allmählich zurück, stattdessen spannte sich ein feiner goldener Strand bis zum Horizont.	多岩的海岸渐渐退去，取而代之是一片延伸到地平线的金色沙滩。
data_m__data_m__c1_txt__c1_fhll__text_030101.txt	46	Das Hinterland, welches sanft zum Meer abfiel, war inzwischen dicht mit Bäumen bewachsen.	Das Hinterland, welches sanft zum Meer abfiel, war inzwischen dicht mit Bäumen bewachsen.	向内陆缓缓倾斜的土地上长满了茂密的树木。
data_m__data_m__c1_txt__c1_fhll__text_030101.txt	52	Großvater beschloß, hier an Land zu gehen, damit wir die Vorräte auffrischen konnten. 	Großvater beschloß, hier an Land zu gehen, damit wir die Vorräte auffrischen konnten.	祖父决定在这里登陆，好让我们补充物资。
data_m__data_m__c1_txt__c1_fhll__text_030101.txt	54	Da das Land so reich an Bäumen war, gab er ihm den Namen Markland, was Waldland bedeutet.	Da das Land so reich an Bäumen war, gab er ihm den Namen Markland, was Waldland bedeutet.	因为这里树木茂盛，他给它起名 Markland，意为林地。
data_m__data_m__c1_txt__c1_fhll__text_030101.txt	60	Die Männer zogen unser Knarr einige Meter auf den Strand, um es vor den Stürmen der See zu schützen. 	Die Männer zogen unser Knarr einige Meter auf den Strand, um es vor den Stürmen der See zu schützen.	男人们把龙船拖上岸几米，以保护它免受海上风暴的侵袭。
data_m__data_m__c1_txt__c1_fhll__text_030101.txt	62	Doch bevor wir unsere Zelte aufschlugen, wurden zwei Späher losgeschickt, um die Gegend zu erkunden. 	Doch bevor wir unsere Zelte aufschlugen, wurden zwei Späher losgeschickt, um die Gegend zu erkunden.	但在扎帐篷之前，两个侦察兵被派出去探查周围。
data_m__data_m__c1_txt__c1_fhll__text_030101.txt	64	Kurz vor Einbruch der Dunkelheit kehrten sie beide zurück und berichteten voller Aufregung von ihren Entdeckungen. 	Kurz vor Einbruch der Dunkelheit kehrten sie beide zurück und berichteten voller Aufregung von ihren Entdeckungen.	天黑前他们回来了，兴奋地报告了发现。
data_m__data_m__c1_txt__c1_fhll__text_030101.txt	70	Thorfill, den die Männer den Wanderer nannten, war ins Landesinnere Richtung Nordwesten vorgedrungen. 	Thorfill, den die Männer den Wanderer nannten, war ins Landesinnere Richtung Nordwesten vorgedrungen.	Thorfill——人们叫他流浪者——深入内陆向西北方向探索。
data_m__data_m__c1_txt__c1_fhll__text_030101.txt	72	Dort war er nach kurzer Zeit auf eine Siedlung seltsamer Waldleute gestoßen. 	Dort war er nach kurzer Zeit auf eine Siedlung seltsamer Waldleute gestoßen.	他很快发现了一个奇怪的林中部族的聚居地。
data_m__data_m__c1_txt__c1_fhll__text_030101.txt	74	Menschen schienen es zu sein, aber ihre Gesichter waren grimmig, ihre Haut leuchtete rot und ihr schwarzes Haar war mit Rabenfedern geschmückt. 	Menschen schienen es zu sein, aber ihre Gesichter waren grimmig, ihre Haut leuchtete rot und ihr schwarzes Haar war mit Rabenfedern geschmückt.	看起来是人，但面容凶悍，皮肤泛红，黑发上装饰着乌鸦羽毛。
data_m__data_m__c1_txt__c1_fhll__text_030101.txt	76	Ihre Zelte bestanden aus kreisförmigen Pfählen, die oben spitz zusammenliefen und mit Tierhäuten umspannt waren. 	Ihre Zelte bestanden aus kreisförmigen Pfählen, die oben spitz zusammenliefen und mit Tierhäuten umspannt waren.	他们的帐篷由圆形的木桩组成，顶部尖收，外覆兽皮。
data_m__data_m__c1_txt__c1_fhll__text_030101.txt	78	Sie schienen wild und kriegerisch zu sein, so dass sich Thorfill im Unterholz verbergen und die Dämmerung abwarten musste, ehe er zum Schiff zurückkehren konnte.	Sie schienen wild und kriegerisch zu sein, so dass sich Thorfill im Unterholz verbergen und die Dämmerung abwarten musste, ehe er zum Schiff zurückkehren konnte.	他们看起来野蛮好战，Thorfill 只好躲在灌木丛中等到黄昏才能回船。
data_m__data_m__c1_txt__c1_fhll__text_030101.txt	84	Mein Oheim Thorwald Erikssohn dagegen hatte sich Richtung Süden gewandt. 	Mein Oheim Thorwald Erikssohn dagegen hatte sich Richtung Süden gewandt.	我的叔父 Thorwald Erikssohn 则转向了南方。
data_m__data_m__c1_txt__c1_fhll__text_030101.txt	86	Dort war er auf ein Gebirge gestoßen, welches er an der Nordflanke in Richtung des Landesinneren umlief. 	Dort war er auf ein Gebirge gestoßen, welches er an der Nordflanke in Richtung des Landesinneren umlief.	他遇到了一座山脉，从北麓绕行进入内陆。
data_m__data_m__c1_txt__c1_fhll__text_030101.txt	88	Er kam an einem See entlang, in dem sich prächtige Fische tummelten. 	Er kam an einem See entlang, in dem sich prächtige Fische tummelten.	经过一个湖泊，湖中游鱼丰美。
data_m__data_m__c1_txt__c1_fhll__text_030101.txt	94	An den Westufern des Sees war schließlich auch er auf eine Siedlung dieser seltsamen Waldleute gestoßen. 	An den Westufern des Sees war schließlich auch er auf eine Siedlung dieser seltsamen Waldleute gestoßen.	在湖西岸他也遇到了这些奇怪林中部族的聚居地。
data_m__data_m__c1_txt__c1_fhll__text_030101.txt	96	Da sie ihm einen friedlichen Eindruck machten, hatte es Thorwald gewagt, sich ihnen zu nähern. 	Da sie ihm einen friedlichen Eindruck machten, hatte es Thorwald gewagt, sich ihnen zu nähern.	因为他们看起来和平，Thorwald 冒险接近了他们。
data_m__data_m__c1_txt__c1_fhll__text_030101.txt	98	Das Erstaunen der Waldleute war groß, als sie den Wikinger erspähten. 	Das Erstaunen der Waldleute war groß, als sie den Wikinger erspähten.	林中部族看到维京人时大为惊奇。
data_m__data_m__c1_txt__c1_fhll__text_030101.txt	100	Unter großem Aufruhr wurde er zum Häuptling des Stammes geführt, der in einem prächtigen, kunstvoll bemalten Zelt wohnte. 	Unter großem Aufruhr wurde er zum Häuptling des Stammes geführt, der in einem prächtigen, kunstvoll bemalten Zelt wohnte.	在一片骚动中他被带到了部落首领面前，首领住在一顶华丽的、精心彩绘的帐篷里。
data_m__data_m__c1_txt__c1_fhll__text_030101.txt	102	Als Thorwald im Inneren des Zeltes den Häuptling erblickte, glaubte er von Thors Hammer getroffen zu werden! 	Als Thorwald im Inneren des Zeltes den Häuptling erblickte, glaubte er von Thors Hammer getroffen zu werden!	当 Thorwald 在帐篷里看到首领时，简直像被 Thor 的锤子击中了一样！
data_m__data_m__c1_txt__c1_fhll__text_030101.txt	108	In seiner Hand hielt der Häuptling einen kostbar geschnitzten Stab aus Eschenholz. 	In seiner Hand hielt der Häuptling einen kostbar geschnitzten Stab aus Eschenholz.	首领手中拿着一根精雕的白蜡木权杖。
data_m__data_m__c1_txt__c1_fhll__text_030101.txt	110	Das obere Ende des Stabs war gekrümmt wie die Kralle eines Adlers, und in dieser Kralle lag - ein Sonnensplitter...	Das obere Ende des Stabs war gekrümmt wie die Kralle eines Adlers, und in dieser Kralle lag - ein Sonnensplitter...	杖顶弯曲如鹰爪，爪中——放着一块太阳碎片……
data_m__data_m__c1_txt__c1_fhll__text_030101.txt	124	ZIELE:	ZIELE:	目标：
data_m__data_m__c1_txt__c1_fhll__text_030101.txt	130	Verteidige Dein Dorf gegen die Angriffe der Indianer aus dem Norden.	Verteidige Dein Dorf gegen die Angriffe der Indianer aus dem Norden.	保卫你的村庄免受北方印第安人的攻击。
data_m__data_m__c1_txt__c1_fhll__text_030101.txt	136	"Tausche mit dem Indianerstamm im Südwesten den Sonnensplitter, den sie ""Die Träne Manitus"" nennen."	"Tausche mit dem Indianerstamm im Südwesten den Sonnensplitter, den sie ""Die Träne Manitus"" nennen."	"与西南方的印第安部落交换太阳碎片，他们称之为""玛尼图 的眼泪""。"
data_m__data_m__c1_txt__c1_fhll__text_030201.txt	36	Möge Manitu euch Frieden schenken! 	Möge Manitu euch Frieden schenken!	愿 玛尼图 赐予你们和平！
data_m__data_m__c1_txt__c1_fhll__text_030201.txt	38	Mein Name ist Hinkender Bär, Häuptling der Krummnasen. Euer tapferer Krieger hat uns von eurer Ankunft berichtet. Auch erzählte er von einem goldenen Saft, den ihr Bier nennt. Er brennt in der Kehle und beschwört den Geist der Ahnen!	Mein Name ist Hinkender Bär, Häuptling der Krummnasen. Euer tapferer Krieger hat uns von eurer Ankunft berichtet. Auch erzählte er von einem goldenen Saft, den ihr Bier nennt. Er brennt in der Kehle und beschwört den Geist der Ahnen!	我叫 Hinkender Bär（跛熊），弯鼻族首领。你们勇敢的战士告诉了我们你们到来的消息。他还说到了一种金色的饮料，你们叫它啤酒。它在喉咙里灼烧，召唤祖先的灵魂！
data_m__data_m__c1_txt__c1_fhll__text_030201.txt	44	"Bringt 20 dieser Biere in unser Dorf an den Ufern des Klitschnass-Sees, und ""Die Träne Manitus"", nach der ihr begehrt, soll euer sein!"	"Bringt 20 dieser Biere in unser Dorf an den Ufern des Klitschnass-Sees, und ""Die Träne Manitus"", nach der ihr begehrt, soll euer sein!"	"送20桶啤酒到我们湿漉漉湖畔的村庄，你们渴望的""玛尼图 的眼泪""就归你们！"
data_m__data_m__c1_txt__c1_fhll__text_030201.txt	58	ZIELE:	ZIELE:	目标：
data_m__data_m__c1_txt__c1_fhll__text_030201.txt	64	Liefere den Krummnasen 20 Biere (bringe sie mit einem Händler in deren Lager).	Liefere den Krummnasen 20 Biere (bringe sie mit einem Händler in deren Lager).	向弯鼻族交付20桶啤酒（用商人送到他们的仓库）。
data_m__data_m__c1_txt__c1_fhll__text_030202.txt	36	Fremdlinge! Ihr seid in die heiligen Stätten unserer Ahnen eingedrungen! Zieht euch sofort zurück, oder ihr werdet unseren Zorn zu spüren bekommen!	Fremdlinge! Ihr seid in die heiligen Stätten unserer Ahnen eingedrungen! Zieht euch sofort zurück, oder ihr werdet unseren Zorn zu spüren bekommen!	陌生人！你们闯入了我们祖先的圣地！立刻撤退，否则你们将感受到我们的怒火！
data_m__data_m__c1_txt__c1_fhll__text_030203.txt	36	Hunde! Ihr habt die Stätten unserer Ahnen entehrt! Meine Krieger werden eure Behausungen niederreißen! Mögen die Ahnen ihre Ruhe dadurch wiederfinden!	Hunde! Ihr habt die Stätten unserer Ahnen entehrt! Meine Krieger werden eure Behausungen niederreißen! Mögen die Ahnen ihre Ruhe dadurch wiederfinden!	狗东西！你们亵渎了我们祖先的圣地！我的战士要拆毁你们的住所！让祖先因此重获安宁！
data_m__data_m__c1_txt__c1_fhll__text_030204.txt	36	Rotbärte! Ihr seid in unsere heiligen Jagdgründe eingedrungen! Zieht euch sofort zurück, oder ihr werdet unseren Zorn zu spüren bekommen!	Rotbärte! Ihr seid in unsere heiligen Jagdgründe eingedrungen! Zieht euch sofort zurück, oder ihr werdet unseren Zorn zu spüren bekommen!	红胡子！你们闯入了我们的神圣猎场！立刻撤退，否则你们将感受到我们的怒火！
data_m__data_m__c1_txt__c1_fhll__text_030205.txt	36	Rotbärte! Warum habt ihr nicht den Rat des Großen Häuptlings befolgt? Meine Krieger werden euer seltsames Wigwam dem Erdboden gleich machen, um Manitu zu besänftigen!	Rotbärte! Warum habt ihr nicht den Rat des Großen Häuptlings befolgt? Meine Krieger werden euer seltsames Wigwam dem Erdboden gleich machen, um Manitu zu besänftigen!	红胡子！你们为什么不听从大首领的劝告？我的战士要把你们奇怪的帐篷夷为平地，以平息 玛尼图 的怒火！
data_m__data_m__c1_txt__c1_fhll__text_030206.txt	36	Hört Hinkenden Bär, Häuptling der Krummnasen!	Hört Hinkenden Bär, Häuptling der Krummnasen!	听好了，跛熊，弯鼻族首领说的话！
data_m__data_m__c1_txt__c1_fhll__text_030206.txt	38	Ihr habt unsere nordischen Brüder überfallen und eines ihrer Zelte zerstört! Beendet euren Kampf, oder Manitu wird seinen Zorn über euch schicken!	Ihr habt unsere nordischen Brüder überfallen und eines ihrer Zelte zerstört! Beendet euren Kampf, oder Manitu wird seinen Zorn über euch schicken!	你们袭击了我们的北方兄弟，还毁了一顶帐篷！停止战斗，否则 玛尼图 会降怒于你们！
data_m__data_m__c1_txt__c1_fhll__text_030206.txt	44	"Hinkender Bär fordert nun 30 Bier sowie 10 eurer wundersamen Werkzeuge als Preis für ""Die Träne Manitus""! Hugh! Ich habe gesprochen!"	"Hinkender Bär fordert nun 30 Bier sowie 10 eurer wundersamen Werkzeuge als Preis für ""Die Träne Manitus""! Hugh! Ich habe gesprochen!"	"跛熊现在要求30桶啤酒和10件你们的神奇工具作为""玛尼图 的眼泪""的代价！哼！我说完了！"
data_m__data_m__c1_txt__c1_fhll__text_030206.txt	58	ZIELE:	ZIELE:	目标：
data_m__data_m__c1_txt__c1_fhll__text_030206.txt	64	Liefere den Krummnasen 30 Biere und 10 Werkzeuge (bringe sie mit einem Händler in deren Lager).	Liefere den Krummnasen 30 Biere und 10 Werkzeuge (bringe sie mit einem Händler in deren Lager).	向弯鼻族交付30桶啤酒和10件工具（用商人送到他们的仓库）。
data_m__data_m__c1_txt__c1_fhll__text_030207.txt	36	Söhne einer Natter! Ihr habt meinen Rat nicht befolgt! Möge Manitu euch für diese Freveltat seinen Zorn spüren lassen und eure Bärte versengen!	Söhne einer Natter! Ihr habt meinen Rat nicht befolgt! Möge Manitu euch für diese Freveltat seinen Zorn spüren lassen und eure Bärte versengen!	蛇崽子！你们不听我的劝告！愿 玛尼图 因这亵渎之举降怒于你们，烧焦你们的胡子！
data_m__data_m__c1_txt__c1_fhll__text_030207.txt	38	"Hinkender Bär verlangt nun für ""Die Träne Manitus"" 50 Bier und 20 eurer Werkzeuge! Nur so kann euer Frevel gesühnt werden!"	"Hinkender Bär verlangt nun für ""Die Träne Manitus"" 50 Bier und 20 eurer Werkzeuge! Nur so kann euer Frevel gesühnt werden!"	"跛熊现在要求50桶啤酒和20件工具换取""玛尼图 的眼泪""！只有这样你们才能赎罪！"
data_m__data_m__c1_txt__c1_fhll__text_030207.txt	52	ZIELE:	ZIELE:	目标：
data_m__data_m__c1_txt__c1_fhll__text_030207.txt	58	Liefere den Krummnasen 50 Biere und 20 Werkzeuge (bringe sie mit einem Händler in deren Lager).	Liefere den Krummnasen 50 Biere und 20 Werkzeuge (bringe sie mit einem Händler in deren Lager).	向弯鼻族交付50桶啤酒和20件工具（用商人送到他们的仓库）。
data_m__data_m__c1_txt__c1_fhll__text_030208.txt	36	Bei allen bösen Geistern! Ihr habt es gewagt, unsere Brüder zu vernichten! Mögen die Geister der Toten euch heimsuchen und eure Zungen lähmen!	Bei allen bösen Geistern! Ihr habt es gewagt, unsere Brüder zu vernichten! Mögen die Geister der Toten euch heimsuchen und eure Zungen lähmen!	以所有恶灵之名！你们竟敢毁灭我们的兄弟！愿亡灵缠上你们，让你们舌头瘫痪！
data_m__data_m__c1_txt__c1_fhll__text_030208.txt	38	"Als Strafe für dieses Verbrechen verlangt Hinkender Bär 70 Bier und 30 Werkzeuge von euch! Dann mögen die Götter entscheiden, ob ihr ""Die Träne Manitus"" bekommen sollt!"	"Als Strafe für dieses Verbrechen verlangt Hinkender Bär 70 Bier und 30 Werkzeuge von euch! Dann mögen die Götter entscheiden, ob ihr ""Die Träne Manitus"" bekommen sollt!"	"作为对此罪行的惩罚，跛熊要求你们交出70桶啤酒和30件工具！然后让神灵决定你们是否该得到""玛尼图 的眼泪""！"
data_m__data_m__c1_txt__c1_fhll__text_030208.txt	52	ZIELE:	ZIELE:	目标：
data_m__data_m__c1_txt__c1_fhll__text_030208.txt	58	Liefere den Krummnasen 70 Biere und 30 Werkzeuge (bringe sie mit einem Händler in deren Lager).	Liefere den Krummnasen 70 Biere und 30 Werkzeuge (bringe sie mit einem Händler in deren Lager).	向弯鼻族交付70桶啤酒和30件工具（用商人送到他们的仓库）。
data_m__data_m__c1_txt__c1_fhll__text_030209.txt	36	Ihr wagt es, uns anzugreifen? Zieht euch sofort zurück, oder die Rache der Krummnasen wird euch treffen!	Ihr wagt es, uns anzugreifen? Zieht euch sofort zurück, oder die Rache der Krummnasen wird euch treffen!	你们竟敢攻击我们？立刻撤退，否则弯鼻族的报复将降临到你们头上！
data_m__data_m__c1_txt__c1_fhll__text_030210.txt	36	Elendige Zungenspalter! Das also bedeutet bei euch Frieden und Freundschaft! Ihr sollt erfahren, was es heißt, die Krummnasen zum Feind zu haben! Möge Manitu euren Seelen gnädig sein! Hugh!	Elendige Zungenspalter! Das also bedeutet bei euch Frieden und Freundschaft! Ihr sollt erfahren, was es heißt, die Krummnasen zum Feind zu haben! Möge Manitu euren Seelen gnädig sein! Hugh!	卑鄙的舌头分叉者！这就是你们所谓的和平与友谊！你们将知道与弯鼻族为敌的后果！愿 玛尼图 宽恕你们的灵魂！哼！
data_m__data_m__c1_txt__c1_fhll__text_030301.txt	30	Mission erfüllt!	Mission erfüllt!	任务完成！
data_m__data_m__c1_txt__c1_fhll__text_030301.txt	40	Endlich war es uns gelungen, das Vertrauen der Rotgesichter zu erlangen. 	Endlich war es uns gelungen, das Vertrauen der Rotgesichter zu erlangen.	我们终于赢得了红肤人的信任。
data_m__data_m__c1_txt__c1_fhll__text_030301.txt	44	Bei einem rauschenden Fest im Dorf der Krummnasen, bei dem auch so manches Faß Bier geleert wurde, feierte man die neue Freundschaft. 	Bei einem rauschenden Fest im Dorf der Krummnasen, bei dem auch so manches Faß Bier geleert wurde, feierte man die neue Freundschaft.	在弯鼻族村子里的一场盛大宴会上——不少啤酒桶被喝空——大家庆祝新建立的友谊。
data_m__data_m__c1_txt__c1_fhll__text_030301.txt	46	Die Männer, Wikinger wie Krummnasen, saßen gemeinsam um ein loderndes Lagerfeuer und lachten fröhlich. 	Die Männer, Wikinger wie Krummnasen, saßen gemeinsam um ein loderndes Lagerfeuer und lachten fröhlich.	男人们，维京人和弯鼻族 alike，围坐在篝火旁欢声笑语。
data_m__data_m__c1_txt__c1_fhll__text_030301.txt	48	Zwei ihrer Krieger hatten einen prächtigen Rothirsch gefangen und brieten sein Fleisch nun über dem Feuer.	Zwei ihrer Krieger hatten einen prächtigen Rothirsch gefangen und brieten sein Fleisch nun über dem Feuer.	两个战士抓到了一头雄壮的红鹿，正在火上烤肉。
data_m__data_m__c1_txt__c1_fhll__text_030301.txt	54	Häuptling Hinkender Bär saß stolz auf einem Stoß edelster Felle. 	Häuptling Hinkender Bär saß stolz auf einem Stoß edelster Felle.	跛熊首领骄傲地坐在一堆上等皮毛上。
data_m__data_m__c1_txt__c1_fhll__text_030301.txt	56	Zu seiner Rechten mein Großvater, zu seiner Linken mein Onkel Thorwald, welchen der Häuptling aufgrund seiner Tapferkeit besonders zu schätzen gelernt hatte. 	Zu seiner Rechten mein Großvater, zu seiner Linken mein Onkel Thorwald, welchen der Häuptling aufgrund seiner Tapferkeit besonders zu schätzen gelernt hatte.	右边是祖父，左边是叔父 Thorwald，首领因为他的勇敢而特别敬重他。
data_m__data_m__c1_txt__c1_fhll__text_030301.txt	62	Als das Fest vorangeschritten war, reichte Hinkender Bär meinem Großvater in einer feierlichen Geste ein hölzernes, mit Adlerfedern geschmücktes Rohr, in dem er ein wohlriechendes Kraut entzündet hatte. Großvater nahm es verwundert entgegen, hielt es dann auf Anweisung des Häuptlings an seine Lippen und atmete tief ein. 	Als das Fest vorangeschritten war, reichte Hinkender Bär meinem Großvater in einer feierlichen Geste ein hölzernes, mit Adlerfedern geschmücktes Rohr, in dem er ein wohlriechendes Kraut entzündet hatte. Großvater nahm es verwundert entgegen, hielt es dann auf Anweisung des Häuptlings an seine Lippen und atmete tief ein.	宴会进行到后来，跛熊郑重地递给祖父一根装饰着鹰羽的木管，里面点燃了芳香的草药。祖父好奇地接过，按照首领的指示含在嘴里深深吸了一口。
data_m__data_m__c1_txt__c1_fhll__text_030301.txt	64	Sein Gesicht färbte sich rot und blau, als er mit aller Kraft einen Hustenanfall unterdrücken mußte. 	Sein Gesicht färbte sich rot und blau, als er mit aller Kraft einen Hustenanfall unterdrücken mußte.	他憋着咳嗽，脸涨得红一块紫一块。
data_m__data_m__c1_txt__c1_fhll__text_030301.txt	66	Hinkender Bär jedoch nickte bedächtig und überreichte meinem Großvater als Dank für die gewonnene Freundschaft den Sonnensplitter.	Hinkender Bär jedoch nickte bedächtig und überreichte meinem Großvater als Dank für die gewonnene Freundschaft den Sonnensplitter.	跛熊满意地点点头，把太阳碎片作为友谊的见证交给了祖父。
data_m__data_m__c1_txt__c1_fhll__text_030302.txt	30	Mission erfüllt!	Mission erfüllt!	任务完成！
data_m__data_m__c1_txt__c1_fhll__text_030302.txt	42	Unser feindliches Verhalten hatte schließlich den Zorn der Krummnasen heraufbeschworen. 	Unser feindliches Verhalten hatte schließlich den Zorn der Krummnasen heraufbeschworen.	我们的敌对行为最终招致了弯鼻族的怒火。
data_m__data_m__c1_txt__c1_fhll__text_030302.txt	46	Ihre Krieger gruben das Kriegsbeil aus und stürmten mit einer erschreckenden Übermacht gegen uns an!	Ihre Krieger gruben das Kriegsbeil aus und stürmten mit einer erschreckenden Übermacht gegen uns an!	他们的战士挖出战斧，以压倒性的人数向我们冲来！
data_m__data_m__c1_txt__c1_fhll__text_030302.txt	50	Ich selbst war noch zu jung, um mich auf dem Schlachtfeld zu beweisen. 	Ich selbst war noch zu jung, um mich auf dem Schlachtfeld zu beweisen.	我还太年轻，无法上战场。
data_m__data_m__c1_txt__c1_fhll__text_030302.txt	52	Darum zog ich es vor, mich in einem kleinen Waldstück zu verbergen und im Schutz des Unterholzes den Ausgang des Kampfes zu beobachten.	Darum zog ich es vor, mich in einem kleinen Waldstück zu verbergen und im Schutz des Unterholzes den Ausgang des Kampfes zu beobachten.	所以我选择躲在一小片树林里，在灌木丛的掩护下观察战斗的结局。
data_m__data_m__c1_txt__c1_fhll__text_030302.txt	58	Die Krieger meines Dorfes, allen voran Onkel Thorwald, kämpften tapfer und voller Entschlossenheit. 	Die Krieger meines Dorfes, allen voran Onkel Thorwald, kämpften tapfer und voller Entschlossenheit.	我们村的战士，尤其是叔父 Thorwald，勇敢而坚定地战斗。
data_m__data_m__c1_txt__c1_fhll__text_030302.txt	60	Der Donnergott persönlich mußte seine Freude an ihrem Mut gefunden haben, denn obwohl uns die Skrälinge an Männern weit überlegen waren, schenkte uns Thor nach hartem Kampf den Sieg! 	Der Donnergott persönlich mußte seine Freude an ihrem Mut gefunden haben, denn obwohl uns die Skrälinge an Männern weit überlegen waren, schenkte uns Thor nach hartem Kampf den Sieg!	雷神一定欣赏他们的勇气，因为虽然野蛮人在人数上远超我们，Thor 经过苦战后赐予了我们胜利！
data_m__data_m__c1_txt__c1_fhll__text_030302.txt	66	Von meinem Unterschlupf aus konnte ich beobachten, wie die Männer vom Schlachtfeld gegen das Dorf der Krummnasen zogen und es dem Erdboden gleichmachten. 	Von meinem Unterschlupf aus konnte ich beobachten, wie die Männer vom Schlachtfeld gegen das Dorf der Krummnasen zogen und es dem Erdboden gleichmachten.	从藏身处我看到战士们从战场冲向弯鼻族的村庄，将其夷为平地。
data_m__data_m__c1_txt__c1_fhll__text_030302.txt	68	"Im Zelt des Häuptlings fand Thorwald endlich auch die ""Träne Manitus"", wegen der soviel Blut vergossen worden war... "	"Im Zelt des Häuptlings fand Thorwald endlich auch die ""Träne Manitus"", wegen der soviel Blut vergossen worden war..."	"在首领帐篷里，Thorwald 终于找到了""玛尼图 的眼泪""——为了它流了这么多血……"
data_m__data_m__c1_txt__c1_fhll__text_040101.txt	32	VINLAND	VINLAND	酒地
data_m__data_m__c1_txt__c1_fhll__text_040101.txt	44	Endlich hielten wir den dritten Sonnenstein in unseren Händen!	Endlich hielten wir den dritten Sonnenstein in unseren Händen!	我们终于把第三块太阳石拿在手中！
data_m__data_m__c1_txt__c1_fhll__text_040101.txt	50	Da unsere Vorräte fast aufgebraucht waren und in diesem Landstrich nichts mehr zu entdecken war, beschloß Großvater, die nächste Flut zu nutzen und Markland zu verlassen.	Da unsere Vorräte fast aufgebraucht waren und in diesem Landstrich nichts mehr zu entdecken war, beschloß Großvater, die nächste Flut zu nutzen und Markland zu verlassen.	由于物资即将耗尽，这片区域也没什么可发现的了，祖父决定利用下一次涨潮离开 Markland。
data_m__data_m__c1_txt__c1_fhll__text_040101.txt	56	Die Winde trieben uns bald weiter Richtung Süden. 	Die Winde trieben uns bald weiter Richtung Süden.	风很快把我们推向更南方。
data_m__data_m__c1_txt__c1_fhll__text_040101.txt	58	Die Küste wich allmählich zurück und geriet außer Sicht. 	Die Küste wich allmählich zurück und geriet außer Sicht.	海岸渐渐退去，消失在视野中。
data_m__data_m__c1_txt__c1_fhll__text_040101.txt	60	Großvater beriet sich mit meinem Vater, was zu tun sei. 	Großvater beriet sich mit meinem Vater, was zu tun sei.	祖父和父亲商议该怎么办。
data_m__data_m__c1_txt__c1_fhll__text_040101.txt	62	Sie beschlossen, den Kurs zu ändern und nun Richtung Westen zu kreuzen.	Sie beschlossen, den Kurs zu ändern und nun Richtung Westen zu kreuzen.	他们决定改变航向，向西横渡。
data_m__data_m__c1_txt__c1_fhll__text_040101.txt	68	Am zweiten Tag kam dichter Nebel auf und eine starke Strömung brachte uns vom Kurs ab. 	Am zweiten Tag kam dichter Nebel auf und eine starke Strömung brachte uns vom Kurs ab.	第二天起了大雾，一股强流把我们推离了航线。
data_m__data_m__c1_txt__c1_fhll__text_040101.txt	70	Die Männer mußten nun kräftig in die Ruder greifen, um nicht aufs offene Meer hinaus getrieben zu werden. 	Die Männer mußten nun kräftig in die Ruder greifen, um nicht aufs offene Meer hinaus getrieben zu werden.	男人们不得不拼命划桨，以免被推到开阔的大海上。
data_m__data_m__c1_txt__c1_fhll__text_040101.txt	72	Als sich nach einigen Stunden schließlich die weißen Schwaden lichteten, erblickten wir Land, das sich nur wenige Steinwürfe von uns entfernt aus dem Meer erhob.	Als sich nach einigen Stunden schließlich die weißen Schwaden lichteten, erblickten wir Land, das sich nur wenige Steinwürfe von uns entfernt aus dem Meer erhob.	几个小时后白色雾气终于散去，我们看到陆地就在几步之遥的地方从海中升起。
data_m__data_m__c1_txt__c1_fhll__text_040101.txt	78	Mein Vater steuerte zielstrebig eine kleine Bucht an, die unserem Schiff Schutz vor gefährlichen Strömungen bot, und wir gingen von Bord.	Mein Vater steuerte zielstrebig eine kleine Bucht an, die unserem Schiff Schutz vor gefährlichen Strömungen bot, und wir gingen von Bord.	父亲果断地把船驶向一个小海湾，那里能保护船免受危险洋流的影响，我们下了船。
data_m__data_m__c1_txt__c1_fhll__text_040101.txt	84	Die Küste fiel hier flach wie eine Kinderbrust ins Meer ab. 	Die Küste fiel hier flach wie eine Kinderbrust ins Meer ab.	海岸平缓地延伸到海里。
data_m__data_m__c1_txt__c1_fhll__text_040101.txt	86	Saftiges Grün bedeckte den Boden soweit das Auge reichte. 	Saftiges Grün bedeckte den Boden soweit das Auge reichte.	目之所及，大地覆盖着嫩绿的植被。
data_m__data_m__c1_txt__c1_fhll__text_040101.txt	88	Thorfill entdeckte Spuren von Hasen, Bären und wilden Schweinen im weichen Gras. 	Thorfill entdeckte Spuren von Hasen, Bären und wilden Schweinen im weichen Gras.	Thorfill 在柔软的草地上发现了兔子、熊和野猪的足迹。
data_m__data_m__c1_txt__c1_fhll__text_040101.txt	90	Kleine Tannenwälder säumten die Flanken der Hügel. Sogar Obstbäume wuchsen an den Ufern der Bucht. 	Kleine Tannenwälder säumten die Flanken der Hügel. Sogar Obstbäume wuchsen an den Ufern der Bucht.	小片松林点缀在山坡上。海湾边甚至长着果树。
data_m__data_m__c1_txt__c1_fhll__text_040101.txt	96	Die größte Entdeckung machte jedoch Tyker, der Weitfahrer. 	Die größte Entdeckung machte jedoch Tyker, der Weitfahrer.	最大的发现要归功于 Tyker，远行者。
data_m__data_m__c1_txt__c1_fhll__text_040101.txt	98	Als er sich zum Erleichtern von unserer Gruppe entfernte, stolperte er über Ranken, die merkwürdige Früchte trugen. 	Als er sich zum Erleichtern von unserer Gruppe entfernte, stolperte er über Ranken, die merkwürdige Früchte trugen.	他离开队伍去解手时，被结着奇特果实的藤蔓绊倒了。
data_m__data_m__c1_txt__c1_fhll__text_040101.txt	100	In seinem Leben hatte er viele Länder bereist, daher erkannte er gleich, was er da entdeckt hatte - es war wilder Wein! 	In seinem Leben hatte er viele Länder bereist, daher erkannte er gleich, was er da entdeckt hatte - es war wilder Wein!	他一生游历过许多国家，所以立刻认出了他发现的东西——野葡萄！
data_m__data_m__c1_txt__c1_fhll__text_040101.txt	102	Freudig erregt berichtete er den anderen von seinem Fund. 	Freudig erregt berichtete er den anderen von seinem Fund.	他激动地把发现告诉了其他人。
data_m__data_m__c1_txt__c1_fhll__text_040101.txt	104	Großvater nahm diese Entdeckung zum Anlaß und gab dem Land den Namen Vinland, was Weinland bedeutet.	Großvater nahm diese Entdeckung zum Anlaß und gab dem Land den Namen Vinland, was Weinland bedeutet.	祖父以此发现为由，给这片土地起名 Vinland，意为酒地。
data_m__data_m__c1_txt__c1_fhll__text_040101.txt	110	Hier wollten wir uns niederlassen und genügend Vorräte für eine lange Reise sammeln. 	Hier wollten wir uns niederlassen und genügend Vorräte für eine lange Reise sammeln.	我们打算在这里定居，为长途旅行收集足够的物资。
data_m__data_m__c1_txt__c1_fhll__text_040101.txt	112	Die Erfahrungen mit den Rotgesichtern aus dem Norden hatten uns jedoch gelehrt, vorsichtiger zu sein und mit Überfällen zu rechnen... 	Die Erfahrungen mit den Rotgesichtern aus dem Norden hatten uns jedoch gelehrt, vorsichtiger zu sein und mit Überfällen zu rechnen...	但与北方红肤人的经历教会了我们更加小心，做好被袭击的准备……
data_m__data_m__c1_txt__c1_fhll__text_040101.txt	126	ZIELE:	ZIELE:	目标：
data_m__data_m__c1_txt__c1_fhll__text_040101.txt	132	Baue deine Siedlung auf 30 Bewohner aus	Baue deine Siedlung auf 30 Bewohner aus	将你的定居点发展到30名居民
data_m__data_m__c1_txt__c1_fhll__text_040101.txt	138	Errichte zu Deinem Schutz einen Verteidigungsturm	Errichte zu Deinem Schutz einen Verteidigungsturm	建造一座防御塔以保护自己
data_m__data_m__c1_txt__c1_fhll__text_040101.txt	144	Fülle deine Vorräte auf. Bringe dazu 80 Nahrung, 50 Holz und 30 Leder in die Lager	Fülle deine Vorräte auf. Bringe dazu 80 Nahrung, 50 Holz und 30 Leder in die Lager	补充物资。将80食物、50木材和30皮革送入仓库
data_m__data_m__c1_txt__c1_fhll__text_040201.txt	36	Ihr entweiht die Heilige Stätte unserer Ahnen! Geht!	Ihr entweiht die Heilige Stätte unserer Ahnen! Geht!	你们亵渎了我们祖先的圣地！走开！
data_m__data_m__c1_txt__c1_fhll__text_040202.txt	36	Hört meine Worte, Bartgesichter! Ich, Ugga Walla, Medizinmann der Gelbmesser, warne euch! Laßt die Waffen ruhen oder Manitu wird euch Verderben bringen! Der Tod der Gelbmesser wird euch von keinem Nutzen sein! Ugh! Ich habe gesprochen!	Hört meine Worte, Bartgesichter! Ich, Ugga Walla, Medizinmann der Gelbmesser, warne euch! Laßt die Waffen ruhen oder Manitu wird euch Verderben bringen! Der Tod der Gelbmesser wird euch von keinem Nutzen sein! Ugh! Ich habe gesprochen!	听我说，大胡子！我是 Ugga Walla，黄刀族的巫医，警告你们！放下武器，否则 玛尼图 会降祸于你们！消灭黄刀族对你们毫无好处！哼！我说完了！
data_m__data_m__c1_txt__c1_fhll__text_040203.txt	36	Ugga Walla warnt euch zum letzten Mal! Laßt die Waffen ruhen! Wenn ihr die Gelbmesser vernichtet, wird es euer Verderben sein!	Ugga Walla warnt euch zum letzten Mal! Laßt die Waffen ruhen! Wenn ihr die Gelbmesser vernichtet, wird es euer Verderben sein!	Ugga Walla 最后警告你们一次！放下武器！如果消灭黄刀族，你们将自取灭亡！
data_m__data_m__c1_txt__c1_fhll__text_040204.txt	40	Du hast nicht auf die Warnung von Ugga Walla, dem Medizinmann der Gelbmesser gehört! Durch die Vernichtung der Gelbmesser wirst du nun niemals erfahren, wo sich der nächste Sonnenstein befindet! 	Du hast nicht auf die Warnung von Ugga Walla, dem Medizinmann der Gelbmesser gehört! Durch die Vernichtung der Gelbmesser wirst du nun niemals erfahren, wo sich der nächste Sonnenstein befindet!	你没有听从黄刀族巫医 Ugga Walla 的警告！消灭了黄刀族，你将永远无法知道下一块太阳石在哪里！
data_m__data_m__c1_txt__c1_fhll__text_040204.txt	46	Deine Mission ist gescheitert!	Deine Mission ist gescheitert!	你的任务失败了！
data_m__data_m__c1_txt__c1_fhll__text_040301.txt	30	Wenn man den Großen See im Süden umging und die Goldberge passierte, gelangte man in das Lager der Gelbmesser. 	Wenn man den Großen See im Süden umging und die Goldberge passierte, gelangte man in das Lager der Gelbmesser.	绕过南方的大湖，穿过金山，就到了黄刀族的营地。
data_m__data_m__c1_txt__c1_fhll__text_040301.txt	34	Ein Stamm tapferer, rothäutiger Vinländer, der von Jagd und Fischfang lebte.	Ein Stamm tapferer, rothäutiger Vinländer, der von Jagd und Fischfang lebte.	一个勇敢的红肤酒地人部落，以狩猎和捕鱼为生。
data_m__data_m__c1_txt__c1_fhll__text_040301.txt	38	Unsere Beziehungen zu ihnen waren freundlicher Natur. 	Unsere Beziehungen zu ihnen waren freundlicher Natur.	我们和他们的关系总体友好。
data_m__data_m__c1_txt__c1_fhll__text_040301.txt	40	Zwar gab es manchen kleineren Händel zwischen ihren und unseren Kriegern, aber es handelte sich selten um etwas Ernsthaftes.	Zwar gab es manchen kleineren Händel zwischen ihren und unseren Kriegern, aber es handelte sich selten um etwas Ernsthaftes.	虽然他们的战士和我们的战士之间有些小摩擦，但很少是严重的冲突。
data_m__data_m__c1_txt__c1_fhll__text_040301.txt	46	Eines Tages jedoch brach im Dorf der Gelbmesser eine Krankheit aus, die man bei uns Midsommerfieber nannte. Viele der Bartlosen lagen mit triefenden Nasen und heißen, schmerzenden Gliedern darnieder. Ihr Geist vernebelte sich zunehmend, während ihr Körper immer kraftloser wurde. 	Eines Tages jedoch brach im Dorf der Gelbmesser eine Krankheit aus, die man bei uns Midsommerfieber nannte. Viele der Bartlosen lagen mit triefenden Nasen und heißen, schmerzenden Gliedern darnieder. Ihr Geist vernebelte sich zunehmend, während ihr Körper immer kraftloser wurde.	但有一天黄刀族村庄爆发了一种我们称之为仲夏热的疾病。许多无胡子的人流着鼻涕、四肢灼痛地躺着。他们的精神越来越模糊，身体越来越虚弱。
data_m__data_m__c1_txt__c1_fhll__text_040301.txt	48	In unserer Heimat durchlitten die meisten dieses Fieber im Kindesalter, doch selten nahm jemand ernsthaft Schaden daran. 	In unserer Heimat durchlitten die meisten dieses Fieber im Kindesalter, doch selten nahm jemand ernsthaft Schaden daran.	在我们的家乡，大多数人在童年时期就得过这种热病，但很少有人因此受到严重伤害。
data_m__data_m__c1_txt__c1_fhll__text_040301.txt	50	Den Vinländern jedoch schien die Krankheit völlig unbekannt zu sein, und schon wenige Tage nach ihrem Ausbruch beweinten die Frauen die ersten Toten.	Den Vinländern jedoch schien die Krankheit völlig unbekannt zu sein, und schon wenige Tage nach ihrem Ausbruch beweinten die Frauen die ersten Toten.	酒地人似乎对这种疾病一无所知，爆发几天后女人们就开始为第一批死者哭泣了。
data_m__data_m__c1_txt__c1_fhll__text_040301.txt	56	Der Medizinmann der Gelbmesser deutete dies als Strafe des großen Manitu dafür, dass die Fremden aus dem Norden das Land seiner Ahnen entehrt hatten. Da er großen Einfluß im Dorf besaß, gelang es ihm schnell, die Rotgesichter gegen uns aufzuwiegeln. Es kam zum Krieg!	Der Medizinmann der Gelbmesser deutete dies als Strafe des großen Manitu dafür, dass die Fremden aus dem Norden das Land seiner Ahnen entehrt hatten. Da er großen Einfluß im Dorf besaß, gelang es ihm schnell, die Rotgesichter gegen uns aufzuwiegeln. Es kam zum Krieg!	黄刀族的巫医将此解读为 玛尼图 对北方外来者亵渎祖先土地的惩罚。由于他在村中有很大影响力，很快煽动红肤人对我们开战。战争爆发了！
data_m__data_m__c1_txt__c1_fhll__text_040301.txt	58	Mein Großvater, der wohl ahnte, dass wir im Kampf gegen die Vinländer nicht auf Dauer bestehen konnten, hatte in den Wäldern eine besondere Sorte Pilze entdeckt, aus der man ein heilendes Pulver herstellten konnte. Er hoffte, dass wir damit die Krankheit besiegen und so den Frieden mit den Gelbmessern zurückgewinnen konnten. 	Mein Großvater, der wohl ahnte, dass wir im Kampf gegen die Vinländer nicht auf Dauer bestehen konnten, hatte in den Wäldern eine besondere Sorte Pilze entdeckt, aus der man ein heilendes Pulver herstellten konnte. Er hoffte, dass wir damit die Krankheit besiegen und so den Frieden mit den Gelbmessern zurückgewinnen konnten.	祖父可能预见到我们无法长期与酒地人作战，他在森林里发现了一种特殊的蘑菇，可以制成治疗药粉。他希望用这个来战胜疾病，从而恢复与黄刀族的和平。
data_m__data_m__c1_txt__c1_fhll__text_040301.txt	60	Wir beteten zu den Asen, dass diese auf diesen Handel eingehen würden...	Wir beteten zu den Asen, dass diese auf diesen Handel eingehen würden...	我们向阿萨神祈祷他们能接受这个交易……
data_m__data_m__c1_txt__c1_fhll__text_040301.txt	74	ZIELE:	ZIELE:	目标：
data_m__data_m__c1_txt__c1_fhll__text_040301.txt	80	Verteidige deine Siedlung gegen die Angriffe der Gelbmesser	Verteidige deine Siedlung gegen die Angriffe der Gelbmesser	保卫你的定居点免受黄刀族的攻击
data_m__data_m__c1_txt__c1_fhll__text_040301.txt	86	Sammle 30 Pilze im deinen Lager und hilf damit den Gelbmessern gegen die schlimme Epidemie	Sammle 30 Pilze im deinen Lager und hilf damit den Gelbmessern gegen die schlimme Epidemie	收集30个蘑菇到你的仓库，帮助黄刀族对抗严重的瘟疫
data_m__data_m__c1_txt__c1_fhll__text_040302.txt	30	Mission erfüllt!	Mission erfüllt!	任务完成！
data_m__data_m__c1_txt__c1_fhll__text_040302.txt	40	Mit Hilfe des Heilpulvers gelang es uns, das Fieber der Vinländer zu besiegen und ihre Freundschaft zurückzugewinnen. 	Mit Hilfe des Heilpulvers gelang es uns, das Fieber der Vinländer zu besiegen und ihre Freundschaft zurückzugewinnen.	借助药粉我们战胜了酒地人的热病，重新赢得了他们的友谊。
data_m__data_m__c1_txt__c1_fhll__text_040302.txt	44	Als die Waffen endlich ruhten, entfachten Thorfill und die anderen Männer ein großes Feuer am Strand und brachten Thor zwei Lämmer als Dankesopfer dar. 	Als die Waffen endlich ruhten, entfachten Thorfill und die anderen Männer ein großes Feuer am Strand und brachten Thor zwei Lämmer als Dankesopfer dar.	武器终于安静下来，Thorfill 和其他人在海滩上燃起大火，向 Thor 献上两只羔羊作为感恩祭品。
data_m__data_m__c1_txt__c1_fhll__text_040302.txt	50	Gerade als die Krieger um das Feuer saßen und über die bevorstehende Weiterreise berieten, trat plötzlich der Medizinmann der Gelbmesser aus dem Wald hervor. 	Gerade als die Krieger um das Feuer saßen und über die bevorstehende Weiterreise berieten, trat plötzlich der Medizinmann der Gelbmesser aus dem Wald hervor.	就在战士们围坐在火边讨论接下来的行程时，黄刀族的巫医突然从森林里走出来。
data_m__data_m__c1_txt__c1_fhll__text_040302.txt	52	Sein Haar war mit weißen Federn geschmückt, so daß er eher einem Vogel denn einem Menschen gleichsah. 	Sein Haar war mit weißen Federn geschmückt, so daß er eher einem Vogel denn einem Menschen gleichsah.	他的头发上装饰着白色羽毛，看起来与其说像人不如说像鸟。
data_m__data_m__c1_txt__c1_fhll__text_040302.txt	54	Bunte Farben zierten sein Gesicht, und um seine Arme trug er kunstvolle Bänder aus gebleichten Knochen. 	Bunte Farben zierten sein Gesicht, und um seine Arme trug er kunstvolle Bänder aus gebleichten Knochen.	脸上涂着五颜六色，手臂上戴着漂白骨头制成的精美臂环。
data_m__data_m__c1_txt__c1_fhll__text_040302.txt	56	Mit seltsam verdrehten Augen erzählte er uns von einem geheimnisvollen Stern, den die Geister der Toten vor einigen Monden in Richtung der untergehenden Sonne vom Himmel geworfen hatten...	Mit seltsam verdrehten Augen erzählte er uns von einem geheimnisvollen Stern, den die Geister der Toten vor einigen Monden in Richtung der untergehenden Sonne vom Himmel geworfen hatten...	他翻着白眼告诉我们，死者的灵魂在几个月前把一颗神秘的星星朝日落方向从天上扔了下来……
data_m__data_m__c1_txt__c1_fhll__text_040302.txt	62	Ich bin bis heute nicht sicher, ob dieser Mensch, der uns Nordmännern stets nur Hass entgegengebracht hatte, uns in Wahrheit nur loswerden wollte oder ob er den Hinweis auf den Sonnensplitter doch aus Dankbarkeit für die Rettung seines Dorfes gab. Mag dem sein wie es mag - unsere Pläne wurden dadurch mächtig durcheinandergeworfen...	Ich bin bis heute nicht sicher, ob dieser Mensch, der uns Nordmännern stets nur Hass entgegengebracht hatte, uns in Wahrheit nur loswerden wollte oder ob er den Hinweis auf den Sonnensplitter doch aus Dankbarkeit für die Rettung seines Dorfes gab. Mag dem sein wie es mag - unsere Pläne wurden dadurch mächtig durcheinandergeworfen...	直到今天我也不确定，这个一直对我们北方人充满仇恨的人，是真的只想赶我们走，还是出于对拯救他们村庄的感激才给了太阳碎片的线索。无论如何——我们的计划被打乱了……
data_m__data_m__c1_txt__c1_fhll__text_040303.txt	30	Mission erfüllt!	Mission erfüllt!	任务完成！
data_m__data_m__c1_txt__c1_fhll__text_040303.txt	40	Die Vinländer waren durch die Krankheit zu sehr geschwächt, um unseren Waffen etwas entgegen setzen zu können. 	Die Vinländer waren durch die Krankheit zu sehr geschwächt, um unseren Waffen etwas entgegen setzen zu können.	酒地人因病虚弱不堪，无法抵挡我们的武器。
data_m__data_m__c1_txt__c1_fhll__text_040303.txt	44	Es war ein heftiges Gefecht, doch am Ende schenkte Thor uns den Sieg!	Es war ein heftiges Gefecht, doch am Ende schenkte Thor uns den Sieg!	这是一场激烈的战斗，但最终 Thor 赐予了我们胜利！
data_m__data_m__c1_txt__c1_fhll__text_040303.txt	46	Als die Waffen endlich ruhten, entfachten Thorfill und die anderen Männer ein großes Feuer am Strand und brachten Thor zwei Lämmer als Dankesopfer dar. 	Als die Waffen endlich ruhten, entfachten Thorfill und die anderen Männer ein großes Feuer am Strand und brachten Thor zwei Lämmer als Dankesopfer dar.	武器终于安静下来，Thorfill 和其他人在海滩上燃起大火，向 Thor 献上两只羔羊作为感恩祭品。
data_m__data_m__c1_txt__c1_fhll__text_040303.txt	52	Gerade als die Krieger um das Feuer saßen und über die bevorstehende Weiterreise berieten, trat plötzlich der Medizinmann der Gelbmesser aus dem Wald hervor. Sein Haar war mit weißen Federn geschmückt, so daß er eher einem Vogel denn einem Menschen gleichsah. Bunte Farben zierten sein Gesicht, und um seine Arme trug er kunstvolle Bänder aus gebleichten Knochen. 	Gerade als die Krieger um das Feuer saßen und über die bevorstehende Weiterreise berieten, trat plötzlich der Medizinmann der Gelbmesser aus dem Wald hervor. Sein Haar war mit weißen Federn geschmückt, so daß er eher einem Vogel denn einem Menschen gleichsah. Bunte Farben zierten sein Gesicht, und um seine Arme trug er kunstvolle Bänder aus gebleichten Knochen.	就在战士们围坐在火边讨论接下来的行程时，黄刀族的巫医突然从森林里走出来。他的头发上装饰着白色羽毛，看起来与其说像人不如说像鸟。脸上涂着五颜六色，手臂上戴着漂白骨头制成的精美臂环。
data_m__data_m__c1_txt__c1_fhll__text_040303.txt	54	Mit seltsam verdrehten Augen erzählte er uns von einem geheimnisvollen Stern, den die Geister der Toten vor einigen Monden in Richtung der untergehenden Sonne vom Himmel geworfen hatten...	Mit seltsam verdrehten Augen erzählte er uns von einem geheimnisvollen Stern, den die Geister der Toten vor einigen Monden in Richtung der untergehenden Sonne vom Himmel geworfen hatten...	他翻着白眼告诉我们，死者的灵魂在几个月前把一颗神秘的星星朝日落方向从天上扔了下来……
data_m__data_m__c1_txt__c1_fhll__text_050101.txt	32	MISSISSIPPI	MISSISSIPPI	密西西比
data_m__data_m__c1_txt__c1_fhll__text_050101.txt	44	Wir hatten vom Medizinmann der Gelbmesser erfahren, wo wir den nächsten Sonnensplitter suchen mussten. 	Wir hatten vom Medizinmann der Gelbmesser erfahren, wo wir den nächsten Sonnensplitter suchen mussten.	我们从黄刀族的萨满那里得知了下一个太阳碎片的所在。
data_m__data_m__c1_txt__c1_fhll__text_050101.txt	46	Entgegen dem Vorhaben meines Großvaters konnten wir jedoch die Suche nicht mit unserem Schiff fortsetzen, sondern mussten ins Landesinnere vordringen.	Entgegen dem Vorhaben meines Großvaters konnten wir jedoch die Suche nicht mit unserem Schiff fortsetzen, sondern mussten ins Landesinnere vordringen.	然而与祖父的计划相反，我们无法乘船继续搜索，必须深入内陆。
data_m__data_m__c1_txt__c1_fhll__text_050101.txt	48	Um nicht zu riskieren, dass wir unser Schiff bei unserer Rückkehr zerstört wiederfinden würden, teilten wir uns in zwei Gruppen auf. 	Um nicht zu riskieren, dass wir unser Schiff bei unserer Rückkehr zerstört wiederfinden würden, teilten wir uns in zwei Gruppen auf.	为了避免回来时发现船只被毁，我们分成两组。
data_m__data_m__c1_txt__c1_fhll__text_050101.txt	54	Die eine Gruppe, die von meinem Oheim Thorwald Erikssohn angeführt wurde, wollte das Knarr zu Wasser lassen und damit im Schutz der offenen See vor der Küste kreuzen. 	Die eine Gruppe, die von meinem Oheim Thorwald Erikssohn angeführt wurde, wollte das Knarr zu Wasser lassen und damit im Schutz der offenen See vor der Küste kreuzen.	一组由我叔叔Thorwald Erikssohn率领，负责将维京商船下水，在近海安全水域巡逻。
data_m__data_m__c1_txt__c1_fhll__text_050101.txt	56	Die größere Gruppe, zu der auch meine Familie gehörte, sollte unter der Führung meines Vaters Richtung Westen ziehen. 	Die größere Gruppe, zu der auch meine Familie gehörte, sollte unter der Führung meines Vaters Richtung Westen ziehen.	较大的那组包括我的家人，由父亲带领向西进发。
data_m__data_m__c1_txt__c1_fhll__text_050101.txt	58	Würden wir den Sonnensplitter finden, wollten wir zum Schiff zurückkehren und vereint mit den Kameraden die Suche fortsetzen. 	Würden wir den Sonnensplitter finden, wollten wir zum Schiff zurückkehren und vereint mit den Kameraden die Suche fortsetzen.	找到太阳碎片后，我们将返回船上，与同伴汇合继续搜索。
data_m__data_m__c1_txt__c1_fhll__text_050101.txt	60	So war der Plan.	So war der Plan.	计划就是这样。
data_m__data_m__c1_txt__c1_fhll__text_050101.txt	66	Nachdem wir genügend Vorräte zusammengepackt hatten, brachen wir auf. 	Nachdem wir genügend Vorräte zusammengepackt hatten, brachen wir auf.	备足给养后，我们出发了。
data_m__data_m__c1_txt__c1_fhll__text_050101.txt	68	Wir durchquerten einen dichten Wald, passierten eine kleine, felsige Hügelgruppe und gelangten dann in eine Gegend, die von unzähligen Bächen und Flüssen durchzogen war. 	Wir durchquerten einen dichten Wald, passierten eine kleine, felsige Hügelgruppe und gelangten dann in eine Gegend, die von unzähligen Bächen und Flüssen durchzogen war.	我们穿过一片密林，越过一片岩石丘陵，来到一片溪流纵横的地方。
data_m__data_m__c1_txt__c1_fhll__text_050101.txt	70	Mein Vater beschloß, an einer vom Wasser geschützten Stelle ein Lager zu errichten. Von hier aus wollten die Männer dann die Suche nach dem Sonnensplitter aufnehmen. 	Mein Vater beschloß, an einer vom Wasser geschützten Stelle ein Lager zu errichten. Von hier aus wollten die Männer dann die Suche nach dem Sonnensplitter aufnehmen.	父亲决定在一处被水流环绕的地方扎营。从这里出发搜寻太阳碎片。
data_m__data_m__c1_txt__c1_fhll__text_050101.txt	76	Vater schickte unsere beiden schnellsten Läufer los, die Umgebung zu erkunden. 	Vater schickte unsere beiden schnellsten Läufer los, die Umgebung zu erkunden.	父亲派出了两名跑得最快的探子去侦察周围。
data_m__data_m__c1_txt__c1_fhll__text_050101.txt	78	Doch bereits nach kurzer Zeit kehrten sie mit aufgeregten Gesichtern ins Lager zurück. 	Doch bereits nach kurzer Zeit kehrten sie mit aufgeregten Gesichtern ins Lager zurück.	没过多久他们就满脸兴奋地跑了回来。
data_m__data_m__c1_txt__c1_fhll__text_050101.txt	80	Ohne es zu ahnen, hatten wir unser Lager in der Nähe einer großen Herde fremdartiger Büffel aufgeschlagen. 	Ohne es zu ahnen, hatten wir unser Lager in der Nähe einer großen Herde fremdartiger Büffel aufgeschlagen.	不知不觉间，我们在一大群奇异的野牛附近扎了营。
data_m__data_m__c1_txt__c1_fhll__text_050101.txt	82	Die Tiere waren größer und kräftiger als alle Arten Kurzhörner, die man bei uns im Norden kannte. 	Die Tiere waren größer und kräftiger als alle Arten Kurzhörner, die man bei uns im Norden kannte.	这些野兽比北方所见过的任何短角牛都更大更强壮。
data_m__data_m__c1_txt__c1_fhll__text_050101.txt	84	Auf ihren über mannshohen Schulter trugen sie mächtige Schädel, und ihr Fell war wild und zottelig. 	Auf ihren über mannshohen Schulter trugen sie mächtige Schädel, und ihr Fell war wild und zottelig.	它们高出人肩的脊背上顶着巨大的头骨，皮毛粗野蓬乱。
data_m__data_m__c1_txt__c1_fhll__text_050101.txt	90	In der Nähe der Herde hatten unsere Späher zwei Indianerstämme entdeckt, die in erbitterter Feindschaft um die Jagdrechte an der Herde kämpften. 	In der Nähe der Herde hatten unsere Späher zwei Indianerstämme entdeckt, die in erbitterter Feindschaft um die Jagdrechte an der Herde kämpften.	探子在牛群附近发现了两个印第安部落，正为猎权激烈争斗。
data_m__data_m__c1_txt__c1_fhll__text_050101.txt	92	Und bei Odin! 	Und bei Odin!	以奥丁之名！
data_m__data_m__c1_txt__c1_fhll__text_050101.txt	94	Einer der beiden Häuptlinge schien im Besitz des Sonnensteines zu sein!	Einer der beiden Häuptlinge schien im Besitz des Sonnensteines zu sein!	其中一位酋长似乎持有太阳石！
data_m__data_m__c1_txt__c1_fhll__text_050101.txt	100	Unsere Krieger beratschlagten, was zu tun sei. 	Unsere Krieger beratschlagten, was zu tun sei.	战士们商议对策。
data_m__data_m__c1_txt__c1_fhll__text_050101.txt	102	Da sie die Gefahr erkannten, die von den Vinländern ausging, wollten sie einen Stamm freundlich stimmen und mit Waffen und Feuerwasser unterstützen. 	Da sie die Gefahr erkannten, die von den Vinländern ausging, wollten sie einen Stamm freundlich stimmen und mit Waffen und Feuerwasser unterstützen.	认识到野蛮人带来的威胁后，他们想拉拢其中一个部落，用武器和烈酒援助他们。
data_m__data_m__c1_txt__c1_fhll__text_050101.txt	104	Vielleicht würden wir auf diese Weise den Sonnenstein bekommen, ohne dass es zum Kampf kommen musste...	Vielleicht würden wir auf diese Weise den Sonnenstein bekommen, ohne dass es zum Kampf kommen musste...	也许这样就能不开战拿到太阳石……
data_m__data_m__c1_txt__c1_fhll__text_050101.txt	118	ZIELE:	ZIELE:	目标：
data_m__data_m__c1_txt__c1_fhll__text_050101.txt	124	Liefere einem der Indianerstämme 10 Bögen und 50 Bier (bringe sie mit einem Händler in deren Lager)	Liefere einem der Indianerstämme 10 Bögen und 50 Bier (bringe sie mit einem Händler in deren Lager)	向其中一个印第安部落交付10张弓和50单位啤酒（用商人送至其营地）
data_m__data_m__c1_txt__c1_fhll__text_050102.txt	36	Hough! Stinkender Dachs, Häuptling der Langnasen, möchte die Bartgesichter warnen! Ihr befindet euch in den heiligen Jagdgründer der Langnasen! Nur uns hat der große Manitu erlaubt, die Bisons zu jagen! Wagt es, auch nur ein Tier zu töten, und Manitus Rache wird euch ereilen!	Hough! Stinkender Dachs, Häuptling der Langnasen, möchte die Bartgesichter warnen! Ihr befindet euch in den heiligen Jagdgründer der Langnasen! Nur uns hat der große Manitu erlaubt, die Bisons zu jagen! Wagt es, auch nur ein Tier zu töten, und Manitus Rache wird euch ereilen!	Hough！臭獾，长鼻族酋长，要警告你们这些大胡子！你们身在长鼻族的神圣猎场！只有我们得到伟大的玛尼图允许猎杀野牛！胆敢杀一头牛，玛尼图的愤怒将降临于你们！
data_m__data_m__c1_txt__c1_fhll__text_050103.txt	36	Lauscht den Worten von Häuptling Jaulender Kojote! Manitu hat uns diese Bisonherde geschenkt, damit wir für den Winter genug Vorräte sammeln können! Haltet euch von den Tieren fern, oder Manitu wird euch dafür furchtbar strafen!	Lauscht den Worten von Häuptling Jaulender Kojote! Manitu hat uns diese Bisonherde geschenkt, damit wir für den Winter genug Vorräte sammeln können! Haltet euch von den Tieren fern, oder Manitu wird euch dafür furchtbar strafen!	听好嚎叫郊狼酋长的话！玛尼图将这群野牛赐予我们过冬！离这些野兽远点，否则玛尼图会严惩你们！
data_m__data_m__c1_txt__c1_fhll__text_050104.txt	38	Ihr habt die Warnung von Stinkender Dachs mißachtet! Mögen nun die Waffen der Langnasen sprechen! Hough!	Ihr habt die Warnung von Stinkender Dachs mißachtet! Mögen nun die Waffen der Langnasen sprechen! Hough!	你们无视了臭獾的警告！现在让长鼻族的武器说话吧！Hough！
data_m__data_m__c1_txt__c1_fhll__text_050104.txt	44	Auch Jaulender Kojote ist erzürnt! Die Krieger der Plattfüße werden euch in die ewigen Jagdgründe schicken! Hough!	Auch Jaulender Kojote ist erzürnt! Die Krieger der Plattfüße werden euch in die ewigen Jagdgründe schicken! Hough!	嚎叫郊狼也怒了！扁脚族的战士将送你们去永恒猎场！Hough！
data_m__data_m__c1_txt__c1_fhll__text_050105.txt	36	Ihr wagt es, mit unseren Todfeinden Handel zu treiben? Dafür werden euch unsere Krieger in die ewigen Jagdgründe schicken! Hugh! Ich habe gesprochen!	Ihr wagt es, mit unseren Todfeinden Handel zu treiben? Dafür werden euch unsere Krieger in die ewigen Jagdgründe schicken! Hugh! Ich habe gesprochen!	你们竟敢和我们的死敌做生意？我们的战士将送你们去永恒猎场！Hugh！我说完了！
data_m__data_m__c1_txt__c1_fhll__text_050107.txt	36	Ihr wagt es, mit unseren Todfeinden Handel zu treiben? Dafür werden euch unsere Krieger in die ewigen Jagdgründe schicken! Hugh! Ich habe gesprochen!	Ihr wagt es, mit unseren Todfeinden Handel zu treiben? Dafür werden euch unsere Krieger in die ewigen Jagdgründe schicken! Hugh! Ich habe gesprochen!	你们竟敢和我们的死敌做生意？我们的战士将送你们去永恒猎场！Hugh！我说完了！
data_m__data_m__c1_txt__c1_fhll__text_050201.txt	30	Mission erfüllt!	Mission erfüllt!	任务完成！
data_m__data_m__c1_txt__c1_fhll__text_050201.txt	40	Die Asen schienen über uns zu wachen! Tatsächlich erhielten wir vom Häuptling der Vinländern im Austausch 	Die Asen schienen über uns zu wachen! Tatsächlich erhielten wir vom Häuptling der Vinländern im Austausch	阿萨神族似乎在守护着我们！我们确实从野蛮人酋长那里交换到了
data_m__data_m__c1_txt__c1_fhll__text_050201.txt	44	gegen die von uns gelieferten Waren den Sonnensplitter überreicht. 	gegen die von uns gelieferten Waren den Sonnensplitter überreicht.	用我们交付的货物换来了太阳碎片。
data_m__data_m__c1_txt__c1_fhll__text_050201.txt	46	Unsere Suche war damit beendet. 	Unsere Suche war damit beendet.	搜索到此结束。
data_m__data_m__c1_txt__c1_fhll__text_050201.txt	48	Wir konnten uns wieder auf den Rückweg machen und zu den Männern und zum Schiff zurückkehren. 	Wir konnten uns wieder auf den Rückweg machen und zu den Männern und zum Schiff zurückkehren.	我们可以踏上归途，回到同伴和船那里。
data_m__data_m__c1_txt__c1_fhll__text_050202.txt	30	Mission erfüllt!	Mission erfüllt!	任务完成！
data_m__data_m__c1_txt__c1_fhll__text_050202.txt	40	Als beide Stämme der Vinländer vernichtet waren, durchstreiften unsere Krieger die Überreste des letzten Dorfes. 	Als beide Stämme der Vinländer vernichtet waren, durchstreiften unsere Krieger die Überreste des letzten Dorfes.	两个野蛮人部落被消灭后，我们的战士搜索了最后一个村子的废墟。
data_m__data_m__c1_txt__c1_fhll__text_050202.txt	44	In der Nähe des Häuptlingszeltes entdeckte Tyker, der Weitfahrer, eine Stelle im Boden, an der die Erde frisch aufgeworfen war. 	In der Nähe des Häuptlingszeltes entdeckte Tyker, der Weitfahrer, eine Stelle im Boden, an der die Erde frisch aufgeworfen war.	在酋长帐篷附近，远行者Tyker发现一处新翻过的泥土。
data_m__data_m__c1_txt__c1_fhll__text_050202.txt	46	Er zog sein Schwert und grub damit vorsichtig einige Finger tief die Erde auf. 	Er zog sein Schwert und grub damit vorsichtig einige Finger tief die Erde auf.	他拔出剑，小心翼翼地挖了几指深。
data_m__data_m__c1_txt__c1_fhll__text_050202.txt	48	Er stieß dabei auf einen ledernen Beutel, der mit Schnüren verschlossen war. 	Er stieß dabei auf einen ledernen Beutel, der mit Schnüren verschlossen war.	他碰到了一个用绳索扎紧的皮袋。
data_m__data_m__c1_txt__c1_fhll__text_050202.txt	50	Als er behutsam den Beutel öffnete, strahlte ihm der Sonnenstein entgegen...	Als er behutsam den Beutel öffnete, strahlte ihm der Sonnenstein entgegen...	当他小心打开袋子，太阳石的光芒映入眼帘……
data_m__data_m__c1_txt__c1_fhll__text_050202.txt	56	Unsere Suche war damit beendet. Wir konnten uns wieder auf den Rückweg machen und zu den Männern und zum Schiff zurückkehren. 	Unsere Suche war damit beendet. Wir konnten uns wieder auf den Rückweg machen und zu den Männern und zum Schiff zurückkehren.	搜索到此结束。我们可以踏上归途，回到同伴和船那里。
data_m__data_m__c1_txt__c1_fhll__text_060101.txt	32	TEXAS	TEXAS	德克萨斯
data_m__data_m__c1_txt__c1_fhll__text_060101.txt	40	Am Morgen, da wir unseren Rückweg zum Schiff antreten wollten, verdunkelte sich plötzlich der Himmel. Heftige Regenfälle und schwere Winde zogen über unser Lager hinweg. 	Am Morgen, da wir unseren Rückweg zum Schiff antreten wollten, verdunkelte sich plötzlich der Himmel. Heftige Regenfälle und schwere Winde zogen über unser Lager hinweg.	正要启程返回船上时，天空突然暗了下来。暴雨狂风掠过营地。
data_m__data_m__c1_txt__c1_fhll__text_060101.txt	42	Thor, der Donnergott, schmetterte unablässig Blitze zur Erde und lies Midgard unter seinem Hammer erbeben! 	Thor, der Donnergott, schmetterte unablässig Blitze zur Erde und lies Midgard unter seinem Hammer erbeben!	雷神Thor不断将闪电掷向大地，让米德加德在他的锤下颤抖！
data_m__data_m__c1_txt__c1_fhll__text_060101.txt	44	Es war ein Unwetter, wie es selbst die Ältesten nur selten hatten wüten sehen. 	Es war ein Unwetter, wie es selbst die Ältesten nur selten hatten wüten sehen.	这样的暴风雨连最年长者都罕见。
data_m__data_m__c1_txt__c1_fhll__text_060101.txt	50	Doch so heftig es auch war, so schnell verschwand es auch wieder. Um die Mittagszeit hatten die Asen bereits die Wolken vom Himmel gefegt und der Regen hatte aufgehört.	Doch so heftig es auch war, so schnell verschwand es auch wieder. Um die Mittagszeit hatten die Asen bereits die Wolken vom Himmel gefegt und der Regen hatte aufgehört.	然而来势猛去得也快。正午时分阿萨神族已将乌云扫尽，雨也停了。
data_m__data_m__c1_txt__c1_fhll__text_060101.txt	52	Als wir uns dann endlich auf den Weg machen wollten, mussten wir entsetzt feststellen, daß der Sturm die Flüsse und Bäche hatte steigen lassen! Wo zuvor noch ebenes Land und trockene Pfade waren, strömte nun ein reisender Fluß, der uns den Rückweg versperrte.	Als wir uns dann endlich auf den Weg machen wollten, mussten wir entsetzt feststellen, daß der Sturm die Flüsse und Bäche hatte steigen lassen! Wo zuvor noch ebenes Land und trockene Pfade waren, strömte nun ein reisender Fluß, der uns den Rückweg versperrte.	正要上路时，我们惊恐地发现暴风雨使河水暴涨！原来平坦的干路变成了奔涌的河流，挡住了归途。
data_m__data_m__c1_txt__c1_fhll__text_060101.txt	58	Uns blieb nichts anderes übrig, als uns weiter nach Westen zu wenden und tiefer ins Landesinnere vorzudringen. 	Uns blieb nichts anderes übrig, als uns weiter nach Westen zu wenden und tiefer ins Landesinnere vorzudringen.	我们别无选择，只能继续向西，深入内陆。
data_m__data_m__c1_txt__c1_fhll__text_060101.txt	60	Wir hofften, die Fluten umgehen zu können und so unsere Kameraden zu erreichen. 	Wir hofften, die Fluten umgehen zu können und so unsere Kameraden zu erreichen.	我们希望能绕过洪水与同伴汇合。
data_m__data_m__c1_txt__c1_fhll__text_060101.txt	66	Je weiter wir marschierten, desto heißer und trockener wurde die Luft. 	Je weiter wir marschierten, desto heißer und trockener wurde die Luft.	越往前走，空气越炎热干燥。
data_m__data_m__c1_txt__c1_fhll__text_060101.txt	68	Bald schon lösten vertrockneter, felsiger Boden und knöcherne Bäume die bisher so üppige Vegetation ab. 	Bald schon lösten vertrockneter, felsiger Boden und knöcherne Bäume die bisher so üppige Vegetation ab.	很快，干枯的岩石地貌和枯骨般的树木取代了之前茂密的植被。
data_m__data_m__c1_txt__c1_fhll__text_060101.txt	70	Dennoch beschloß mein Vater, dem eingeschlagenen Weg weiter zu folgen.	Dennoch beschloß mein Vater, dem eingeschlagenen Weg weiter zu folgen.	尽管如此，父亲决定继续沿此路前进。
data_m__data_m__c1_txt__c1_fhll__text_060101.txt	72	Ob es eine Vorahnung war, die uns hierher geführt hatte, oder ob die Götter uns einen Streich spielen wollten - ich weiß es nicht. 	Ob es eine Vorahnung war, die uns hierher geführt hatte, oder ob die Götter uns einen Streich spielen wollten - ich weiß es nicht.	不知是预感将我们引至此处，还是诸神在戏弄我们——我至今不明。
data_m__data_m__c1_txt__c1_fhll__text_060101.txt	74	Was sich jedoch plötzlich vor uns auftat, lies uns allen den Schreck in die Glieder fahren! 	Was sich jedoch plötzlich vor uns auftat, lies uns allen den Schreck in die Glieder fahren!	眼前突然出现的景象让我们毛骨悚然！
data_m__data_m__c1_txt__c1_fhll__text_060101.txt	80	In einer flachen Senke, direkt neben einem kleinen See, lag eine alte Wikingersiedlung! 	In einer flachen Senke, direkt neben einem kleinen See, lag eine alte Wikingersiedlung!	在一处浅谷里，紧邻小湖，有一座古老的维京人定居点！
data_m__data_m__c1_txt__c1_fhll__text_060101.txt	82	Zerstört und verlassen, aber eindeutig von Menschen aus dem Norden gebaut! 	Zerstört und verlassen, aber eindeutig von Menschen aus dem Norden gebaut!	毁弃多时，但分明是北方人所建！
data_m__data_m__c1_txt__c1_fhll__text_060101.txt	84	Zuerst befürchteten wir, sie könnte von unseren Kameraden stammen, die wir auf dem Schiff zurückgelassen hatten. 	Zuerst befürchteten wir, sie könnte von unseren Kameraden stammen, die wir auf dem Schiff zurückgelassen hatten.	起初我们担心这是留在船上的同伴所建。
data_m__data_m__c1_txt__c1_fhll__text_060101.txt	86	Doch als wir die Trümmer näher untersuchten, fanden wir keinerlei Spuren, die uns darauf hätten schließen lassen.	Doch als wir die Trümmer näher untersuchten, fanden wir keinerlei Spuren, die uns darauf hätten schließen lassen.	但仔细检查废墟后，没有发现任何相关痕迹。
data_m__data_m__c1_txt__c1_fhll__text_060101.txt	92	Die einzige Erklärung schien zu sein, daß bereits vor uns Wikinger dieses Land jenseits der Midgardgrenze entdeckt und hier eine Siedlung errichtet hatten. 	Die einzige Erklärung schien zu sein, daß bereits vor uns Wikinger dieses Land jenseits der Midgardgrenze entdeckt und hier eine Siedlung errichtet hatten.	唯一的解释是：在我们之前，已有维京人发现了这片米德加德之外的土地并在此定居。
data_m__data_m__c1_txt__c1_fhll__text_060101.txt	94	Keiner von uns hatte je von einer solchen Expedition gehört. 	Keiner von uns hatte je von einer solchen Expedition gehört.	我们中没人听说过这样的远征。
data_m__data_m__c1_txt__c1_fhll__text_060101.txt	96	Und doch waren diese Gebäude da. 	Und doch waren diese Gebäude da.	但这些建筑确实存在。
data_m__data_m__c1_txt__c1_fhll__text_060101.txt	98	Sie standen vor uns und wir konnten sie greifen!	Sie standen vor uns und wir konnten sie greifen!	就在眼前，触手可及！
data_m__data_m__c1_txt__c1_fhll__text_060101.txt	104	Zwischen den Trümmern fanden wir einige Pfeile und Speere, wie sie die Vinländer verwendeten. 	Zwischen den Trümmern fanden wir einige Pfeile und Speere, wie sie die Vinländer verwendeten.	废墟中我们发现了一些野蛮人使用的箭和矛。
data_m__data_m__c1_txt__c1_fhll__text_060101.txt	106	Es hatte offensichtlich ein heftiger Kampf stattgefunden, und wir nahmen an, dass die Skrälinge die Wikingerleute getötet hatten. 	Es hatte offensichtlich ein heftiger Kampf stattgefunden, und wir nahmen an, dass die Skrälinge die Wikingerleute getötet hatten.	显然发生过激烈战斗，我们推测野蛮人杀死了那些维京人。
data_m__data_m__c1_txt__c1_fhll__text_060101.txt	108	Den Spuren nach konnte dies noch nicht allzulange her sein, daher beschlossen wir, hier unser Lager aufzuschlagen und uns zum Kampf gegen die Vinländer zu rüsten. 	Den Spuren nach konnte dies noch nicht allzulange her sein, daher beschlossen wir, hier unser Lager aufzuschlagen und uns zum Kampf gegen die Vinländer zu rüsten.	从痕迹看这并非太久之前的事，于是我们决定在此扎营，准备与野蛮人作战。
data_m__data_m__c1_txt__c1_fhll__text_060101.txt	114	Wir wollten unsere gefallenen Brüder rächen! 	Wir wollten unsere gefallenen Brüder rächen!	我们要为倒下的弟兄报仇！
data_m__data_m__c1_txt__c1_fhll__text_060101.txt	116	Das war das mindeste, was wir für sie noch tun konnten!	Das war das mindeste, was wir für sie noch tun konnten!	这是我们至少能为他们做的！
data_m__data_m__c1_txt__c1_fhll__text_060101.txt	130	ZIELE:	ZIELE:	目标：
data_m__data_m__c1_txt__c1_fhll__text_060101.txt	136	Finde die Vinländer und vernichte sie	Finde die Vinländer und vernichte sie	找到野蛮人并消灭他们
data_m__data_m__c1_txt__c1_fhll__text_060102.txt	36	Bei Thors Hammer! Wer seid ihr denn? Wo kommt ihr denn her? 	Bei Thors Hammer! Wer seid ihr denn? Wo kommt ihr denn her?	以Thor之锤起誓！你们是谁？从哪里来？
data_m__data_m__c1_txt__c1_fhll__text_060102.txt	42	VERSCHWINDET! 	VERSCHWINDET!	消失！
data_m__data_m__c1_txt__c1_fhll__text_060102.txt	48	Das hier ist UNSER Land! WIR haben es gefunden! UNS hat der Donnergott durch den Sturm hierher geführt! WIR haben diese Siedlung gebaut! WIR haben sie gegen die Skrälinge verteidigt! WIR haben mit unserem Leben dafür gekämpft! WIR werden das Land auch gegen EUCH verteidigen!	Das hier ist UNSER Land! WIR haben es gefunden! UNS hat der Donnergott durch den Sturm hierher geführt! WIR haben diese Siedlung gebaut! WIR haben sie gegen die Skrälinge verteidigt! WIR haben mit unserem Leben dafür gekämpft! WIR werden das Land auch gegen EUCH verteidigen!	这是我们的土地！是我们发现的！是雷神通过暴风雨将我们引到此处！是我们建了这座定居点！是我们抵御了野蛮人！是我们用生命战斗过！我们也要从你们手中保卫这片土地！
data_m__data_m__c1_txt__c1_fhll__text_060103.txt	36	Elende Eindringlinge! Sollte es einer eurer Leute wagen, sich uns zu nähern, werden wir sofort angreifen!	Elende Eindringlinge! Sollte es einer eurer Leute wagen, sich uns zu nähern, werden wir sofort angreifen!	卑鄙的入侵者！你们的人敢靠近一步，我们立刻进攻！
data_m__data_m__c1_txt__c1_fhll__text_060201.txt	30	Mission erfüllt!	Mission erfüllt!	任务完成！
data_m__data_m__c1_txt__c1_fhll__text_060201.txt	40	Durch den Sieg über die Skrälinge konnten wir für den Tod unserer fremden Kameraden Rache nehmen. 	Durch den Sieg über die Skrälinge konnten wir für den Tod unserer fremden Kameraden Rache nehmen.	战胜野蛮人后，我们为素不相识的同伴报了仇。
data_m__data_m__c1_txt__c1_fhll__text_060201.txt	44	Für jene Helden Norwegens, die ein Sturm vor mehreren Wintern an die Küste dieses sagenhaften Landes gespült hatte und die hier durch die Hand der Skrälinge ihr einsames Ende fanden...	Für jene Helden Norwegens, die ein Sturm vor mehreren Wintern an die Küste dieses sagenhaften Landes gespült hatte und die hier durch die Hand der Skrälinge ihr einsames Ende fanden...	那些挪威的英雄们，数个冬天前被风暴冲到这片神奇土地的海岸，在这里死于野蛮人之手，孤独地走向了终结……
data_m__data_m__c1_txt__c1_fhll__text_070101.txt	32	DER__KRATER	DER__KRATER	火山口
data_m__data_m__c1_txt__c1_fhll__text_070101.txt	44	Auf der Suche nach dem Dorf der Vinländer waren wir weit nach Westen ins Landesinnere vorgedrungen. 	Auf der Suche nach dem Dorf der Vinländer waren wir weit nach Westen ins Landesinnere vorgedrungen.	寻找野蛮人村落时，我们深入了西方内陆。
data_m__data_m__c1_txt__c1_fhll__text_070101.txt	46	Wir hatten die große Wüste hinter uns gelassen und konnten von unserem Lager aus eine hohe Gebirgskette erkennen, die sich über den gesamten westlichen Horizont erstreckte.	Wir hatten die große Wüste hinter uns gelassen und konnten von unserem Lager aus eine hohe Gebirgskette erkennen, die sich über den gesamten westlichen Horizont erstreckte.	我们已穿越大沙漠，从营地能看到一条高耸山脉绵延整个西方地平线。
data_m__data_m__c1_txt__c1_fhll__text_070101.txt	52	Tyker, der die scharfen Augen eines Seeadlers besaß, beobachtete von unserem Lager aus eines Nachts einen hellen Lichtschleier, welcher das Gebirge an seinem höchsten Punkt überstrahlte. 	Tyker, der die scharfen Augen eines Seeadlers besaß, beobachtete von unserem Lager aus eines Nachts einen hellen Lichtschleier, welcher das Gebirge an seinem höchsten Punkt überstrahlte.	Tyker有着海雕般锐利的眼睛，一天夜里他从营地观察到山巅最高处有一道明亮的光幕。
data_m__data_m__c1_txt__c1_fhll__text_070101.txt	54	Eilig lies er nach meinem Vater rufen, um ihm dieses seltsame Phänomen zu zeigen. 	Eilig lies er nach meinem Vater rufen, um ihm dieses seltsame Phänomen zu zeigen.	他急忙叫来父亲看这个奇异现象。
data_m__data_m__c1_txt__c1_fhll__text_070101.txt	56	Mein Vater war sicher, dass es sich dabei nur um das Licht eines Sonnensteins handeln könne. 	Mein Vater war sicher, dass es sich dabei nur um das Licht eines Sonnensteins handeln könne.	父亲确信那只能是太阳石的光芒。
data_m__data_m__c1_txt__c1_fhll__text_070101.txt	58	Im Morgengrauen schickte er daher Späher aus, um zu erkunden, was er in der Nacht gesehen hatte.	Im Morgengrauen schickte er daher Späher aus, um zu erkunden, was er in der Nacht gesehen hatte.	黎明时他派出探子去侦察夜间所见。
data_m__data_m__c1_txt__c1_fhll__text_070101.txt	64	Als die Männer zurückkehrten, bestätigten sie die Vermutung meines Vaters. 	Als die Männer zurückkehrten, bestätigten sie die Vermutung meines Vaters.	探子回来后证实了父亲的猜测。
data_m__data_m__c1_txt__c1_fhll__text_070101.txt	66	Hinter dem Gebirge hatten sie einen Krater entdeckt, in dessen Inneren Vinländer ein tempelartiges Gebäude errichtet hatten. 	Hinter dem Gebirge hatten sie einen Krater entdeckt, in dessen Inneren Vinländer ein tempelartiges Gebäude errichtet hatten.	山后他们发现了一个火山口，野蛮人在其中建了一座神庙般的建筑。
data_m__data_m__c1_txt__c1_fhll__text_070101.txt	68	In diesem Gebäude bewahrten sie einen strahlenden Sonnenstein auf, der größer und heller war als alle, die wir bisher entdeckt hatten. 	In diesem Gebäude bewahrten sie einen strahlenden Sonnenstein auf, der größer und heller war als alle, die wir bisher entdeckt hatten.	里面供奉着一颗闪耀的太阳石，比我们此前发现的都要大、都要亮。
data_m__data_m__c1_txt__c1_fhll__text_070101.txt	74	Der Zugang zum Tempel wurde von zahlreichen, wild bemalten Kriegern bewacht, die aussahen, als wäre mit ihnen nicht zu spaßen...	Der Zugang zum Tempel wurde von zahlreichen, wild bemalten Kriegern bewacht, die aussahen, als wäre mit ihnen nicht zu spaßen...	神庙入口由众多彩绘武士把守，看起来绝非善类……
data_m__data_m__c1_txt__c1_fhll__text_070101.txt	76	Es würde nicht einfach werden, diesen Stein zu erobern, aber wir mussten es unbedingt versuchen! 	Es würde nicht einfach werden, diesen Stein zu erobern, aber wir mussten es unbedingt versuchen!	夺取这颗石头不会容易，但我们必须一试！
data_m__data_m__c1_txt__c1_fhll__text_070101.txt	90	ZIELE:	ZIELE:	目标：
data_m__data_m__c1_txt__c1_fhll__text_070101.txt	96	Zerstöre die Ahnenstätte und erobere den Sonnenstein	Zerstöre die Ahnenstätte und erobere den Sonnenstein	摧毁异教神庙并夺取太阳石
data_m__data_m__c1_txt__c1_fhll__text_070201.txt	30	Mission erfüllt!	Mission erfüllt!	任务完成！
data_m__data_m__c1_txt__c1_fhll__text_070201.txt	40	Einmal mehr schenkte uns Thor einen glorreichen Sieg! 	Einmal mehr schenkte uns Thor einen glorreichen Sieg!	Thor再次赐予我们光荣的胜利！
data_m__data_m__c1_txt__c1_fhll__text_070201.txt	46	Die Vinländer, die ihr Heiligtum verteidigen wollten, leisteten uns heftigen Widerstand. Ihre Pfeile schwirrten wie Hornissenschwärme durch die Luft und trafen so manchen tapferen Krieger. Auch mit ihren Beilen rissen sie so manch eine tiefe Wunde. Doch am Ende hatten sie dem Mut und der Kraft unserer tapferen Kämpfer nichts entgegenzusetzen. 	Die Vinländer, die ihr Heiligtum verteidigen wollten, leisteten uns heftigen Widerstand. Ihre Pfeile schwirrten wie Hornissenschwärme durch die Luft und trafen so manchen tapferen Krieger. Auch mit ihren Beilen rissen sie so manch eine tiefe Wunde. Doch am Ende hatten sie dem Mut und der Kraft unserer tapferen Kämpfer nichts entgegenzusetzen.	守护圣地的野蛮人顽强抵抗。箭矢如蜂群般在空中飞舞，射中了不少勇敢的战士。他们的斧头也劈出深深的伤口。但最终他们无法抵挡我们勇猛战士的力量与勇气。
data_m__data_m__c1_txt__c1_fhll__text_070201.txt	48	Meinem Vater und seinen Leuten gelang es bald, zum Tempel vorzudringen und den fünften Sonnenstein zu erobern...	Meinem Vater und seinen Leuten gelang es bald, zum Tempel vorzudringen und den fünften Sonnenstein zu erobern...	父亲和同伴们很快攻入神庙，夺取了第五颗太阳石……
data_m__data_m__c1_txt__c1_fhll__text_080101.txt	32	ROCKY MOUNTAINS	ROCKY MOUNTAINS	落基山脉
data_m__data_m__c1_txt__c1_fhll__text_080101.txt	42	Ich kann bis heute nicht sagen, wie tief wir damals bereits in das Landesinnere vorgedrungen waren. 	Ich kann bis heute nicht sagen, wie tief wir damals bereits in das Landesinnere vorgedrungen waren.	至今我仍说不清当时我们已深入内陆多远。
data_m__data_m__c1_txt__c1_fhll__text_080101.txt	44	Odin hatte uns stets den Weg gewiesen und uns zu den Sonnensteinen geführt. 	Odin hatte uns stets den Weg gewiesen und uns zu den Sonnensteinen geführt.	Odin始终指引着我们，带领我们找到太阳石。
data_m__data_m__c1_txt__c1_fhll__text_080101.txt	50	Doch nun, da kein Zeichen der Götter zu erkennen war, standen wir vor einer schweren Entscheidung. 	Doch nun, da kein Zeichen der Götter zu erkennen war, standen wir vor einer schweren Entscheidung.	但此刻不见诸神任何启示，我们面临艰难抉择。
data_m__data_m__c1_txt__c1_fhll__text_080101.txt	52	Wollten wir zu unseren Kameraden auf dem Schiff zurückkehren, mussten wir ein weiteres Mal jenen entbehrungsreichen und gefährlichen Weg durch die Wüste nehmen. 	Wollten wir zu unseren Kameraden auf dem Schiff zurückkehren, mussten wir ein weiteres Mal jenen entbehrungsreichen und gefährlichen Weg durch die Wüste nehmen.	要回到船上的同伴那里，就得再走一趟艰辛危险的沙漠之路。
data_m__data_m__c1_txt__c1_fhll__text_080101.txt	54	Wollten wir jedoch unsere Suche auf unserem bisherigen Kurs fortsetzen, stand uns im Süden ein Gebirge im Weg, das selbst die mächtigen Riesen Utgards aufgehalten hätte.	Wollten wir jedoch unsere Suche auf unserem bisherigen Kurs fortsetzen, stand uns im Süden ein Gebirge im Weg, das selbst die mächtigen Riesen Utgards aufgehalten hätte.	若要沿当前方向继续搜索，南方横亘的山脉连乌特加德的巨人都难以逾越。
data_m__data_m__c1_txt__c1_fhll__text_080101.txt	60	Die Männer saßen lange um das Feuer und beratschlagten heftig. 	Die Männer saßen lange um das Feuer und beratschlagten heftig.	众人围坐火堆旁激烈讨论了很久。
data_m__data_m__c1_txt__c1_fhll__text_080101.txt	62	Ich weiß nicht, ob sie vielleicht auch auf ein Zeichen Odins warteten, jedenfalls wurden viele laute Worte gewechselt, ehe mein Vater die Entscheidung bekanntgab.	Ich weiß nicht, ob sie vielleicht auch auf ein Zeichen Odins warteten, jedenfalls wurden viele laute Worte gewechselt, ehe mein Vater die Entscheidung bekanntgab.	不知他们是否也在等待Odin的征兆，总之激烈争辩后父亲终于做出了决定。
data_m__data_m__c1_txt__c1_fhll__text_080101.txt	68	Unsere Gruppe sollte aufgeteilt werden. 	Unsere Gruppe sollte aufgeteilt werden.	我们这支队伍要分头行动。
data_m__data_m__c1_txt__c1_fhll__text_080101.txt	70	Tyker, der Weitfahrer, würde sich mit zehn unserer tapfersten Krieger zum Schiff durchschlagen und Thorwald von unseren Erlebnissen berichten. 	Tyker, der Weitfahrer, würde sich mit zehn unserer tapfersten Krieger zum Schiff durchschlagen und Thorwald von unseren Erlebnissen berichten.	远行者Tyker带十名最勇猛的战士杀回船上，向Thorwald报告我们的经历。
data_m__data_m__c1_txt__c1_fhll__text_080101.txt	72	Das Schiff sollte dann solange Richtung Süden segeln, bis der Weltnagel den Horizont berührt. 	Das Schiff sollte dann solange Richtung Süden segeln, bis der Weltnagel den Horizont berührt.	然后船只向南航行，直到世界之钉触及地平线。
data_m__data_m__c1_txt__c1_fhll__text_080101.txt	74	Dort sollten die Männer sich an Land einrichten und abwarten, bis der Rest von uns wieder zu ihnen stoßen würde. 	Dort sollten die Männer sich an Land einrichten und abwarten, bis der Rest von uns wieder zu ihnen stoßen würde.	在那里上岸扎营，等待我们汇合。
data_m__data_m__c1_txt__c1_fhll__text_080101.txt	80	Wir anderen wollten eine Passage über die Berge finden und die Suche nach den Sonnensteinen auf der eingeschlagenen Route fortsetzen. 	Wir anderen wollten eine Passage über die Berge finden und die Suche nach den Sonnensteinen auf der eingeschlagenen Route fortsetzen.	其余人翻山寻找通道，沿原方向继续搜索太阳石。
data_m__data_m__c1_txt__c1_fhll__text_080101.txt	82	Vater entsandte eine kleine Vorhut, die auskundschaften sollte, wo das Gebirge überquert werden konnte. Wir anderen warteten in unserem Lager auf die Rückkehr der Männer. 	Vater entsandte eine kleine Vorhut, die auskundschaften sollte, wo das Gebirge überquert werden konnte. Wir anderen warteten in unserem Lager auf die Rückkehr der Männer.	父亲派出一支先遣队去探查翻山路径，其余人在营地等待。
data_m__data_m__c1_txt__c1_fhll__text_080101.txt	88	Es dauerte viele Tage und Nächte, ehe Thorfill, der die Vorhut angeführt hatte, ins Lager zurückkehrte und voller Stolz von ihrem Erfolg berichtete. 	Es dauerte viele Tage und Nächte, ehe Thorfill, der die Vorhut angeführt hatte, ins Lager zurückkehrte und voller Stolz von ihrem Erfolg berichtete.	过了许多个日夜，先遣队长Thorfill才回到营地，骄傲地报告了他们的发现。
data_m__data_m__c1_txt__c1_fhll__text_080101.txt	90	Die Männer hatten tatsächlich eine schmale Passage durch die Berge gefunden. 	Die Männer hatten tatsächlich eine schmale Passage durch die Berge gefunden.	他们确实找到了一条狭窄的山间通道。
data_m__data_m__c1_txt__c1_fhll__text_080101.txt	92	Allerdings befand sich genau dort eine Siedlung der Rotgesichter. 	Allerdings befand sich genau dort eine Siedlung der Rotgesichter.	但通道处正好有一个红肤人的定居点。
data_m__data_m__c1_txt__c1_fhll__text_080101.txt	94	Wollten wir die Berge passieren, mussten wir also an ihnen vorbei. 	Wollten wir die Berge passieren, mussten wir also an ihnen vorbei.	要翻山就得经过他们。
data_m__data_m__c1_txt__c1_fhll__text_080101.txt	100	Da Thorfill nicht hatte erkennen können, ob uns die Rotgesichter feindlich gesinnt waren, hatte er den Rest der Männer jenseits der Berge zurückgelassen. 	Da Thorfill nicht hatte erkennen können, ob uns die Rotgesichter feindlich gesinnt waren, hatte er den Rest der Männer jenseits der Berge zurückgelassen.	因Thorfill无法判断红肤人是否敌对，他将其余人留在了山那边。
data_m__data_m__c1_txt__c1_fhll__text_080101.txt	102	Die Männer waren jedoch nicht für einen längeren Aufenthalt in der Wildnis ausgerüstet. 	Die Männer waren jedoch nicht für einen längeren Aufenthalt in der Wildnis ausgerüstet.	但他们没有在荒野长期驻留的物资。
data_m__data_m__c1_txt__c1_fhll__text_080101.txt	104	Wir mussten also so schnell wie möglich eine Verbindung zu der Vorhut herstellen, um sie mit frischen Vorräten zu versorgen.	Wir mussten also so schnell wie möglich eine Verbindung zu der Vorhut herstellen, um sie mit frischen Vorräten zu versorgen.	我们必须尽快与先遣队建立联系，送去补给。
data_m__data_m__c1_txt__c1_fhll__text_080101.txt	118	ZIELE:	ZIELE:	目标：
data_m__data_m__c1_txt__c1_fhll__text_080101.txt	124	Errichte eine Handelsverbindung zwischen dem Hauptlager und dem Lager der Vorhut im Süden	Errichte eine Handelsverbindung zwischen dem Hauptlager und dem Lager der Vorhut im Süden	在主营地与南方先遣队营地之间建立商路
data_m__data_m__c1_txt__c1_fhll__text_080101.txt	130	Fülle das Lagerzelt der Vorhut mit 20 Einheiten Nahrung und 10 Speeren auf	Fülle das Lagerzelt der Vorhut mit 20 Einheiten Nahrung und 10 Speeren auf	为先遣队营帐补充20单位食物和10支矛
data_m__data_m__c1_txt__c1_fhll__text_080201.txt	30	Mission erfüllt!	Mission erfüllt!	任务完成！
data_m__data_m__c1_txt__c1_fhll__text_080201.txt	40	Wir standen unter dem Schutz der Asen! Denn wie anders hätte es uns gelingen können, 	Wir standen unter dem Schutz der Asen! Denn wie anders hätte es uns gelingen können,	我们在阿萨神族的庇护下！否则怎能
data_m__data_m__c1_txt__c1_fhll__text_080201.txt	44	die Bergriesen zu überqueren und die Ebene im Süden zu erreichen? 	die Bergriesen zu überqueren und die Ebene im Süden zu erreichen?	翻越巨山、抵达南方平原？
data_m__data_m__c1_txt__c1_fhll__text_080201.txt	46	Für mich war es wie ein Wunder, denn nie zuvor hatte ich solch hohe Berge gesehen! 	Für mich war es wie ein Wunder, denn nie zuvor hatte ich solch hohe Berge gesehen!	对我而言如同奇迹，我从未见过如此高的山！
data_m__data_m__c1_txt__c1_fhll__text_080201.txt	48	Von deren wolkenbehangenen Gipfeln aus musste man direkt in die Wohnung der Götter sehen können. 	Von deren wolkenbehangenen Gipfeln aus musste man direkt in die Wohnung der Götter sehen können.	从那些云雾缭绕的山巅，应该能直接望见诸神的居所。
data_m__data_m__c1_txt__c1_fhll__text_080201.txt	54	Ob es wohl jemals einem Menschen gelingen wird, dort hinauf zu steigen? Nun, vielleicht mögen spätere Generationen dieses Abenteuer wagen. Uns jedoch stand eine ganz andere Aufgabe bevor...	Ob es wohl jemals einem Menschen gelingen wird, dort hinauf zu steigen? Nun, vielleicht mögen spätere Generationen dieses Abenteuer wagen. Uns jedoch stand eine ganz andere Aufgabe bevor...	是否有人终将登顶？也许后代子孙会尝试这番壮举。而我们面前是截然不同的使命……
data_m__data_m__c1_txt__c1_fhll__text_090101.txt	32	MEXICO	MEXICO	墨西哥
data_m__data_m__c1_txt__c1_fhll__text_090101.txt	42	Hinter den Bergriesen tat sich eine weite Ebene auf. 	Hinter den Bergriesen tat sich eine weite Ebene auf.	巨山之后展现一片辽阔平原。
data_m__data_m__c1_txt__c1_fhll__text_090101.txt	48	Saftige Wiesen säumten die Ufer eines Bergsees, dessen Wasser so klar war, daß man vom Ufer aus bis zum Grund sehen konnte.	Saftige Wiesen säumten die Ufer eines Bergsees, dessen Wasser so klar war, daß man vom Ufer aus bis zum Grund sehen konnte.	翠绿草地环绕着山间湖泊，水清见底。
data_m__data_m__c1_txt__c1_fhll__text_090101.txt	54	Die milden Temperaturen von Luft und Wasser ließen uns die klamme Kälte der Berghöhen rasch vergessen. 	Die milden Temperaturen von Luft und Wasser ließen uns die klamme Kälte der Berghöhen rasch vergessen.	温和的气温让人很快忘记了山中的阴冷。
data_m__data_m__c1_txt__c1_fhll__text_090101.txt	56	Ich fand Büsche, deren rote Beeren süß wie Honig schmeckten und ich aß davon, bis mir der Bauch schmerzte. 	Ich fand Büsche, deren rote Beeren süß wie Honig schmeckten und ich aß davon, bis mir der Bauch schmerzte.	我发现灌木丛中的红浆果甜如蜂蜜，吃到肚子疼。
data_m__data_m__c1_txt__c1_fhll__text_090101.txt	58	Noch heute spüre ich ihren lieblichen Geschmack auf der Zunge, wenn ich die Augen schließe und mich daran erinnere...	Noch heute spüre ich ihren lieblichen Geschmack auf der Zunge, wenn ich die Augen schließe und mich daran erinnere...	至今闭上眼回忆起来，那甜美滋味仍在舌尖……
data_m__data_m__c1_txt__c1_fhll__text_090101.txt	64	Mein Vater hatte mit den andern Männern in der Zwischenzeit ein Hauptlager errichtet und die Reste unserer Vorräte dort eingelagert. 	Mein Vater hatte mit den andern Männern in der Zwischenzeit ein Hauptlager errichtet und die Reste unserer Vorräte dort eingelagert.	与此同时，父亲和众人建起了主营地，存入了剩余的给养。
data_m__data_m__c1_txt__c1_fhll__text_090101.txt	66	Hier wollten wir uns nun von den Strapazen der letzten Etappe erholen und neue Kraft für die Weiterreise schöpfen. 	Hier wollten wir uns nun von den Strapazen der letzten Etappe erholen und neue Kraft für die Weiterreise schöpfen.	我们要在这里休整，恢复体力准备继续赶路。
data_m__data_m__c1_txt__c1_fhll__text_090101.txt	72	Und vielleicht würde uns Odin ja auch einen Hinweis auf den nächsten Sonnenstein schicken...	Und vielleicht würde uns Odin ja auch einen Hinweis auf den nächsten Sonnenstein schicken...	也许Odin会给我们下一个太阳碎片的线索……
data_m__data_m__c1_txt__c1_fhll__text_090101.txt	86	ZIELE:	ZIELE:	目标：
data_m__data_m__c1_txt__c1_fhll__text_090101.txt	92	Finde einen Hinweis auf den nächsten Sonnenstein	Finde einen Hinweis auf den nächsten Sonnenstein	寻找下一个太阳碎片的线索
data_m__data_m__c1_txt__c1_fhll__text_090102.txt	36	Seid gegrüßt, Fremde, die über die Berge kamen! Man nennt mich Chicken Wing, Häuptling der Nachos. 	Seid gegrüßt, Fremde, die über die Berge kamen! Man nennt mich Chicken Wing, Häuptling der Nachos.	你们好，翻山而来的陌生人！我叫Chicken Wing，Nachos族的酋长。
data_m__data_m__c1_txt__c1_fhll__text_090102.txt	40	Manitu hat euch geschickt! Unser Dorf wird seit Monden von fremden Dämonenkriegern angegriffen. Sie fallen wie Fliegen über uns her und verschwinden wieder, ehe Chicken Wing sich zweimal auf dem Fuß dreht.	Manitu hat euch geschickt! Unser Dorf wird seit Monden von fremden Dämonenkriegern angegriffen. Sie fallen wie Fliegen über uns her und verschwinden wieder, ehe Chicken Wing sich zweimal auf dem Fuß dreht.	是玛尼图派你们来的！我们的村子几个月来被外来的恶魔战士袭击。他们如苍蝇般扑来又消失，快得让我转个身的功夫都不到。
data_m__data_m__c1_txt__c1_fhll__text_090102.txt	44	Unsere Krieger sind erschöpft und können bald keine Gegenwehr mehr leisten. Bitte helft den Nachos! Chicken Wing's Augen sehen mit Freude, daß die Männer der Bartgesichter stark und kräftig sind. Bestimmt werden sie die fremden Eindringlinge besiegen!	Unsere Krieger sind erschöpft und können bald keine Gegenwehr mehr leisten. Bitte helft den Nachos! Chicken Wing's Augen sehen mit Freude, daß die Männer der Bartgesichter stark und kräftig sind. Bestimmt werden sie die fremden Eindringlinge besiegen!	我们的战士精疲力竭，快撑不住了。请帮助Nachos族！Chicken Wing高兴地看到大胡子的男人强壮有力。一定能打败外来入侵者！
data_m__data_m__c1_txt__c1_fhll__text_090102.txt	58	ZIELE:	ZIELE:	目标：
data_m__data_m__c1_txt__c1_fhll__text_090102.txt	64	Unterstütze die Nachos in ihrem Kampf gegen die Eindringlinge	Unterstütze die Nachos in ihrem Kampf gegen die Eindringlinge	支援Nachos族对抗入侵者
data_m__data_m__c1_txt__c1_fhll__text_090103.txt	36	Hört die Worte Chicken Wing's! Ist das die Hilfe, die ihr den Nachos bringen wolltet? Unser Tod wird euch von keinem Nutzen sein! Stellt die Angriffe auf uns ein und gebraucht eure Kräfte besser gegen die feindlichen Krieger! Diese gilt es zu bekämpfen! Nicht die Nachos!	Hört die Worte Chicken Wing's! Ist das die Hilfe, die ihr den Nachos bringen wolltet? Unser Tod wird euch von keinem Nutzen sein! Stellt die Angriffe auf uns ein und gebraucht eure Kräfte besser gegen die feindlichen Krieger! Diese gilt es zu bekämpfen! Nicht die Nachos!	听听Chicken Wing的话！这就是你们给Nachos族带来的帮助？我们的死对你们毫无好处！停止攻击我们，把力量用在敌人身上！要打的是他们！不是Nachos族！
data_m__data_m__c1_txt__c1_fhll__text_090201.txt	30	Mission erfüllt!	Mission erfüllt!	任务完成！
data_m__data_m__c1_txt__c1_fhll__text_090201.txt	40	Man kann sich leicht vorstellen, wie überrascht die fremden Angreifer waren, 	Man kann sich leicht vorstellen, wie überrascht die fremden Angreifer waren,	不难想象那些外来入侵者有多惊讶，
data_m__data_m__c1_txt__c1_fhll__text_090201.txt	44	als ihnen plötzlich ein Haufen bärtiger, wild dreinschauender Wikinger mit funkelnden Schwertern gegenüber stand! 	als ihnen plötzlich ein Haufen bärtiger, wild dreinschauender Wikinger mit funkelnden Schwertern gegenüber stand!	当一群大胡子、面目凶悍的维京人手持闪亮长剑突然出现在面前！
data_m__data_m__c1_txt__c1_fhll__text_090201.txt	46	Sie mussten uns für Dämonen aus der Unterwelt halten, die nach Midgard gekommen waren, um Tod und Schrecken zu verbreiten. 	Sie mussten uns für Dämonen aus der Unterwelt halten, die nach Midgard gekommen waren, um Tod und Schrecken zu verbreiten.	他们一定把我们当成了来自冥界的恶魔，到米德加德散播死亡与恐惧。
data_m__data_m__c1_txt__c1_fhll__text_090201.txt	48	Nun, so falsch lagen sie mit dieser Vermutung auch gar nicht...	Nun, so falsch lagen sie mit dieser Vermutung auch gar nicht...	嗯，他们猜得也不算太离谱……
data_m__data_m__c1_txt__c1_fhll__text_090201.txt	54	Seite an Seite mit den Nachos lieferten unsere Krieger den Eindringlingen eine wilde Schlacht, die bis in die Nacht hinein andauerte. 	Seite an Seite mit den Nachos lieferten unsere Krieger den Eindringlingen eine wilde Schlacht, die bis in die Nacht hinein andauerte.	我们与Nachos族并肩作战，与入侵者展开了一场持续到深夜的激战。
data_m__data_m__c1_txt__c1_fhll__text_090201.txt	56	Schließlich zogen sich die Angreifer zurück und verschwanden Richtung Süden. 	Schließlich zogen sich die Angreifer zurück und verschwanden Richtung Süden.	最终入侵者撤退，向南消失。
data_m__data_m__c1_txt__c1_fhll__text_090201.txt	58	Chicken Wing und mein Vater beschlossen, die Verfolgung aufzunehmen und dem Schrecken für immer ein Ende zu bereiten...	Chicken Wing und mein Vater beschlossen, die Verfolgung aufzunehmen und dem Schrecken für immer ein Ende zu bereiten...	Chicken Wing和父亲决定追击，彻底终结这场恐怖……
data_m__data_m__c1_txt__c1_fhll__text_090202.txt	36	Die Nachos, die dich um Hilfe angefleht haben, sind vernichtend geschlagen worden! 	Die Nachos, die dich um Hilfe angefleht haben, sind vernichtend geschlagen worden!	向你求助的Nachos族被彻底击败了！
data_m__data_m__c1_txt__c1_fhll__text_090202.txt	40	Wo waren deine Krieger, als dies geschah? Wo war deren Waffenhilfe? Odin ist erzürnt! Deine Mission ist gescheitert!	Wo waren deine Krieger, als dies geschah? Wo war deren Waffenhilfe? Odin ist erzürnt! Deine Mission ist gescheitert!	你的战士在哪里？他们的武器支援在哪里？Odin震怒！你的任务失败了！
data_m__data_m__c1_txt__c1_fhll__text_100101.txt	32	DIE VERFOLGUNG	DIE VERFOLGUNG	追击
data_m__data_m__c1_txt__c1_fhll__text_100101.txt	44	Die Nachos erwiesen sich als tapfere und furchtlose Kämpfer! 	Die Nachos erwiesen sich als tapfere und furchtlose Kämpfer!	Nachos族不愧为勇猛无畏的战士！
data_m__data_m__c1_txt__c1_fhll__text_100101.txt	46	Seite an Seite mit unseren Männern lieferten sie den Angreifern erbitterten Widerstand. 	Seite an Seite mit unseren Männern lieferten sie den Angreifern erbitterten Widerstand.	他们与我们并肩作战，顽强抵抗入侵者。
data_m__data_m__c1_txt__c1_fhll__text_100101.txt	48	Bis tief in die Nacht hinein war der Lärm des Schlachtfeldes zu hören. 	Bis tief in die Nacht hinein war der Lärm des Schlachtfeldes zu hören.	战场上的厮杀声直到深夜。
data_m__data_m__c1_txt__c1_fhll__text_100101.txt	50	Doch am Ende flohen die Eindringlinge und verschwanden im Dunkel. 	Doch am Ende flohen die Eindringlinge und verschwanden im Dunkel.	最终入侵者逃入黑暗。
data_m__data_m__c1_txt__c1_fhll__text_100101.txt	56	Häuptling Chicken Wing und mein Vater wollten die Verfolgung aufnehmen, um die Feinde endgültig zu vernichten. 	Häuptling Chicken Wing und mein Vater wollten die Verfolgung aufnehmen, um die Feinde endgültig zu vernichten.	Chicken Wing酋长和父亲决定追击，彻底消灭敌人。
data_m__data_m__c1_txt__c1_fhll__text_100101.txt	58	So begleiteten uns alsbald die tapfersten Krieger der Nachos auf unserem Weg gen Süden... 	So begleiteten uns alsbald die tapfersten Krieger der Nachos auf unserem Weg gen Süden...	于是Nachos族最勇敢的战士随我们南下……
data_m__data_m__c1_txt__c1_fhll__text_100101.txt	64	Wir waren bereits einige Tage unterwegs und hatten das Ufer eines kleinen Weihers erreicht. 	Wir waren bereits einige Tage unterwegs und hatten das Ufer eines kleinen Weihers erreicht.	我们已走了几天，到达一处小池塘边。
data_m__data_m__c1_txt__c1_fhll__text_100101.txt	66	Ich war in den Wald gegangen, um nach frischen Beeren zu suchen, als vor mir plötzlich der Kopf eines Riesen aus dem Boden auftauchte! 	Ich war in den Wald gegangen, um nach frischen Beeren zu suchen, als vor mir plötzlich der Kopf eines Riesen aus dem Boden auftauchte!	我进林子找新鲜浆果，突然一个巨人的头从地下冒出来！
data_m__data_m__c1_txt__c1_fhll__text_100101.txt	68	Vor Schreck stockte mir der Atem. 	Vor Schreck stockte mir der Atem.	我吓得喘不过气来。
data_m__data_m__c1_txt__c1_fhll__text_100101.txt	70	Ich warf mich wimmernd auf den Boden, die Arme über den Kopf, und betete zu den Göttern, dass sie mich vor diesem Ungetüm beschützen mögen. 	Ich warf mich wimmernd auf den Boden, die Arme über den Kopf, und betete zu den Göttern, dass sie mich vor diesem Ungetüm beschützen mögen.	我趴倒在地，双手抱头，向诸神祈祷保佑我不被这怪物吞食。
data_m__data_m__c1_txt__c1_fhll__text_100101.txt	72	Ich wartete darauf, dass der Riese jeden Moment sein mächtiges Maul aufreißen würde, um mich zu verschlingen! 	Ich wartete darauf, dass der Riese jeden Moment sein mächtiges Maul aufreißen würde, um mich zu verschlingen!	我等着巨人随时张开大口把我吞掉！
data_m__data_m__c1_txt__c1_fhll__text_100101.txt	78	Doch nichts geschah, und so wagte ich es, die Augen wieder zu öffnen. 	Doch nichts geschah, und so wagte ich es, die Augen wieder zu öffnen.	但什么都没发生，我壮着胆子睁开眼。
data_m__data_m__c1_txt__c1_fhll__text_100101.txt	80	Da erst sah ich, dass der Kopf nicht aus Fleisch und Blut, sondern aus einem mannshohen Fels gehauen war. 	Da erst sah ich, dass der Kopf nicht aus Fleisch und Blut, sondern aus einem mannshohen Fels gehauen war.	这才看清那颗头不是血肉之躯，而是与人等高的岩石雕成。
data_m__data_m__c1_txt__c1_fhll__text_100101.txt	82	Seine Gesichtszüge ähnelten denen eines nubischen Sklaven, den ich im Kindesalter auf dem Markt von Haithabu gesehen hatte.	Seine Gesichtszüge ähnelten denen eines nubischen Sklaven, den ich im Kindesalter auf dem Markt von Haithabu gesehen hatte.	他的面容酷似我幼年在Haithabu集市上见过的努比亚奴隶。
data_m__data_m__c1_txt__c1_fhll__text_100101.txt	84	Da mir von diesem Stück Fels offensichtlich keine Gefahr drohte, lief ich ins Lager zurück. 	Da mir von diesem Stück Fels offensichtlich keine Gefahr drohte, lief ich ins Lager zurück.	既然这块岩石显然没有危险，我跑回了营地。
data_m__data_m__c1_txt__c1_fhll__text_100101.txt	86	Stolz berichtete ich von meinem Fund und wie tapfer ich dem Riesen Auge um Auge gegenüber gestanden hatte... 	Stolz berichtete ich von meinem Fund und wie tapfer ich dem Riesen Auge um Auge gegenüber gestanden hatte...	我骄傲地讲述了我的发现，以及我如何勇敢地与巨人对视……
data_m__data_m__c1_txt__c1_fhll__text_100101.txt	92	Weder Chicken Wing noch mein Großvater, der schon viele Länder bereist und viele Abenteuer bestanden hatte, fanden eine Erklärung für den Koloss. 	Weder Chicken Wing noch mein Großvater, der schon viele Länder bereist und viele Abenteuer bestanden hatte, fanden eine Erklärung für den Koloss.	Chicken Wing和走南闯北、历经冒险的祖父都无法解释这尊巨像。
data_m__data_m__c1_txt__c1_fhll__text_100101.txt	94	Vielleicht hatte Thor den Kopf eines getöteten Feindes vom Himmel geworfen. 	Vielleicht hatte Thor den Kopf eines getöteten Feindes vom Himmel geworfen.	也许是Thor将一个被杀敌人的头颅从天上掷下。
data_m__data_m__c1_txt__c1_fhll__text_100101.txt	96	Vielleicht war es aber auch ein böser Dämon, der uns warnen wollte. 	Vielleicht war es aber auch ein böser Dämon, der uns warnen wollte.	又或许是个想要警告我们的恶魔。
data_m__data_m__c1_txt__c1_fhll__text_100101.txt	98	Ich weiß es bis heute nicht...	Ich weiß es bis heute nicht...	我至今不知道……
data_m__data_m__c1_txt__c1_fhll__text_100101.txt	104	Jedenfalls schlugen wir in der Nähe unser Lager auf und begannen von dort aus, die Gegend nach den Feinden abzusuchen...	Jedenfalls schlugen wir in der Nähe unser Lager auf und begannen von dort aus, die Gegend nach den Feinden abzusuchen...	总之我们在附近扎营，从那里开始搜索敌人……
data_m__data_m__c1_txt__c1_fhll__text_100101.txt	118	ZIELE:	ZIELE:	目标：
data_m__data_m__c1_txt__c1_fhll__text_100101.txt	124	Finde und vernichte die feindlichen Angreifer	Finde und vernichte die feindlichen Angreifer	找到并消灭敌方入侵者
data_m__data_m__c1_txt__c1_fhll__text_100102.txt	36	Hört Pacal, Priester des Volkes von Palenque. Wir sind ein friedliebendes Volk. Inti segnet unsere Ernten und wacht über den Frieden in unserem Land.	Hört Pacal, Priester des Volkes von Palenque. Wir sind ein friedliebendes Volk. Inti segnet unsere Ernten und wacht über den Frieden in unserem Land.	听好Pacal的话，Palenque族的祭司。我们是爱好和平的民族。Inti赐福我们的丰收，守护着这片土地的和平。
data_m__data_m__c1_txt__c1_fhll__text_100102.txt	38	Man hat Pacal von eurer Not berichtet. Seid versichert, daß die Palenque ebenso wie ihr den Frieden lieben und mit diesen schändlichen Überfällen nichts zu tun haben! Laßt die Waffen schweigen und zieht in Frieden weiter.	Man hat Pacal von eurer Not berichtet. Seid versichert, daß die Palenque ebenso wie ihr den Frieden lieben und mit diesen schändlichen Überfällen nichts zu tun haben! Laßt die Waffen schweigen und zieht in Frieden weiter.	Pacal已听闻你们的苦难。请相信，Palenque族和你们一样热爱和平，与这些卑劣的袭击毫无关系！让武器沉默吧，和平离去。
data_m__data_m__c1_txt__c1_fhll__text_100103.txt	36	Bruder! Glaubt nicht den Worten der klappernden Schlange! Der Fremde spricht mit gespaltener Zunge! 	Bruder! Glaubt nicht den Worten der klappernden Schlange! Der Fremde spricht mit gespaltener Zunge!	兄弟！不要相信那条响尾蛇的话！外来者说话两面三刀！
data_m__data_m__c1_txt__c1_fhll__text_100103.txt	38	Chicken Wing ist sicher, daß dies die Feinde sind, welche die Nachos überfallen haben. Möge Manitu uns Kraft schenken im Kampf gegen diese bösen Dämonen!	Chicken Wing ist sicher, daß dies die Feinde sind, welche die Nachos überfallen haben. Möge Manitu uns Kraft schenken im Kampf gegen diese bösen Dämonen!	Chicken Wing确信这就是袭击Nachos族的敌人。愿玛尼图赐我们力量对抗这些恶魔！
data_m__data_m__c1_txt__c1_fhll__text_100104.txt	36	Hört Pacal, Priester des Volkes von Palenque. Der Gott des Krieges hat eure Augen geblendet! Seht die Wahrheit - die Palenque tragen keine Schuld an den Überfällen! 	Hört Pacal, Priester des Volkes von Palenque. Der Gott des Krieges hat eure Augen geblendet! Seht die Wahrheit - die Palenque tragen keine Schuld an den Überfällen!	听好Pacal的话，Palenque族的祭司。战神蒙蔽了你们的眼睛！看清真相——Palenque族与袭击无关！
data_m__data_m__c1_txt__c1_fhll__text_100104.txt	38	Dennoch habt ihr uns angegriffen! Nun soll Inti über euer und unser Schicksal entscheiden!	Dennoch habt ihr uns angegriffen! Nun soll Inti über euer und unser Schicksal entscheiden!	然而你们还是攻击了我们！现在让Inti决定你我的命运吧！
data_m__data_m__c1_txt__c1_fhll__text_100105.txt	36	Bruder, laßt euch nicht von den Worten des listigen Kojoten täuschen! Mit Manitus Hilfe werden wir siegen und die Stadt dieser Feiglinge dem Erdboden gleich machen! Hough!	Bruder, laßt euch nicht von den Worten des listigen Kojoten täuschen! Mit Manitus Hilfe werden wir siegen und die Stadt dieser Feiglinge dem Erdboden gleich machen! Hough!	兄弟，不要被狡猾郊狼的花言巧语骗了！有玛尼图的帮助我们将获胜，把这座懦夫之城夷为平地！Hough！
data_m__data_m__c1_txt__c1_fhll__text_100106.txt	36	Bei Manitu! Warum greift ihr eure Brüder an? Für diesen Frevel müßt ihr bezahlen! Gebt uns den Tribut, den wir verlangen, oder die Nachos werden auf ewig eure Feinde sein! Ugh, Chicken Wing hat gesprochen!	Bei Manitu! Warum greift ihr eure Brüder an? Für diesen Frevel müßt ihr bezahlen! Gebt uns den Tribut, den wir verlangen, oder die Nachos werden auf ewig eure Feinde sein! Ugh, Chicken Wing hat gesprochen!	以玛尼图之名！你们为何攻击兄弟？必须为这罪孽付出代价！交出我们要的贡品，否则Nachos族将永远是你们的敌人！Ugh，Chicken Wing说完了！
data_m__data_m__c1_txt__c1_fhll__text_100107.txt	36	Du hast jene vernichtet, die dir hätten helfen können, dein Ziel zu erreichen! Deine Mission ist gescheitert!	Du hast jene vernichtet, die dir hätten helfen können, dein Ziel zu erreichen! Deine Mission ist gescheitert!	你消灭了本可助你达成目标的人！你的任务失败了！
data_m__data_m__c1_txt__c1_fhll__text_100201.txt	28	Zusammen mit den Kriegern der Nachos hatten unsere tapferen Helden den Palenque eine vernichtende Niederlage beigebracht!	Zusammen mit den Kriegern der Nachos hatten unsere tapferen Helden den Palenque eine vernichtende Niederlage beigebracht!	我们与Nachos族战士联手，给Palenque族以毁灭性打击！
data_m__data_m__c1_txt__c1_fhll__text_100201.txt	34	Doch noch ehe der erste Jubelschrei über die Lippen der Männer kam, stießen die Nachos einen furchterregenden Kriegsruf aus und griffen uns plötzlich hinterrücks an! Mein Vater und seine Krieger waren vor Überraschung für einen kurzen Moment wie gelähmt! Dann zogen sie wutentbrannt ihre mächtigen Waffen und kämpften um ihr Leben...	Doch noch ehe der erste Jubelschrei über die Lippen der Männer kam, stießen die Nachos einen furchterregenden Kriegsruf aus und griffen uns plötzlich hinterrücks an! Mein Vater und seine Krieger waren vor Überraschung für einen kurzen Moment wie gelähmt! Dann zogen sie wutentbrannt ihre mächtigen Waffen und kämpften um ihr Leben...	但还没等第一声欢呼出口，Nachos族突然发出可怕的战吼，从背后偷袭了我们！父亲和战士们一时惊呆了！随即怒火中烧，拔出武器拼死搏斗……
data_m__data_m__c1_txt__c1_fhll__text_100201.txt	48	ZIELE:	ZIELE:	目标：
data_m__data_m__c1_txt__c1_fhll__text_100201.txt	54	Besiege die heimtückischen Nachos	Besiege die heimtückischen Nachos	击败阴险的Nachos族
data_m__data_m__c1_txt__c1_fhll__text_100202.txt	36	Hahaha! Ihr dummen Bartgesichter! Chicken Wing hat euch mächtig an der Nase herum geführt! 	Hahaha! Ihr dummen Bartgesichter! Chicken Wing hat euch mächtig an der Nase herum geführt!	哈哈哈！你们这些蠢大胡子！Chicken Wing好好耍了你们！
data_m__data_m__c1_txt__c1_fhll__text_100202.txt	38	Seit Monden schon versuchen die Nachos, den Schatz der Palenque zu rauben! Nun endlich ist es uns mit eurer Hilfe gelungen, dieses feige Pack zu besiegen! Hahaha! 	Seit Monden schon versuchen die Nachos, den Schatz der Palenque zu rauben! Nun endlich ist es uns mit eurer Hilfe gelungen, dieses feige Pack zu besiegen! Hahaha!	Nachos族几个月来一直想抢Palenque族的宝藏！终于在你们的帮助下打败了这群懦夫！哈哈哈！
data_m__data_m__c1_txt__c1_fhll__text_100202.txt	44	Jetzt gehört der Schatz uns! UNS! Hahaha!	Jetzt gehört der Schatz uns! UNS! Hahaha!	现在宝藏是我们的了！是我们的！哈哈哈！
data_m__data_m__c1_txt__c1_fhll__text_100202.txt	50	Und nun... STERBT!	Und nun... STERBT!	现在……去死吧！
data_m__data_m__c1_txt__c1_fhll__text_100301.txt	30	Mission erfüllt!	Mission erfüllt!	任务完成！
data_m__data_m__c1_txt__c1_fhll__text_100301.txt	40	Bei Thor! Wie waren wir von diesen elenden Skrälingen getäuscht worden! 	Bei Thor! Wie waren wir von diesen elenden Skrälingen getäuscht worden!	以Thor之名！我们竟被这些卑鄙的野蛮人骗了！
data_m__data_m__c1_txt__c1_fhll__text_100301.txt	44	Loki selbst hätte es nicht besser vermocht! Hatten sie uns doch am Ende nur dazu benutzt, um an den Goldschatz der Palenque zu kommen! Und wir hatten uns so erbärmlich täuschen lassen und ihnen auch noch dabei geholfen!	Loki selbst hätte es nicht besser vermocht! Hatten sie uns doch am Ende nur dazu benutzt, um an den Goldschatz der Palenque zu kommen! Und wir hatten uns so erbärmlich täuschen lassen und ihnen auch noch dabei geholfen!	Loki本人也未必做得更好！他们只是利用我们来夺取Palenque族的黄金宝藏！而我们竟如此可悲地被骗了，还帮了他们的忙！
data_m__data_m__c1_txt__c1_fhll__text_100301.txt	50	Nun, sie hatten ihre Strafe dafür erhalten. Doch wenn ich heute bedenke, welche Schuld jeder unserer Männer damals auf sich lud, als dieses friedliebende Mayavolk mit unserer Hilfe von der Erde getilgt wurde, bete ich zu den Göttern, dass sie uns diese Schuld vergeben mögen!	Nun, sie hatten ihre Strafe dafür erhalten. Doch wenn ich heute bedenke, welche Schuld jeder unserer Männer damals auf sich lud, als dieses friedliebende Mayavolk mit unserer Hilfe von der Erde getilgt wurde, bete ich zu den Göttern, dass sie uns diese Schuld vergeben mögen!	他们终究受到了惩罚。但如今想到我们每个人当时犯下的罪过——一个爱好和平的玛雅民族在我们的帮助下被从地球上抹去——我向诸神祈祷，愿他们宽恕我们的罪孽！
data_m__data_m__c1_txt__c1_fhll__text_110101.txt	32	CHICHEN__ITZA	CHICHEN__ITZA	奇琴伊察
data_m__data_m__c1_txt__c1_fhll__text_110101.txt	42	Die schändlichste Tat, die sich ein Wikinger vorstellen kann, ist der Verrat an seinen Kameraden!	Die schändlichste Tat, die sich ein Wikinger vorstellen kann, ist der Verrat an seinen Kameraden!	维京人所能想象的最卑劣之事，就是对同伴的背叛！
data_m__data_m__c1_txt__c1_fhll__text_110101.txt	44	Wir hatten damals dem Stamm der Nachos unser Vertrauen und unsere Freundschaft geschenkt, hatten ihr Volk gegen die fremden Feinde verteidigt. 	Wir hatten damals dem Stamm der Nachos unser Vertrauen und unsere Freundschaft geschenkt, hatten ihr Volk gegen die fremden Feinde verteidigt.	我们曾信任Nachos族、给予他们友谊，为他们抵御外敌。
data_m__data_m__c1_txt__c1_fhll__text_110101.txt	46	Unsere Krieger hatten ihr Blut für diese Skrälinge vergossen, und der einzige Dank, den wir dafür erhielten, war Verrat! 	Unsere Krieger hatten ihr Blut für diese Skrälinge vergossen, und der einzige Dank, den wir dafür erhielten, war Verrat!	我们的战士为这些野蛮人流了血，唯一的回报却是背叛！
data_m__data_m__c1_txt__c1_fhll__text_110101.txt	48	Bitterer, feiger Verrat! 	Bitterer, feiger Verrat!	苦涩的卑鄙背叛！
data_m__data_m__c1_txt__c1_fhll__text_110101.txt	54	Noch jetzt kocht das Feuer der Wut in mir, wenn ich an diese erbärmlichen Feiglinge zurückdenke! 	Noch jetzt kocht das Feuer der Wut in mir, wenn ich an diese erbärmlichen Feiglinge zurückdenke!	如今回想那些卑鄙的懦夫，我心中怒火依然沸腾！
data_m__data_m__c1_txt__c1_fhll__text_110101.txt	56	Mögen die Dämonen der Unterwelt ihre Seelen peinigen und die Riesen Utgards sich an ihren gebleichten Knochen laben!	Mögen die Dämonen der Unterwelt ihre Seelen peinigen und die Riesen Utgards sich an ihren gebleichten Knochen laben!	愿冥界恶魔折磨他们的灵魂，乌特加德巨人啃食他们白骨！
data_m__data_m__c1_txt__c1_fhll__text_110101.txt	58	Bitte verzeiht meine Worte, doch der Schmerz sitzt auch heute, nachdem so vielen Winter vergangen sind, noch tief in meinen Gedärmen...	Bitte verzeiht meine Worte, doch der Schmerz sitzt auch heute, nachdem so vielen Winter vergangen sind, noch tief in meinen Gedärmen...	请原谅我的言辞，但即便过了这么多冬天，那份痛苦仍深埋五脏……
data_m__data_m__c1_txt__c1_fhll__text_110101.txt	64	Nun, wie dem auch sei - wir überlegten damals lange, ob wir zum Dorf der Nachos zurückkehren und ihnen mit Feuer und Stahl den Lohn für den feigen Verrat bezahlen sollten. 	Nun, wie dem auch sei - wir überlegten damals lange, ob wir zum Dorf der Nachos zurückkehren und ihnen mit Feuer und Stahl den Lohn für den feigen Verrat bezahlen sollten.	总之——当时我们反复讨论是否要回到Nachos族的村子，用烈火和钢铁报这背叛之仇。
data_m__data_m__c1_txt__c1_fhll__text_110101.txt	66	Mein Großvater war es, der die wütenden Krieger davon abhielt.	Mein Großvater war es, der die wütenden Krieger davon abhielt.	是祖父阻止了愤怒的战士们。
data_m__data_m__c1_txt__c1_fhll__text_110101.txt	68	Im Vertrauen auf die Weisheit Odins wollte er dem Weg folgen, den der Göttervater für uns bestimmt hatte.	Im Vertrauen auf die Weisheit Odins wollte er dem Weg folgen, den der Göttervater für uns bestimmt hatte.	他信任Odin的智慧，要沿着众神之父为我们指定的道路前行。
data_m__data_m__c1_txt__c1_fhll__text_110101.txt	74	Wir zogen also weiter Richtung Morgengrauen. 	Wir zogen also weiter Richtung Morgengrauen.	于是我们继续向东方前进。
data_m__data_m__c1_txt__c1_fhll__text_110101.txt	76	Der Küste entgegen, an der unsere Kameraden hoffentlich auf uns warteten. 	Der Küste entgegen, an der unsere Kameraden hoffentlich auf uns warteten.	向海岸方向行进，希望同伴们在那里等我们。
data_m__data_m__c1_txt__c1_fhll__text_110101.txt	78	Je weiter wir vordrangen, desto dichter wurden die Wälder um uns herum. 	Je weiter wir vordrangen, desto dichter wurden die Wälder um uns herum.	越往前走，周围的森林越密。
data_m__data_m__c1_txt__c1_fhll__text_110101.txt	80	Manchmal mussten die Männer, die unseren Marsch anführten, sogar mit ihren Schwertern einen Weg durch das Unterholz frei schneiden. 	Manchmal mussten die Männer, die unseren Marsch anführten, sogar mit ihren Schwertern einen Weg durch das Unterholz frei schneiden.	有时领头的战士甚至要挥剑砍出一条路来。
data_m__data_m__c1_txt__c1_fhll__text_110101.txt	82	Die Luft um uns herum wurde mit jedem Schritt heißer und feuchter. 	Die Luft um uns herum wurde mit jedem Schritt heißer und feuchter.	每走一步，空气都变得更加闷热潮湿。
data_m__data_m__c1_txt__c1_fhll__text_110101.txt	88	Oft waren wir heftigen Regenstürmen ausgesetzt, die aber schon nach wenigen Augenblicken vorüber zogen. 	Oft waren wir heftigen Regenstürmen ausgesetzt, die aber schon nach wenigen Augenblicken vorüber zogen.	常遇到暴雨，但片刻就过去了。
data_m__data_m__c1_txt__c1_fhll__text_110101.txt	90	Nach solchen Gewittern schien der Boden unter uns zu kochen. 	Nach solchen Gewittern schien der Boden unter uns zu kochen.	暴风雨后地面仿佛在沸腾。
data_m__data_m__c1_txt__c1_fhll__text_110101.txt	92	Dichte Schwaden heißen Dampfes, der von der Erde emporstieg, machten uns das Atmen zur Qual. 	Dichte Schwaden heißen Dampfes, der von der Erde emporstieg, machten uns das Atmen zur Qual.	地面升起的浓密热气让人呼吸困难。
data_m__data_m__c1_txt__c1_fhll__text_110101.txt	94	Durch die argen Strapazen, die wir erdulden mussten, kamen wir nur sehr langsam voran. 	Durch die argen Strapazen, die wir erdulden mussten, kamen wir nur sehr langsam voran.	艰难困苦使我们的行进极为缓慢。
data_m__data_m__c1_txt__c1_fhll__text_110101.txt	96	Ich hatte schon fast den Mut verloren, als der Dschungel den Blick auf eine Lichtung freigab, die im Osten von einem hohen Gebirge begrenzt wurde. 	Ich hatte schon fast den Mut verloren, als der Dschungel den Blick auf eine Lichtung freigab, die im Osten von einem hohen Gebirge begrenzt wurde.	我几乎要放弃时，丛林露出一片空地，东面被高山环绕。
data_m__data_m__c1_txt__c1_fhll__text_110101.txt	98	Hier konnten wir rasten...	Hier konnten wir rasten...	终于可以歇息了……
data_m__data_m__c1_txt__c1_fhll__text_110101.txt	112	ZIELE:	ZIELE:	目标：
data_m__data_m__c1_txt__c1_fhll__text_110101.txt	118	Finde den Sonnenstein	Finde den Sonnenstein	找到太阳石
data_m__data_m__c1_txt__c1_fhll__text_110102.txt	36	Ich bin Tecum Seh, Oberpriester der Apoteken. Fahrt zurück in die Hölle, ihr bärtigen Dämonen! Ihr Ungeheuer aus dem Reich der Schatten! Tod und Verderben begleiten euren Weg! 	Ich bin Tecum Seh, Oberpriester der Apoteken. Fahrt zurück in die Hölle, ihr bärtigen Dämonen! Ihr Ungeheuer aus dem Reich der Schatten! Tod und Verderben begleiten euren Weg!	我是Tecum Seh，Apoteken族大祭司。滚回地狱去，你们这些大胡子恶魔！暗影王国的怪物！死亡和毁灭伴随着你们！
data_m__data_m__c1_txt__c1_fhll__text_110102.txt	38	Viele unserer tapfersten Krieger sind durch eure langen Messer gefallen, als sie die räudigen Nachos aus unserem Reich vertreiben wollten!	Viele unserer tapfersten Krieger sind durch eure langen Messer gefallen, als sie die räudigen Nachos aus unserem Reich vertreiben wollten!	我们许多最勇敢的战士死在你们的长刀下，当时他们在驱逐那些卑劣的Nachos族！
data_m__data_m__c1_txt__c1_fhll__text_110102.txt	44	Doch nun werden euch die Apoteken vernichten! Inti, der Sonnengott, hat uns ein Zeichen gesandt! Er gab uns einen Heiligen Stein, der Licht und Feuer versprüht! Er gibt uns Kraft und Mut! Mit seiner Hilfe werden die Krieger der Apoteken siegen!	Doch nun werden euch die Apoteken vernichten! Inti, der Sonnengott, hat uns ein Zeichen gesandt! Er gab uns einen Heiligen Stein, der Licht und Feuer versprüht! Er gibt uns Kraft und Mut! Mit seiner Hilfe werden die Krieger der Apoteken siegen!	但现在Apoteken族要消灭你们！太阳神Inti向我们降下征兆！他赐予我们一颗散发光与火的圣石！它赋予我们力量与勇气！在它的帮助下Apoteken族的战士必将获胜！
data_m__data_m__c1_txt__c1_fhll__text_110102.txt	58	ZIELE:	ZIELE:	目标：
data_m__data_m__c1_txt__c1_fhll__text_110102.txt	64	Zerstöre den Tempel der Mayas und erobere den Sonnenstein	Zerstöre den Tempel der Mayas und erobere den Sonnenstein	摧毁玛雅神庙并夺取太阳石
data_m__data_m__c1_txt__c1_fhll__text_110201.txt	30	Mission erfüllt!	Mission erfüllt!	任务完成！
data_m__data_m__c1_txt__c1_fhll__text_110201.txt	40	Als unsere Krieger es endlich geschafft hatten, den Tempel der Apoteken zu erstürmen, 	Als unsere Krieger es endlich geschafft hatten, den Tempel der Apoteken zu erstürmen,	当我们的战士终于攻入Apoteken族的神庙时，
data_m__data_m__c1_txt__c1_fhll__text_110201.txt	44	mussten sie feststellen, dass der Heilige Stein nicht mehr da war! 	mussten sie feststellen, dass der Heilige Stein nicht mehr da war!	却发现圣石已经不见了！
data_m__data_m__c1_txt__c1_fhll__text_110201.txt	46	Meinem Vater, der unseren Kriegern vorausgeeilt war, gelang es gerade noch, einen weißgekleideten Priester aufzuhalten, bevor er durch eine in der Wand verborgene Tür verschwinden konnte. Zuerst wollte er nicht reden und stellte sich stumm. Das Schwert, das ihm mein Vater an die Kehle setzte, konnte seine Zunge aber rasch lösen...	Meinem Vater, der unseren Kriegern vorausgeeilt war, gelang es gerade noch, einen weißgekleideten Priester aufzuhalten, bevor er durch eine in der Wand verborgene Tür verschwinden konnte. Zuerst wollte er nicht reden und stellte sich stumm. Das Schwert, das ihm mein Vater an die Kehle setzte, konnte seine Zunge aber rasch lösen...	父亲冲在最前面，刚好拦住一个白衣祭司，他正要从墙中暗门逃走。起初他一言不发。但父亲架在他喉头的剑很快就让他的舌头松动了……
data_m__data_m__c1_txt__c1_fhll__text_110201.txt	52	Mit zitternder Stimme erzählte er, dass die Krieger der Tempelwache den Heiligen Stein durch den Geheimgang auf ein bereitliegendes Schiff gebracht hatten und damit Richtung Norden geflohen waren...	Mit zitternder Stimme erzählte er, dass die Krieger der Tempelwache den Heiligen Stein durch den Geheimgang auf ein bereitliegendes Schiff gebracht hatten und damit Richtung Norden geflohen waren...	他颤声说，神庙守卫已将圣石通过密道搬上一艘备好的船，向北逃走了……
data_m__data_m__c1_txt__c1_fhll__text_120101.txt	32	JAMAIKA	JAMAIKA	牙买加
data_m__data_m__c1_txt__c1_fhll__text_120101.txt	42	Der Heilige Stein, der Licht und Feuer versprüht. 	Der Heilige Stein, der Licht und Feuer versprüht.	散发光芒与火焰的圣石
data_m__data_m__c1_txt__c1_fhll__text_120101.txt	46	Von nichts anderem hatte der Oberpriester der Apoteken gesprochen als von einem Sonnenstein! 	Von nichts anderem hatte der Oberpriester der Apoteken gesprochen als von einem Sonnenstein!	Apoteken族大祭司说的正是太阳石！
data_m__data_m__c1_txt__c1_fhll__text_120101.txt	48	Wir waren nur eine Armlänge davon entfernt gewesen, den sechsten Stein zu bekommen. 	Wir waren nur eine Armlänge davon entfernt gewesen, den sechsten Stein zu bekommen.	我们只差一步就能拿到第六颗石了。
data_m__data_m__c1_txt__c1_fhll__text_120101.txt	50	Waren so kurz vor dem Ziel unserer Irrfahrt gewesen! 	Waren so kurz vor dem Ziel unserer Irrfahrt gewesen!	如此接近漂泊的终点！
data_m__data_m__c1_txt__c1_fhll__text_120101.txt	52	Doch es hatte nicht sein sollen! 	Doch es hatte nicht sein sollen!	但天意弄人！
data_m__data_m__c1_txt__c1_fhll__text_120101.txt	54	Odin hatte uns nun für unsere Vergehen bestraft!	Odin hatte uns nun für unsere Vergehen bestraft!	Odin在惩罚我们的罪过！
data_m__data_m__c1_txt__c1_fhll__text_120101.txt	60	Nun blieb uns nichts anderes übrig, als nach unseren Kameraden und dem Schiff zu suchen. 	Nun blieb uns nichts anderes übrig, als nach unseren Kameraden und dem Schiff zu suchen.	现在只能去找同伴和船了。
data_m__data_m__c1_txt__c1_fhll__text_120101.txt	62	Im Osten konnten wir bereits das Rauschen des Meeres hören. 	Im Osten konnten wir bereits das Rauschen des Meeres hören.	东边已能听到海浪声。
data_m__data_m__c1_txt__c1_fhll__text_120101.txt	64	Auch der Weltnagel hatte die richtige Position. 	Auch der Weltnagel hatte die richtige Position.	世界之钉也在正确位置。
data_m__data_m__c1_txt__c1_fhll__text_120101.txt	66	Wenn es Odins Wille war, mussten unsere Freunde irgendwo in der Nähe ihr Lager aufgeschlagen haben. 	Wenn es Odins Wille war, mussten unsere Freunde irgendwo in der Nähe ihr Lager aufgeschlagen haben.	如果这是Odin的旨意，朋友们一定在附近扎了营。
data_m__data_m__c1_txt__c1_fhll__text_120101.txt	72	Da wir uns in Feindesland befanden, suchten wir im Schutz der Nächte den Strand ab. 	Da wir uns in Feindesland befanden, suchten wir im Schutz der Nächte den Strand ab.	身处敌境，我们在夜色掩护下搜索海岸。
data_m__data_m__c1_txt__c1_fhll__text_120101.txt	74	Tagsüber hielten wir uns im Dschungel verborgen, um möglichst nicht von umherstreifenden Mayakriegern entdeckt zu werden. 	Tagsüber hielten wir uns im Dschungel verborgen, um möglichst nicht von umherstreifenden Mayakriegern entdeckt zu werden.	白天躲在丛林中，尽量避免被游荡的玛雅战士发现。
data_m__data_m__c1_txt__c1_fhll__text_120101.txt	76	Es dauerte fast zwei Monde, ehe Thorfill endlich in einer abgelegenen Bucht unseren Knarr vor Anker liegen sah. 	Es dauerte fast zwei Monde, ehe Thorfill endlich in einer abgelegenen Bucht unseren Knarr vor Anker liegen sah.	几乎过了两个月，Thorfill才终于在一处偏僻海湾看到我们的维京商船。
data_m__data_m__c1_txt__c1_fhll__text_120101.txt	82	Groß war unsere Freude, als wir endlich wieder mit Thorwald und den anderen vereint waren! 	Groß war unsere Freude, als wir endlich wieder mit Thorwald und den anderen vereint waren!	终于与Thorwald等人重逢，何等欢欣！
data_m__data_m__c1_txt__c1_fhll__text_120101.txt	84	Trotz der Gefahr, entdeckt zu werden, entfachten wir ein großes Freudenfeuer am Strand, um das alle bis zum Morgengrauen tanzten und feierten. 	Trotz der Gefahr, entdeckt zu werden, entfachten wir ein großes Freudenfeuer am Strand, um das alle bis zum Morgengrauen tanzten und feierten.	不顾被发现的风险，我们在海滩燃起巨大的篝火，众人跳舞欢庆直到天明。
data_m__data_m__c1_txt__c1_fhll__text_120101.txt	86	Vater berichtete den anderen von unseren Abenteuern, die wir während der langen Reise erlebt hatten. 	Vater berichtete den anderen von unseren Abenteuern, die wir während der langen Reise erlebt hatten.	父亲向其他人讲述了旅途中的冒险。
data_m__data_m__c1_txt__c1_fhll__text_120101.txt	88	Von den Gefahren und den Schlachten, die wir bestehen mussten. 	Von den Gefahren und den Schlachten, die wir bestehen mussten.	那些我们必须面对的危险与战斗。
data_m__data_m__c1_txt__c1_fhll__text_120101.txt	90	Und Großvater zeigte Thorwald voll Stolz die Sonnensteine, die wir erobert hatten. 	Und Großvater zeigte Thorwald voll Stolz die Sonnensteine, die wir erobert hatten.	祖父骄傲地向Thorwald展示我们夺得的太阳石。
data_m__data_m__c1_txt__c1_fhll__text_120101.txt	92	So ging es, bis der Morgen dämmerte. Danach wollten wir aber keine Zeit mehr verlieren. 	So ging es, bis der Morgen dämmerte. Danach wollten wir aber keine Zeit mehr verlieren.	就这样直到天亮。之后我们不想再耽搁了。
data_m__data_m__c1_txt__c1_fhll__text_120101.txt	94	Sobald die Flut günstig war, stachen wir in See, Kurs Richtung Norden, den Apoteken hinterher. 	Sobald die Flut günstig war, stachen wir in See, Kurs Richtung Norden, den Apoteken hinterher.	潮水一顺，我们就起航北上，追赶Apoteken族。
data_m__data_m__c1_txt__c1_fhll__text_120101.txt	100	Die Strömungen der See waren gegen uns. 	Die Strömungen der See waren gegen uns.	海流与我们作对。
data_m__data_m__c1_txt__c1_fhll__text_120101.txt	102	Unser Schiff nahm kaum Fahrt auf, und viele Tage kreuzten wir vor der Küste, ohne unserem Ziel näher zu kommen. 	Unser Schiff nahm kaum Fahrt auf, und viele Tage kreuzten wir vor der Küste, ohne unserem Ziel näher zu kommen.	船速极慢，许多天都在近海徘徊，无法接近目标。
data_m__data_m__c1_txt__c1_fhll__text_120101.txt	104	Als unsere Vorräte bereits knapp wurden, blähte ein frischer Wind die Segel und brachte uns zu einem kleinen Eiland, an dem wir landen konnten...	Als unsere Vorräte bereits knapp wurden, blähte ein frischer Wind die Segel und brachte uns zu einem kleinen Eiland, an dem wir landen konnten...	给养即将耗尽时，一阵清风鼓满船帆，将我们送到一座小岛……
data_m__data_m__c1_txt__c1_fhll__text_120101.txt	118	ZIELE:	ZIELE:	目标：
data_m__data_m__c1_txt__c1_fhll__text_120101.txt	124	Fülle deine Lager mit 200 Einheiten Nahrung auf	Fülle deine Lager mit 200 Einheiten Nahrung auf	将你的仓库补充200单位食物
data_m__data_m__c1_txt__c1_fhll__text_120201.txt	36	Seid gegrüßt, Fremde. Man nennt mich Plappernder Vogel, Häuptling der Papagayos. Unsere Fischgründe sind reich, wir haben Nahrung im Überfluß. Wenn wir euch helfen können, schickt eure Händler zu uns. Ihr sollt es nicht bereuen.	Seid gegrüßt, Fremde. Man nennt mich Plappernder Vogel, Häuptling der Papagayos. Unsere Fischgründe sind reich, wir haben Nahrung im Überfluß. Wenn wir euch helfen können, schickt eure Händler zu uns. Ihr sollt es nicht bereuen.	你们好，陌生人。我叫Plappernder Vogel，Papagayos族酋长。我们的渔场丰富，食物充裕。如果能帮上忙，派商人来我们这里吧，你们不会后悔的。
data_m__data_m__c1_txt__c1_fhll__text_120202.txt	36	Willkommen auf Jah Maihka, Haargesichter. Fallende Nuß, Ältester der Pinacolada, möchte euch Hilfe anbieten. Wir sein gute Freunde der Fremden! Kommt in unser Lager und sucht schöne Sachen aus! Machen auch Spezialpreis! Kommt, kommt!	Willkommen auf Jah Maihka, Haargesichter. Fallende Nuß, Ältester der Pinacolada, möchte euch Hilfe anbieten. Wir sein gute Freunde der Fremden! Kommt in unser Lager und sucht schöne Sachen aus! Machen auch Spezialpreis! Kommt, kommt!	欢迎来到Jah Maihka，毛脸们。Fallende Nuß，Pinacolada族长者，想帮助你们。我们是外来人的好朋友！来我们营地挑好东西吧！给特价！来来来！
data_m__data_m__c1_txt__c1_fhll__text_120301.txt	30	Mission erfüllt!	Mission erfüllt!	任务完成！
data_m__data_m__c1_txt__c1_fhll__text_120301.txt	40	Die Einheimischen dieser Insel, die den Namen Jah Maika trug, hatten uns sehr freundlich empfangen. 	Die Einheimischen dieser Insel, die den Namen Jah Maika trug, hatten uns sehr freundlich empfangen.	这座名叫Jah Maika的岛上的原住民非常热情地接待了我们。
data_m__data_m__c1_txt__c1_fhll__text_120301.txt	44	Es dauerte nicht lange, und wir hatten unsere Vorräte aufgefüllt. 	Es dauerte nicht lange, und wir hatten unsere Vorräte aufgefüllt.	不久我们就补给了给养。
data_m__data_m__c1_txt__c1_fhll__text_120301.txt	46	Etwas wehmütig nahmen wir wieder Abschied von der Insel, die das Heim der Götter auf Erden zu sein schien. So schön und fruchtbar war dieses Land, mit endlosen Sandstränden und kristallklarem Wasser. Und immer hatte man den Eindruck, von irgendwoher Musik zu hören, die zum Tanzen anregte...	Etwas wehmütig nahmen wir wieder Abschied von der Insel, die das Heim der Götter auf Erden zu sein schien. So schön und fruchtbar war dieses Land, mit endlosen Sandstränden und kristallklarem Wasser. Und immer hatte man den Eindruck, von irgendwoher Musik zu hören, die zum Tanzen anregte...	有些不舍地告别了这座仿佛诸神在凡间的居所的岛屿。如此美丽富饶，有无尽沙滩和清澈海水。总感觉从某处传来令人起舞的音乐……
data_m__data_m__c1_txt__c1_fhll__text_130101.txt	32	DIE RÜCKKEHR	DIE RÜCKKEHR	归来
data_m__data_m__c1_txt__c1_fhll__text_130101.txt	42	Ein kräftiger Wind brachte uns schnell weiter nach Norden. 	Ein kräftiger Wind brachte uns schnell weiter nach Norden.	一阵强风将我们快速推向北方。
data_m__data_m__c1_txt__c1_fhll__text_130101.txt	44	Wir hatten die Spur der Apoteken verloren, aber in festem Vertrauen auf das Wohlwollen des Göttervaters behielten wir den Kurs bei, den uns der gefangene Priester verraten hat. 	Wir hatten die Spur der Apoteken verloren, aber in festem Vertrauen auf das Wohlwollen des Göttervaters behielten wir den Kurs bei, den uns der gefangene Priester verraten hat.	我们失去了Apoteken族的踪迹，但坚信众神之父的眷顾，仍按被俘祭司透露的航线前行。
data_m__data_m__c1_txt__c1_fhll__text_130101.txt	50	Wir umsegelten viele kleine Inseln, die wie grüne Smaragde aus dem Meer ragten. 	Wir umsegelten viele kleine Inseln, die wie grüne Smaragde aus dem Meer ragten.	我们绕过许多如绿宝石般从海中升起的小岛。
data_m__data_m__c1_txt__c1_fhll__text_130101.txt	52	Als wir den 30. Breitengrad passiert hatten, erfaßte eine starke Strömung unser Schiff und hielt es mit Dämonenkrallen gefangen. 	Als wir den 30. Breitengrad passiert hatten, erfaßte eine starke Strömung unser Schiff und hielt es mit Dämonenkrallen gefangen.	过了北纬30度，一股强大的洋流抓住我们的船，如同恶魔之爪般困住。
data_m__data_m__c1_txt__c1_fhll__text_130101.txt	54	So sehr wir es auch versuchten, es gelang uns nicht, diesem reißenden Fluß zu entkommen. 	So sehr wir es auch versuchten, es gelang uns nicht, diesem reißenden Fluß zu entkommen.	我们竭力挣扎，却无法逃脱这股急流。
data_m__data_m__c1_txt__c1_fhll__text_130101.txt	56	Sollten die Apoteken ebenfalls hierher gelangt sein, stand fest, dass sie unser Schicksal geteilt hatten und wir nun unfreiwillig dem selben Zielpunkt entgegen steuerten.	Sollten die Apoteken ebenfalls hierher gelangt sein, stand fest, dass sie unser Schicksal geteilt hatten und wir nun unfreiwillig dem selben Zielpunkt entgegen steuerten.	如果Apoteken族也到了这里，那他们一定遭遇了同样的命运，我们正不由自主地驶向同一个目的地。
data_m__data_m__c1_txt__c1_fhll__text_130101.txt	62	Mit jedem Tag sanken nun die Temperaturen, die Nächte wurden länger, und bald schon konnten wir die ersten Eisriesen am Schiff vorbeiziehen sehen. 	Mit jedem Tag sanken nun die Temperaturen, die Nächte wurden länger, und bald schon konnten wir die ersten Eisriesen am Schiff vorbeiziehen sehen.	气温日渐下降，夜晚变长，很快就能看到最初的冰山从船边掠过。
data_m__data_m__c1_txt__c1_fhll__text_130101.txt	64	Nach mehreren Wochen Fahrt hatte uns die Strömung in eine Gegend verschlagen, die uns wohlbekannt war...	Nach mehreren Wochen Fahrt hatte uns die Strömung in eine Gegend verschlagen, die uns wohlbekannt war...	数周航行后，洋流将我们冲到了一个我们非常熟悉的地方……
data_m__data_m__c1_txt__c1_fhll__text_130101.txt	66	Wir waren daheim!	Wir waren daheim!	我们在家！
data_m__data_m__c1_txt__c1_fhll__text_130101.txt	72	Vom Schiff aus konnte ich die vertrauten Strände unseres Nachbardorfes erkennen. 	Vom Schiff aus konnte ich die vertrauten Strände unseres Nachbardorfes erkennen.	从船上我认出了邻村熟悉的海滩。
data_m__data_m__c1_txt__c1_fhll__text_130101.txt	74	Doch was ich sah, als wir uns dem Ufer näherten, ließ mir das Blut in den Adern gefrieren. 	Doch was ich sah, als wir uns dem Ufer näherten, ließ mir das Blut in den Adern gefrieren.	但靠近岸边时看到的景象让我血液凝固。
data_m__data_m__c1_txt__c1_fhll__text_130101.txt	76	Das ganze Dorf war verwüstet und zerstört! Nur ein einziges Gebäude schien die Katastrophe überstanden zu haben. Der Rest lag in Trümmern! 	Das ganze Dorf war verwüstet und zerstört! Nur ein einziges Gebäude schien die Katastrophe überstanden zu haben. Der Rest lag in Trümmern!	整个村子被毁！只有一座建筑幸存，其余全是废墟！
data_m__data_m__c1_txt__c1_fhll__text_130101.txt	78	Und wie zum Hohn, als wollte er jedem Vorbeireisenden ins Gesicht lachen, glotzte uns vom Ufer aus einer jener Gigantenköpfe an, die wir aus dem Land der Apoteken zur Genüge kannten...	Und wie zum Hohn, als wollte er jedem Vorbeireisenden ins Gesicht lachen, glotzte uns vom Ufer aus einer jener Gigantenköpfe an, die wir aus dem Land der Apoteken zur Genüge kannten...	仿佛在嘲弄每一个路过的人，岸边那尊我们已司空见惯的巨石头像盯着我们……
data_m__data_m__c1_txt__c1_fhll__text_130101.txt	92	ZIELE:	ZIELE:	目标：
data_m__data_m__c1_txt__c1_fhll__text_130101.txt	98	Finde die Zuflucht der Mayas, vernichte sie und hol dir den letzten Sonnenstein	Finde die Zuflucht der Mayas, vernichte sie und hol dir den letzten Sonnenstein	找到玛雅人的藏身之处，消灭他们并夺取最后一颗太阳石
data_m__data_m__c1_txt__c1_fhll__text_130102.txt	36	Willkommen in der Heimat, tapfere Wikinger! Vor einigen Monden landeten seltsame Wesen mit Federn im Haar an unserem Strand. Sie waren grausam und böse! Sie haben das Dorf eurer Brüder zerstört! Dann sind die in den Norden gezogen, Richtung untergehende Sonne. Dort werdet ihr sie finden!	Willkommen in der Heimat, tapfere Wikinger! Vor einigen Monden landeten seltsame Wesen mit Federn im Haar an unserem Strand. Sie waren grausam und böse! Sie haben das Dorf eurer Brüder zerstört! Dann sind die in den Norden gezogen, Richtung untergehende Sonne. Dort werdet ihr sie finden!	欢迎回家，勇敢的维京人！几个月前，头插羽毛的奇怪生物登陆了我们的海岸。他们残暴邪恶！他们摧毁了你们兄弟的村子！然后向北而去，朝向落日方向。你们会在那里找到他们！
data_m__data_m__c1_txt__c1_fhll__text_130102.txt	38	Mein Volk ist schwach, daher können wir nicht mit euch kämpfen. Aber unsere Lager stehen euch offen. Schickt eure Händler, und wir werden euch helfen. Viel Glück!	Mein Volk ist schwach, daher können wir nicht mit euch kämpfen. Aber unsere Lager stehen euch offen. Schickt eure Händler, und wir werden euch helfen. Viel Glück!	我们族力薄弱，无法与你们并肩作战。但我们的营地向你们开放。派商人来吧，我们会帮助你们。祝好运！
data_m__data_m__c1_txt__c1_fhll__text_140201.txt	36	Durch dein Verhalten hast du dir deine Verbündeten zu Feinden gemacht! Deine Mission ist gescheitert! 	Durch dein Verhalten hast du dir deine Verbündeten zu Feinden gemacht! Deine Mission ist gescheitert!	你的行为使盟友变成了敌人！你的任务失败了！
data_m__data_m__c1_txt__c1_fhll__text_140202.txt	36	Du hast jene vernichtet, die dir hätten helfen können, dein Ziel zu erreichen! Deine Mission ist gescheitert!	Du hast jene vernichtet, die dir hätten helfen können, dein Ziel zu erreichen! Deine Mission ist gescheitert!	你消灭了本可助你达成目标的人！你的任务失败了！
data_m__data_m__c1_txt__c1_fhll__text_140203.txt	36	Alle deine Wikinger haben diese Welt verlassen. Deine Mission ist gescheitert.	Alle deine Wikinger haben diese Welt verlassen. Deine Mission ist gescheitert.	你的所有维京人已经离开这个世界。你的任务失败了。
data_m__data_m__c1_txt__c1_fhll__text_140204.txt	36	Deine Mission ist gescheitert!	Deine Mission ist gescheitert!	你的任务失败了！
data_m__data_m__c1_txt__c1_fhll__text_140301.txt	30	Ihr wagt es, uns, eure Freunde anzugreifen! Ihr habt euch damit einen schlimmen Feind gemacht! 	Ihr wagt es, uns, eure Freunde anzugreifen! Ihr habt euch damit einen schlimmen Feind gemacht!	你们竟敢攻击朋友！你们树立了一个可怕的敌人！
data_m__data_m__c1_txt__c1_fhll__text_140301.txt	36	Nehmt euch künftig vor unseren Kriegern in acht!	Nehmt euch künftig vor unseren Kriegern in acht!	以后小心我们的战士！
data_m__data_m__c1_txt__c1_fhll__text_140302.txt	30	Euer Verhalten kann nicht länger hingenommen werden! Unsere Krieger werden euch dafür strafen!	Euer Verhalten kann nicht länger hingenommen werden! Unsere Krieger werden euch dafür strafen!	你们的行为不可再容忍！我们的战士将惩罚你们！
data_m__data_m__c1_txt__c1_fhll__text_140303.txt	30	Ihr handelt mit diesen Feiglingen? Das können und werden wir nicht hinnehmen! Von nun an stehen wir mit deinem Volk auf Kriegsfuß!	Ihr handelt mit diesen Feiglingen? Das können und werden wir nicht hinnehmen! Von nun an stehen wir mit deinem Volk auf Kriegsfuß!	你们和那些懦夫做生意？我们绝不接受！从现在起我们与你们处于战争状态！
data_m__data_m__c1_txt__c1_fhll__text_140304.txt	30	Seid gegrüßt, Bartgesichter. Zwischen uns sollen Friede und Freundschaft herrschen! Unsere Lagerstätten stehen euren Händlern zum Tausch offen.	Seid gegrüßt, Bartgesichter. Zwischen uns sollen Friede und Freundschaft herrschen! Unsere Lagerstätten stehen euren Händlern zum Tausch offen.	你们好，大胡子们。我们之间应该和平友好！我们的营地向你们的商人开放。
data_m__data_m__c1_txt__c1_fhll__text_140305.txt	30	Friede sei mit euch. Wir wollen weder Streit noch Freundschaft mit euch. Laßt uns friedlich Seite an Seite leben. 	Friede sei mit euch. Wir wollen weder Streit noch Freundschaft mit euch. Laßt uns friedlich Seite an Seite leben.	愿和平与你们同在。我们不想争端也不想结盟。让我们和平共处吧。
data_m__data_m__c1_txt__c1_fhll__text_140306.txt	30	Elende Eindringlinge! Sollte es einer eurer Leute wagen, sich uns zu nähern, werden wir sofort angreifen!	Elende Eindringlinge! Sollte es einer eurer Leute wagen, sich uns zu nähern, werden wir sofort angreifen!	卑鄙的入侵者！你们的人敢靠近一步，我们立刻进攻！
data_m__data_m__c1_txt__c1_fhll__text_202801.txt	46	NIAGARA	NIAGARA	尼亚加拉
data_m__data_m__c1_txt__c1_fhll__text_202801.txt	52	Die Einheimischen nennen dieses Land Niagara. 	Die Einheimischen nennen dieses Land Niagara.	原住民称这片土地为Niagara。
data_m__data_m__c1_txt__c1_fhll__text_202801.txt	54	Dichte grüne Wälder, zahlreiche Bodenschätze und ein weites, freies Land.	Dichte grüne Wälder, zahlreiche Bodenschätze und ein weites, freies Land.	茂密的绿林、丰富的矿产和辽阔的自由土地。
data_m__data_m__c1_txt__c1_fhll__text_202801.txt	56	Hier gibt es so ziemlich alles im Überfluss...	Hier gibt es so ziemlich alles im Überfluss...	这里几乎什么都不缺……
data_m__data_m__c1_txt__c1_fhll__text_202801.txt	70	ZIELE:	ZIELE:	目标：
data_m__data_m__c1_txt__c1_fhll__text_202801.txt	76	In dieser Karte gibt es keine Missionsvorgaben. Spiele, solange Du möchtest.	In dieser Karte gibt es keine Missionsvorgaben. Spiele, solange Du möchtest.	此地图没有任务目标。想玩多久就玩多久。
data_m__data_m__c1_txt__c1_fhll__text_202802.txt	46	Freies Entfalten	Freies Entfalten	自由发展
data_m__data_m__c1_txt__c1_fhll__text_202802.txt	52	Eines der schönsten Länder weit und breit.	Eines der schönsten Länder weit und breit.	方圆百里最美的土地之一。
data_m__data_m__c1_txt__c1_fhll__text_202802.txt	54	Hier gibt es alles, was das Herz begehrt...	Hier gibt es alles, was das Herz begehrt...	这里有你想要的一切……
data_m__data_m__c1_txt__c1_fhll__text_202802.txt	70	ZIELE:	ZIELE:	目标：
data_m__data_m__c1_txt__c1_fhll__text_202802.txt	76	In dieser Karte gibt es keine Missionsvorgaben. Spiele, solange Du möchtest.	In dieser Karte gibt es keine Missionsvorgaben. Spiele, solange Du möchtest.	此地图没有任务目标。想玩多久就玩多久。
data_m__data_m__c1_txt__c1_fhll__text_202901.txt	46	Herzlichen Glückwunsch! 	Herzlichen Glückwunsch!	衷心祝贺！
data_m__data_m__c1_txt__c1_fhll__text_202901.txt	54	Deine Bevölkerung hat die unglaubliche Grösse von 200 Bewohnern erreicht!	Deine Bevölkerung hat die unglaubliche Grösse von 200 Bewohnern erreicht!	你的人口已达到惊人的200人！
data_m__data_m__c1_txt__c1_fhll__text_202901.txt	56	Eine großartige Leistung!	Eine großartige Leistung!	出色的表现！
data_m__data_m__c1_txt__c1_fhll__text_212001.txt	48	Die Wikinger kommen! 	Die Wikinger kommen!	维京人来了！
data_m__data_m__c1_txt__c1_fhll__text_212801.txt	46	NIAGARA	NIAGARA	尼亚加拉
data_m__data_m__c1_txt__c1_fhll__text_212801.txt	52	Die Einheimischen nennen dieses Land Niagara. 	Die Einheimischen nennen dieses Land Niagara.	原住民称这片土地为Niagara。
data_m__data_m__c1_txt__c1_fhll__text_212801.txt	54	Dichte grüne Wälder, zahlreiche Bodenschätze und ein weites, freies Land.	Dichte grüne Wälder, zahlreiche Bodenschätze und ein weites, freies Land.	茂密的绿林、丰富的矿产和辽阔的自由土地。
data_m__data_m__c1_txt__c1_fhll__text_212801.txt	56	Hier gibt es so ziemlich alles im Überfluss...	Hier gibt es so ziemlich alles im Überfluss...	这里几乎什么都不缺……
data_m__data_m__c1_txt__c1_fhll__text_212801.txt	70	ZIELE:	ZIELE:	目标：
data_m__data_m__c1_txt__c1_fhll__text_212801.txt	76	In dieser Karte gibt es keine Missionsvorgaben. Spiele, solange Du möchtest.	In dieser Karte gibt es keine Missionsvorgaben. Spiele, solange Du möchtest.	此地图没有任务目标。想玩多久就玩多久。
data_m__data_m__c1_txt__c1_fhll__text_212801.txt	82	Hinweis:	Hinweis:	注意：
data_m__data_m__c1_txt__c1_fhll__text_212801.txt	86	In diesem Szenario sind alle wichtigen Bonusgegenstände, wie Schuhe, Werkzeuge (Eisen/Holz), Möbel und Geschirr bereits in großer Menge im Hauptlager vorhanden. Dadurch wird der Aufbau des Dorfes stark vereinfacht.	In diesem Szenario sind alle wichtigen Bonusgegenstände, wie Schuhe, Werkzeuge (Eisen/Holz), Möbel und Geschirr bereits in großer Menge im Hauptlager vorhanden. Dadurch wird der Aufbau des Dorfes stark vereinfacht.	在此场景中，所有重要奖励物品——鞋子、工具（铁/木）、家具和陶器——已在主营地大量备好。这大大简化了村庄建设。
data_m__data_m__c1_txt__c1_fhll__text_212801.txt	88	Im Gegenzug können in diesem Szenario die dazugehörenden Arbeitsstätten erst gar nicht gebaut werden. Sie sind nur in den normalen Spielmodi, wie Kampagne oder Einzelszenarien, verfügbar. Im Technologiebaum (F8) ist zu erkennen, welche Gebäude errichtet werden können. Zusätzlich ist nur eine von insgesamt drei Militäreinheiten verfügbar	Im Gegenzug können in diesem Szenario die dazugehörenden Arbeitsstätten erst gar nicht gebaut werden. Sie sind nur in den normalen Spielmodi, wie Kampagne oder Einzelszenarien, verfügbar. Im Technologiebaum (F8) ist zu erkennen, welche Gebäude errichtet werden können. Zusätzlich ist nur eine von insgesamt drei Militäreinheiten verfügbar	作为交换，此场景中无法建造对应的生产建筑。它们仅在常规模式（如战役或单人场景）中可用。科技树（F8）可查看可建建筑。此外只有三种兵种之一可用
data_m__data_m__c1_txt__c1_fhll__text_299902.txt	38	DIE_ DRACHENZAHN-BERGE	DIE_ DRACHENZAHN-BERGE	龙牙山脉
data_m__data_m__c1_txt__c1_fhll__text_299902.txt	46	Die Wikinger müssen das fruchtbare Land erforschen, um den Passweg über die Drachenzahn-Berge zu entdecken. 	Die Wikinger müssen das fruchtbare Land erforschen, um den Passweg über die Drachenzahn-Berge zu entdecken.	维京人必须探索这片肥沃的土地，以发现穿越龙牙山脉的通道。
data_m__data_m__c1_txt__c1_fhll__text_299902.txt	48	Hinter den Bergen soll der Stamm der Feuerpfeil-Indianer siedeln, der sehr gute Bögen herstellt.	Hinter den Bergen soll der Stamm der Feuerpfeil-Indianer siedeln, der sehr gute Bögen herstellt.	山脉那边据说住着火箭族印第安人，他们制作非常精良的弓。
data_m__data_m__c1_txt__c1_fhll__text_299902.txt	54	"Kontaktiere den Häuptling ""Heulender Kojote"" und handle 40 Bögen von den Feuerpfeil-Indianern!"	"Kontaktiere den Häuptling ""Heulender Kojote"" und handle 40 Bögen von den Feuerpfeil-Indianern!"	联系嚎郊狼酋长，从火箭族交易40张弓！
data_m__data_m__c1_txt__c1_fhll__text_299902.txt	60	Baue den Vorposten der Wikinger optimal aus, um eine große Bevölkerung zu versorgen und 	Baue den Vorposten der Wikinger optimal aus, um eine große Bevölkerung zu versorgen und	将维京前哨发展到最佳状态以供养大量人口，
data_m__data_m__c1_txt__c1_fhll__text_299902.txt	62	lass deinen Stamm auf 60 Einwohner anwachsen!	lass deinen Stamm auf 60 Einwohner anwachsen!	让你的部落增长到60人！
data_m__data_m__c1_txt__c1_fhll__text_299902.txt	68	Die erworbenen Bögen werden dein Volk stärker machen und sein Überleben sichern.	Die erworbenen Bögen werden dein Volk stärker machen und sein Überleben sichern.	获得的弓将使你的族人更强大，保障生存。
data_m__data_m__c1_txt__c1_fhll__text_299902.txt	82	ZIELE:	ZIELE:	目标：
data_m__data_m__c1_txt__c1_fhll__text_299902.txt	88	Erreiche eine Bevölkerung von 60 Einwohner	Erreiche eine Bevölkerung von 60 Einwohner	达到60人口
data_m__data_m__c1_txt__c1_fhll__text_299902.txt	92	Handle 40 Bögen von den Feuerpfeil-Indianern	Handle 40 Bögen von den Feuerpfeil-Indianern	从火箭族交易40张弓
data_m__data_m__c1_txt__c1_fhll__text_400100.txt	30	Godzilla war hier	Godzilla war hier	哥斯拉来过
data_m__data_m__c1_txt__c1_fhll__text_400110.txt	30	Godzilla war hier	Godzilla war hier	哥斯拉来过
data_m__data_m__c1_txt__c1_fhll__text_400200.txt	30	Kämpfe für dich selbst	Kämpfe für dich selbst	为自己而战
data_m__data_m__c1_txt__c1_fhll__text_400210.txt	30	Kämpfe für dich selbst	Kämpfe für dich selbst	为自己而战
data_m__data_m__c1_txt__c1_fhll__text_400300.txt	30	Manhattan-Die Verlorene Stadt	Manhattan-Die Verlorene Stadt	曼哈顿——失落之城
data_m__data_m__c1_txt__c1_fhll__text_400310.txt	30	Manhattan - Die Verlorene Stadt	Manhattan - Die Verlorene Stadt	Manhattan - 失落之城
data_m__data_m__c1_txt__c1_fhll__text_400400.txt	30	Das vergessene Tal	Das vergessene Tal	被遗忘的山谷
data_m__data_m__c1_txt__c1_fhll__text_400410.txt	30	Das vergessene Tal	Das vergessene Tal	被遗忘的山谷
data_m__data_m__c1_txt__c1_fhll__text_400600.txt	30	Die Schatzinsel	Die Schatzinsel	宝藏岛
data_m__data_m__c1_txt__c1_fhll__text_400610.txt	30	Die Schatzinsel	Die Schatzinsel	宝藏岛
data_m__data_m__c1_txt__c1_fhll__text_400700.txt	30	Ayers Rock	Ayers Rock	艾尔斯岩
data_m__data_m__c1_txt__c1_fhll__text_400710.txt	30	Ayers Rock	Ayers Rock	艾尔斯岩
data_m__data_m__c1_txt__c1_fhll__text_400900.txt	30	Die Schlacht der Wikingerstämme	Die Schlacht der Wikingerstämme	维京部落之战
data_m__data_m__c1_txt__c1_fhll__text_400910.txt	30	Die Schlacht der Wikingerstämme	Die Schlacht der Wikingerstämme	维京部落之战
data_m__data_m__c1_txt__c1_fhll__text_401100.txt	30	Die Clanlords 	Die Clanlords	氏族领主
data_m__data_m__c1_txt__c1_fhll__text_401110.txt	30	Die Clanlords 	Die Clanlords	氏族领主
data_m__data_m__c1_txt__c1_fhll__text_401200.txt	30	Die Wikinger kommen! 	Die Wikinger kommen!	维京人来了！
data_m__data_m__c1_txt__c1_fhll__text_401210.txt	30	Die Wikinger kommen! 	Die Wikinger kommen!	维京人来了！
data_m__data_m__c1_txt__c1_fhll__text_401300.txt	30	Nord und Süd 	Nord und Süd	南北之争
data_m__data_m__c1_txt__c1_fhll__text_401310.txt	30	Nord und Süd 	Nord und Süd	南北之争
data_m__data_m__c1_txt__c1_fhll__text_401400.txt	30	Die große Prärie	Die große Prärie	大草原
data_m__data_m__c1_txt__c1_fhll__text_401410.txt	30	Die große Prärie	Die große Prärie	大草原
data_m__data_m__c1_txt__c1_fhll__text_401500.txt	30	Die Belagerung	Die Belagerung	围攻
data_m__data_m__c1_txt__c1_fhll__text_401510.txt	30	Die Belagerung	Die Belagerung	围攻
data_m__data_m__c1_txt__c1_fhll__text_401600.txt	30	Der Büffelsee	Der Büffelsee	野牛湖
data_m__data_m__c1_txt__c1_fhll__text_401610.txt	30	Der Büffelsee	Der Büffelsee	野牛湖
data_m__data_m__c1_txt__c1_fhll__text_401700.txt	30	Die Rückkehr nach Death Valley	Die Rückkehr nach Death Valley	重返死亡谷
data_m__data_m__c1_txt__c1_fhll__text_401710.txt	30	Die Rückkehr nach Death Valley	Die Rückkehr nach Death Valley	重返死亡谷
data_m__data_m__c1_txt__c1_fhll__text_401800.txt	30	Die Eroberung Nordamerikas	Die Eroberung Nordamerikas	征服北美
data_m__data_m__c1_txt__c1_fhll__text_401810.txt	30	Die Eroberung Nordamerikas	Die Eroberung Nordamerikas	征服北美
data_m__data_m__c1_txt__c1_fhll__text_401900.txt	30	Kampf um den Goldberg	Kampf um den Goldberg	金丘之争
data_m__data_m__c1_txt__c1_fhll__text_401910.txt	30	Kampf um den Goldberg	Kampf um den Goldberg	金丘之争
data_m__data_m__c1_txt__c1_fhll__text_402000.txt	30	Leben am Rande Utgards	Leben am Rande Utgards	乌特加德边缘的生活
data_m__data_m__c1_txt__c1_fhll__text_402010.txt	30	Leben am Rande Utgards	Leben am Rande Utgards	乌特加德边缘的生活
data_m__data_m__c1_txt__c1_fhll__text_402020.txt	30	BONUSKARTE	BONUSKARTE	奖励地图
data_m__data_m__c1_txt__c1_fhll__text_402020.txt	36	Die geheimnisvolle Insel	Die geheimnisvolle Insel	神秘之岛
data_m__data_m__c1_txt__c1_fhll__text_402030.txt	30	BONUSKARTE	BONUSKARTE	奖励地图
data_m__data_m__c1_txt__c1_fhll__text_402030.txt	36	Die Teufelsinsel	Die Teufelsinsel	魔鬼岛
data_m__data_m__c1_txt__c1_fhll__text_402110.txt	30	Die Einöde	Die Einöde	荒原
data_m__data_m__c1_txt__c1_fhll__text_402310.txt	30	Das Dschungelinferno 	Das Dschungelinferno	丛林地狱
data_m__data_m__c1_txt__c1_fhll__text_501000.txt	34	DER AUFBRUCH	DER AUFBRUCH	启程
data_m__data_m__c1_txt__c1_fhll__text_501000.txt	44	Fünf Jahre waren inzwischen vergangen, seit wir von unserem Abenteuer in jener geheimnisvollen Welt zurückgekehrt waren, in der wir die Bruchstücke der vom Himmel gestürzten Sonne gefunden und in unsere Heimat zurückgebracht hatten.	Fünf Jahre waren inzwischen vergangen, seit wir von unserem Abenteuer in jener geheimnisvollen Welt zurückgekehrt waren, in der wir die Bruchstücke der vom Himmel gestürzten Sonne gefunden und in unsere Heimat zurückgebracht hatten.	自从我们从那个神秘世界冒险归来——在那里找到了从天而降的太阳碎片并带回了故乡——已经过去了五年。
data_m__data_m__c1_txt__c1_fhll__text_501000.txt	50	Als mein Großvater damals die sechs Teile zu einem Ganzen zusammenfügte, hatte sich die schwere Wolkendecke am Himmel geöffnet und die Sonne brachte mit ihren warmen Strahlen das Leben und den Wohlstand in unser Dorf zurück. 	Als mein Großvater damals die sechs Teile zu einem Ganzen zusammenfügte, hatte sich die schwere Wolkendecke am Himmel geöffnet und die Sonne brachte mit ihren warmen Strahlen das Leben und den Wohlstand in unser Dorf zurück.	当祖父将六块碎片合而为一时，厚重的云层裂开，阳光将生命和繁荣带回了我们的村庄。
data_m__data_m__c1_txt__c1_fhll__text_501000.txt	52	Doch wie wir bald feststellen mussten, sollte uns dieses Glück nicht zu lange gewährt werden...	Doch wie wir bald feststellen mussten, sollte uns dieses Glück nicht zu lange gewährt werden...	但我们很快发现，这份幸运不会持续太久……
data_m__data_m__c1_txt__c1_fhll__text_501000.txt	58	Es war in einer stürmischen Winternacht, als uns befreundete Eskimos mitteilten, sie hätten merkwürdig aussehende Krieger an der Küste landen sehen. Braun gebrannte Männer mit nackten Oberkörpern, aus deren Köpfen die Federn wundersamer Zaubervögel ragten.	Es war in einer stürmischen Winternacht, als uns befreundete Eskimos mitteilten, sie hätten merkwürdig aussehende Krieger an der Küste landen sehen. Braun gebrannte Männer mit nackten Oberkörpern, aus deren Köpfen die Federn wundersamer Zaubervögel ragten.	在一个暴风雨的冬夜，与我们友好的爱斯基摩人告诉我们，他们看到奇怪的战士在海岸登陆。棕色皮肤、赤裸上身、头上插着奇异神鸟的羽毛。
data_m__data_m__c1_txt__c1_fhll__text_501000.txt	62	Wir nahmen das Schlimmste an. Die Mayas! Jene grausamen Krieger aus den südlichen Gefilden der neuen Welt, durch deren Hand viele unserer tapferen Helden gefallen waren.	Wir nahmen das Schlimmste an. Die Mayas! Jene grausamen Krieger aus den südlichen Gefilden der neuen Welt, durch deren Hand viele unserer tapferen Helden gefallen waren.	我们做了最坏的打算。玛雅人！那些来自新世界南方的残暴战士，许多我们勇敢的英雄都死于他们之手。
data_m__data_m__c1_txt__c1_fhll__text_501000.txt	68	"Ohne zu zögern begaben sich unsere mutigsten Männer in die kalte Nacht hinaus, um dem Feind entgegenzueilen. Als sie den von Eis bedeckten Strand erreichten, erblickten sie sofort jene geheimnisvollen Krieger. Es waren nicht die Mayas, sondern unsere Freunde aus dem entfernten Vinland - die Indianer der ""Gelbmesser"". Halb erfroren standen sie neben ihren Kanus, mit denen sie an unserer Küste gelandet waren."	"Ohne zu zögern begaben sich unsere mutigsten Männer in die kalte Nacht hinaus, um dem Feind entgegenzueilen. Als sie den von Eis bedeckten Strand erreichten, erblickten sie sofort jene geheimnisvollen Krieger. Es waren nicht die Mayas, sondern unsere Freunde aus dem entfernten Vinland - die Indianer der ""Gelbmesser"". Halb erfroren standen sie neben ihren Kanus, mit denen sie an unserer Küste gelandet waren."	我们最勇敢的战士毫不犹豫地冲入寒夜，迎击敌人。当他们抵达结冰的海岸时，立刻看到了那些神秘的战士。不是玛雅人，而是来自遥远酒地的朋友——黄刀族印第安人。他们冻得半僵，站在靠岸的独木舟旁。
data_m__data_m__c1_txt__c1_fhll__text_501000.txt	74	Doch was hatte sie diese lange, gefährliche Reise auf sich nehmen lassen? 	Doch was hatte sie diese lange, gefährliche Reise auf sich nehmen lassen?	是什么让他们踏上这漫长危险的旅程？
data_m__data_m__c1_txt__c1_fhll__text_501000.txt	80	"Nach einer herzlichen Begrüßung brachten sie die Männer erst mal in die warme Hütte unseres Häuptlings, damit sie sich am Feuer wärmen konnten. Nachdem sie wieder ihre Kräfte gesammelt hatten, erzählten sie uns, dass ihr Häuptling ""Ugga Walla"" sie geschickt hätte."	"Nach einer herzlichen Begrüßung brachten sie die Männer erst mal in die warme Hütte unseres Häuptlings, damit sie sich am Feuer wärmen konnten. Nachdem sie wieder ihre Kräfte gesammelt hatten, erzählten sie uns, dass ihr Häuptling ""Ugga Walla"" sie geschickt hätte."	热情迎接后，他们把来人带到酋长温暖的棚屋里烤火取暖。恢复体力后，他们告诉我们是Ugga Walla酋长派他们来的。
data_m__data_m__c1_txt__c1_fhll__text_501000.txt	86	Ihr Dorf war angegriffen und vernichtet worden. Alle Gelbmesser, die sich im Dorf befanden, waren getötet worden, und nur die wenigen, die sich zur Zeit des Angriffs zufällig in den Wäldern befanden, hatten überlebt. Nun baten sie uns um Hilfe! 	Ihr Dorf war angegriffen und vernichtet worden. Alle Gelbmesser, die sich im Dorf befanden, waren getötet worden, und nur die wenigen, die sich zur Zeit des Angriffs zufällig in den Wäldern befanden, hatten überlebt. Nun baten sie uns um Hilfe!	他们的村子被攻击并摧毁了。所有在村里的黄刀族人都被杀了，只有少数在袭击时碰巧在林中的人幸存。他们请求我们援助！
data_m__data_m__c1_txt__c1_fhll__text_501000.txt	92	Viele von uns erinnerten sich noch gut an die herzliche Gastfreundschaft, die uns von unseren roten Brüdern zuteil geworden war, und so zögerten wir nicht lange. Als sich der Schleier der Nacht wieder hob, begannen wir bereits damit, die Schiffe mit allen Vorräten zu beladen, die für eine so lange Reise benötigt wurden.	Viele von uns erinnerten sich noch gut an die herzliche Gastfreundschaft, die uns von unseren roten Brüdern zuteil geworden war, und so zögerten wir nicht lange. Als sich der Schleier der Nacht wieder hob, begannen wir bereits damit, die Schiffe mit allen Vorräten zu beladen, die für eine so lange Reise benötigt wurden.	我们许多人仍记得红色兄弟们的热情款待，于是没有犹豫。夜幕刚散，我们就开始装载长途航行所需的全部给养。
data_m__data_m__c1_txt__c1_fhll__text_501000.txt	98	Unser Ältester bat mich, in die Wälder im Norden zu gehen, um Thorwal zu finden, den mutigsten unserer Krieger. Ich sollte ihn dazu bringen, sich unserem Trupp anzuschließen. Thorwal hatte sich nach unserem letzten Abenteuer mit seiner Frau in die Abgeschiedenheit der Wälder zurückgezogen. Nur manchmal sahen wir seine Frau, die in unser Dorf kam, um die Biervorräte ihres Mannes auffüllen zu lassen. 	Unser Ältester bat mich, in die Wälder im Norden zu gehen, um Thorwal zu finden, den mutigsten unserer Krieger. Ich sollte ihn dazu bringen, sich unserem Trupp anzuschließen. Thorwal hatte sich nach unserem letzten Abenteuer mit seiner Frau in die Abgeschiedenheit der Wälder zurückgezogen. Nur manchmal sahen wir seine Frau, die in unser Dorf kam, um die Biervorräte ihres Mannes auffüllen zu lassen.	长者让我去北方林中寻找Thorwal——我们最勇敢的战士。我应劝他加入我们的队伍。上次冒险后，Thorwal和妻子隐居林中。偶尔他妻子来村里给丈夫补充啤酒。
data_m__data_m__c1_txt__c1_fhll__text_501000.txt	102	Thorwal sollte sich uns unbedingt wieder anschließen! 	Thorwal sollte sich uns unbedingt wieder anschließen!	Thorwal一定要重新加入我们！
data_m__data_m__c1_txt__c1_fhll__text_501000.txt	108	"Mit besorgtem Blick schaute der Älteste mich an und legte seine Hand auf meine Schultern. ""Im weiten Westen lebt außerdem Maradorn, ein Kriegsheld ebenso wie Thorwal. Finde auch ihn! Wie ich hörte, soll es ihm nicht besonders gut gehen. Finde heraus, was an diesem Gerücht dran ist. Wenn es ihm gut geht, bringe auch ihn dazu, sich uns anzuschließen."" "	"Mit besorgtem Blick schaute der Älteste mich an und legte seine Hand auf meine Schultern. ""Im weiten Westen lebt außerdem Maradorn, ein Kriegsheld ebenso wie Thorwal. Finde auch ihn! Wie ich hörte, soll es ihm nicht besonders gut gehen. Finde heraus, was an diesem Gerücht dran ist. Wenn es ihm gut geht, bringe auch ihn dazu, sich uns anzuschließen."""	"长者用忧虑的目光看着我，将手搭在我肩上。遥远的西方还有Maradorn，他和Thorwal一样是战争英雄。去找他吧！听说他过得不太好。查清这个传言是否属实。如果情况不错，也劝他加入我们。"""
data_m__data_m__c1_txt__c1_fhll__text_501000.txt	114	Mit diesen Worten verließ er mich.	Mit diesen Worten verließ er mich.	说完他离开了。
data_m__data_m__c1_txt__c1_fhll__text_501000.txt	128	ZIELE:	ZIELE:	目标：
data_m__data_m__c1_txt__c1_fhll__text_501000.txt	134	Finde Thorwal. Finde Maradorn. Bringe 100 Nahrung, 10 Speere und 30 Bier in das Schiff am südlichen Ufer	Finde Thorwal. Finde Maradorn. Bringe 100 Nahrung, 10 Speere und 30 Bier in das Schiff am südlichen Ufer	找到Thorwal。找到Maradorn。将100单位食物、10支矛和30单位啤酒送至南岸的船上
data_m__data_m__c1_txt__c1_fhll__text_501001.txt	32	Mission erfüllt!	Mission erfüllt!	任务完成！
data_m__data_m__c1_txt__c1_fhll__text_501001.txt	42	Die Vorräte waren nun verladen und wir konnten unsere Reise beginnen. 	Die Vorräte waren nun verladen und wir konnten unsere Reise beginnen.	给养已装好，我们可以启程了。
data_m__data_m__c1_txt__c1_fhll__text_501001.txt	46	Die Winde waren uns wohl gesonnen, und so dauerte es nicht lange, 	Die Winde waren uns wohl gesonnen, und so dauerte es nicht lange,	风向对我们有利，没过多久，
data_m__data_m__c1_txt__c1_fhll__text_501001.txt	48	bis wir die Ufer jener Welt erspähten, in der wir bereits so viele Abenteuer erlebt hatten.	bis wir die Ufer jener Welt erspähten, in der wir bereits so viele Abenteuer erlebt hatten.	我们就看到了那个经历过许多冒险的世界的海岸。
data_m__data_m__c1_txt__c1_fhll__text_501003.txt	34	Seit gegrüßt meine Freunde. Wie ihr wisst, haben wir die leckersten Fische hier im kalten Nordland. 	Seit gegrüßt meine Freunde. Wie ihr wisst, haben wir die leckersten Fische hier im kalten Nordland.	你们好啊朋友们。如你们所知，我们这寒冷的北方有最好吃的鱼。
data_m__data_m__c1_txt__c1_fhll__text_501003.txt	36	Wenn ihr möchtet, finden wir bestimmt eine Ware, mit der wir tauschen können.	Wenn ihr möchtet, finden wir bestimmt eine Ware, mit der wir tauschen können.	如果你们愿意，我们一定能找到可以交换的货物。
data_m__data_m__c1_txt__c1_fhll__text_501004.txt	34	Wollt ihr handeln? Dann wärmt euch bei einer guten heißen Fischsuppe auf, während wir euch zeigen, was wir euch zum Tausch anbieten können.	Wollt ihr handeln? Dann wärmt euch bei einer guten heißen Fischsuppe auf, während wir euch zeigen, was wir euch zum Tausch anbieten können.	想交易吗？先来碗热腾腾的鱼汤暖暖身子，我们再给你们看看有什么可以交换。
data_m__data_m__c1_txt__c1_fhll__text_501005.txt	34	Nach einem langen Marsch hatten wir die Hütte von Maradorn endlich erreicht. Noch bevor wir den kleinen, schneebedeckten 	Nach einem langen Marsch hatten wir die Hütte von Maradorn endlich erreicht. Noch bevor wir den kleinen, schneebedeckten	长途跋涉后，我们终于到了Maradorn的小屋。还没等我们走近那座被雪覆盖的
data_m__data_m__c1_txt__c1_fhll__text_501005.txt	36	Berg herabstiegen, kamen uns schon vertraute Gesichter entgegen. Seine Söhne begrüßten uns. 	Berg herabstiegen, kamen uns schon vertraute Gesichter entgegen. Seine Söhne begrüßten uns.	下山时，熟悉的面孔迎面而来。他的儿子们向我们问好。
data_m__data_m__c1_txt__c1_fhll__text_501005.txt	42	"Seit willkommen, meine Brüder. Ihr wollt bestimmt zu unserem Vater. Doch leider kommt ihr zu spät. Unser Vater liegt im	Seit willkommen, meine Brüder. Ihr wollt bestimmt zu unserem Vater. Doch leider kommt ihr zu spät. Unser Vater liegt im"	欢迎你们，兄弟们。你们一定是来找我们父亲的。可惜来晚了，他正躺在
data_m__data_m__c1_txt__c1_fhll__text_501005.txt	44	Sterben und wir wissen nicht, wann Odin ihn zu sich nach Walhall an die festliche Tafel holen wird.	Sterben und wir wissen nicht, wann Odin ihn zu sich nach Walhall an die festliche Tafel holen wird.	垂死，我们不知Odin何时会将他接到瓦尔哈拉的盛宴。
data_m__data_m__c1_txt__c1_fhll__text_501005.txt	50	"Ihr bereitet euch auf eine große Fahrt vor? Sören wird euch begleiten. Er ist mutig und stark und wird euch auf eurer Reise von Nutzen sein."""	"Ihr bereitet euch auf eine große Fahrt vor? Sören wird euch begleiten. Er ist mutig und stark und wird euch auf eurer Reise von Nutzen sein."""	"你们要准备远航？Sören会随你们同行。他勇敢强壮，旅途中会很有用。"""
data_m__data_m__c1_txt__c1_fhll__text_501005.txt	56	Es war sehr schmerzhaft für uns, den Verlust von Maradorn hinzunehmen, war er doch einer unserer größten Helden gewesen. Doch gleichermaßen	Es war sehr schmerzhaft für uns, den Verlust von Maradorn hinzunehmen, war er doch einer unserer größten Helden gewesen. Doch gleichermaßen	接受Maradorn的离世对我们来说非常痛苦，他曾是我们最伟大的英雄之一。但同样
data_m__data_m__c1_txt__c1_fhll__text_501005.txt	58	freuten wir uns für ihn, denn bald würde Odin ihn empfangen und er würde an der Tafel der Krieger auf uns warten. 	freuten wir uns für ihn, denn bald würde Odin ihn empfangen und er würde an der Tafel der Krieger auf uns warten.	我们也为他高兴，因为Odin很快会接纳他，他将在勇士的宴桌旁等待我们。
data_m__data_m__c1_txt__c1_fhll__text_501006.txt	34	Nachdem wir den Wald durchwandert hatten, sahen wir endlich die Holzfällerhütte von Thorwal.	Nachdem wir den Wald durchwandert hatten, sahen wir endlich die Holzfällerhütte von Thorwal.	穿过森林后，我们终于看到了Thorwal的伐木屋。
data_m__data_m__c1_txt__c1_fhll__text_501006.txt	40	"Seit gegrüßt, meine Freunde. Ihr wollt also, dass ich mich euch wieder anschließe. Dies würde ich gerne tun, doch war dieses Jahr kein gutes für meine Biervorräte. Alles ist weg, und ohne mein Bier kann ich nicht feiern, und ohne eine richtige Feier kann ich mir keinen Mut antrinken. Nun, und ohne Mut kann ich euch leider nicht begleiten. 	Seit gegrüßt, meine Freunde. Ihr wollt also, dass ich mich euch wieder anschließe. Dies würde ich gerne tun, doch war dieses Jahr kein gutes für meine Biervorräte. Alles ist weg, und ohne mein Bier kann ich nicht feiern, und ohne eine richtige Feier kann ich mir keinen Mut antrinken. Nun, und ohne Mut kann ich euch leider nicht begleiten."	朋友们好。你们想让我再次加入。我很乐意，但今年我的啤酒储量不佳。全都喝光了，没有啤酒就没法庆祝，不庆祝就喝不出勇气，没有勇气就没法跟你们走。
data_m__data_m__c1_txt__c1_fhll__text_501006.txt	44	"Aber könntet ihr mir nicht mit etwas frischem Bier aushelfen?"""	"Aber könntet ihr mir nicht mit etwas frischem Bier aushelfen?"""	不过你们能不能给我弄些新鲜啤酒？
data_m__data_m__c1_txt__c1_fhll__text_501006.txt	50	Thorwal war bekannt für seinen übermäßigen Verbrauch an Bier. Wir mussten leise lachen, weil wir wussten, dass, auch wenn wir ihm einen neuen Vorrat an Bier liefern würden, dieser nicht länger als wenige Wochen halten würde. Doch dies war seine Bedingung, und wir waren bereit, alles dafür zu tun, damit er mit uns kam.	Thorwal war bekannt für seinen übermäßigen Verbrauch an Bier. Wir mussten leise lachen, weil wir wussten, dass, auch wenn wir ihm einen neuen Vorrat an Bier liefern würden, dieser nicht länger als wenige Wochen halten würde. Doch dies war seine Bedingung, und wir waren bereit, alles dafür zu tun, damit er mit uns kam.	Thorwal出了名的啤酒量大。我们不禁暗笑，因为知道即使给他再多的啤酒也撑不了几周。但这是他的条件，我们愿意满足一切以让他同行。
data_m__data_m__c1_txt__c1_fhll__text_501007.txt	34	Ja, das lob' ich mir! Frisches Bier!	Ja, das lob' ich mir! Frisches Bier!	好，这才像话！新鲜啤酒！
data_m__data_m__c1_txt__c1_fhll__text_501007.txt	38	Thorwal stürmte auf das erste vor ihm liegende Bierfass zu und hob es an, um mit einer riesigen Gier das leckere Gebräu seine Kehle befeuchten zu lassen.	Thorwal stürmte auf das erste vor ihm liegende Bierfass zu und hob es an, um mit einer riesigen Gier das leckere Gebräu seine Kehle befeuchten zu lassen.	Thorwal冲向第一个啤酒桶，举起来贪婪地大口灌下。
data_m__data_m__c1_txt__c1_fhll__text_501007.txt	44	Langsam setzte er das Fass wieder ab und schaute uns mit freudigen Augen an.	Langsam setzte er das Fass wieder ab und schaute uns mit freudigen Augen an.	他慢慢放下酒桶，开心地看着我们。
data_m__data_m__c1_txt__c1_fhll__text_501007.txt	46	Mein ganzer Vorrat an Bier ist wieder aufgefüllt. 	Mein ganzer Vorrat an Bier ist wieder aufgefüllt.	我的啤酒存量又满了。
data_m__data_m__c1_txt__c1_fhll__text_501007.txt	50	Mit diesen Worten hob er auch schon das nächste Fass an seine Lippen.	Mit diesen Worten hob er auch schon das nächste Fass an seine Lippen.	说着他又举起了下一桶。
data_m__data_m__c1_txt__c1_fhll__text_501007.txt	52	Kommt, trinkt mit mir, lasst uns auf die großen Taten, die noch kommen werden, anstoßen.	Kommt, trinkt mit mir, lasst uns auf die großen Taten, die noch kommen werden, anstoßen.	来吧，一起喝，为即将到来的壮举干杯。
data_m__data_m__c1_txt__c1_fhll__text_501007.txt	58	Es wurde eine lange Nacht und ein langer Morgen, bis wir und Thorwal uns genügend Mut angetrunken hatten und wir zurück zum Dorf wollten.	Es wurde eine lange Nacht und ein langer Morgen, bis wir und Thorwal uns genügend Mut angetrunken hatten und wir zurück zum Dorf wollten.	那是个漫长的夜晚和漫长的早晨，直到我们和Thorwal都喝够了勇气，准备回村。
data_m__data_m__c1_txt__c1_fhll__text_501007.txt	64	"Geht schon vor klang es noch aus der Hütte Thorwals. ""Ich habe hier noch eine Kleinigkeit zu erledigen, doch sobald die große Fahrt beginnt, werde ich da sein""."	"Geht schon vor klang es noch aus der Hütte Thorwals. ""Ich habe hier noch eine Kleinigkeit zu erledigen, doch sobald die große Fahrt beginnt, werde ich da sein""."	"你们先走"" Thorwal的声音从棚屋里传来。""我还有点小事要处理，但大船出发时我一定会到。"""
data_m__data_m__c1_txt__c1_fhll__text_501008.txt	34	Mit vorsichtigen Schritten überquerten wir die dünne Eisschicht. Es war, als würde ein Weg aus Eis uns offenbart werden.	Mit vorsichtigen Schritten überquerten wir die dünne Eisschicht. Es war, als würde ein Weg aus Eis uns offenbart werden.	我们小心翼翼地踏过薄冰层，仿佛有一条冰之路展现在面前。
data_m__data_m__c1_txt__c1_fhll__text_501008.txt	40	Nach einiger Zeit erreichten wir eine große mit Schnee bedeckte Eisscholle. Schon aus der Ferne konnten wir die Umrisse von etwas	Nach einiger Zeit erreichten wir eine große mit Schnee bedeckte Eisscholle. Schon aus der Ferne konnten wir die Umrisse von etwas	一段时间后我们到达一块大雪覆盖的浮冰。远处就能看到某物的轮廓
data_m__data_m__c1_txt__c1_fhll__text_501008.txt	42	Großem erkennen. Endlich waren wir da! 	Großem erkennen. Endlich waren wir da!	很大。终于到了！
data_m__data_m__c1_txt__c1_fhll__text_501008.txt	48	Es war eine riesige Eisskulptur aus alten Tagen. Wir betrachteten sie genau und entdeckten die uns vertraute Runenschrift, die wie folgt lautete...	Es war eine riesige Eisskulptur aus alten Tagen. Wir betrachteten sie genau und entdeckten die uns vertraute Runenschrift, die wie folgt lautete...	这是一尊古代的巨型冰雕。我们仔细观察，发现了熟悉的符文，内容如下……
data_m__data_m__c1_txt__c1_fhll__text_501008.txt	52	...gekommen ist das Unheil aus den Reihen Eurer selbst. Doch seit getrost, in der schwersten Stunde werden alte Freunde neue sein.	...gekommen ist das Unheil aus den Reihen Eurer selbst. Doch seit getrost, in der schwersten Stunde werden alte Freunde neue sein.	灾祸来自你们自己人中间。但请放心，在最艰难的时刻，老朋友会成为新朋友。
data_m__data_m__c1_txt__c1_fhll__text_501008.txt	56	Ein leichter Südwind strich durch unser Haar und das Eis begann zu schmelzen. Schnell begannen wir den Rückmarsch zu unserem Dorf.	Ein leichter Südwind strich durch unser Haar und das Eis begann zu schmelzen. Schnell begannen wir den Rückmarsch zu unserem Dorf.	一阵南风拂过发梢，冰开始融化。我们赶紧返回村庄。
data_m__data_m__c1_txt__c1_fhll__text_501009.txt	34	Odin meint es gut. Die wärmenden Strahlen der Sonne haben dieses fruchtbare Land für uns freigelegt. Wenn wir hier unsere Farmen aufbauen, sind unsere Nahrungsvorräte bald aufgefüllt.	Odin meint es gut. Die wärmenden Strahlen der Sonne haben dieses fruchtbare Land für uns freigelegt. Wenn wir hier unsere Farmen aufbauen, sind unsere Nahrungsvorräte bald aufgefüllt.	奥丁待我们不薄。温暖的阳光为我们释放了这片沃土。如果在这里建农场，食物储备很快就会补满。
data_m__data_m__c1_txt__c1_fhll__text_501010.txt	44	Die Vorräte waren nun verladen und wir konnten unsere Reise beginnen. Die Winde waren uns wohl gesonnen, und so dauerte es nicht lange, bis wir die Ufer jener Welt erspähten, in der wir bereits so viele Abenteuer erlebt hatten.	Die Vorräte waren nun verladen und wir konnten unsere Reise beginnen. Die Winde waren uns wohl gesonnen, und so dauerte es nicht lange, bis wir die Ufer jener Welt erspähten, in der wir bereits so viele Abenteuer erlebt hatten.	给养已装好，我们可以启程了。风向对我们有利，没过多久，我们就看到了那个经历过许多冒险的世界的海岸。
data_m__data_m__c1_txt__c1_fhll__text_501011.txt	34	Da lagen die Kanus unserer indianischen Freunde! Welche Gefahren mussten sie dort draußen durchlebt haben, mit diesen schmächtigen	Da lagen die Kanus unserer indianischen Freunde! Welche Gefahren mussten sie dort draußen durchlebt haben, mit diesen schmächtigen	我们印第安朋友的独木舟就在那里！他们用这些瘦小的
data_m__data_m__c1_txt__c1_fhll__text_501011.txt	36	Booten. Die mit Fell bezogenen Außenwände lösten sich schon an vielen Stellen ab. Und auch das Holz, angefressen von der salzigen See, zerfiel bereits unter dem Gewicht der nassen Decken der Indianer.	Booten. Die mit Fell bezogenen Außenwände lösten sich schon an vielen Stellen ab. Und auch das Holz, angefressen von der salzigen See, zerfiel bereits unter dem Gewicht der nassen Decken der Indianer.	小船不知经历了多少危险。皮覆外皮已多处脱落。被海水侵蚀的木头在湿润毛毡的重压下正在碎裂。
data_m__data_m__c1_txt__c1_fhll__text_501012.txt	34	Die letzten Überreste unserer großen Feinde, der Mayas, liegen hier. Nur noch wenige Zeugnisse, so wie diese Ruinen, erinnern daran, wie viel uns der Sieg gekostet hatte. Zum Glück ist diese Zeit vorbei und gehört nun 	Die letzten Überreste unserer großen Feinde, der Mayas, liegen hier. Nur noch wenige Zeugnisse, so wie diese Ruinen, erinnern daran, wie viel uns der Sieg gekostet hatte. Zum Glück ist diese Zeit vorbei und gehört nun	我们的大敌玛雅人的最后遗迹就在这里。只有少数证据——如这些废墟——提醒我们胜利的代价有多大。幸好那个时代已经过去，
data_m__data_m__c1_txt__c1_fhll__text_501012.txt	36	der Vergangenheit an.	der Vergangenheit an.	属于历史了。
data_m__data_m__c1_txt__c1_fhll__text_501099.txt	30	Mission verloren!	Mission verloren!	任务失败！
data_m__data_m__c1_txt__c1_fhll__text_501099.txt	42	Das Schiff wurde zerstört! Jetzt kann das große Abenteuer nicht beginnen!	Das Schiff wurde zerstört! Jetzt kann das große Abenteuer nicht beginnen!	船被毁了！大冒险无法开始了！
data_m__data_m__c1_txt__c1_fhll__text_502000.txt	32	DER__AUFTRAG	DER__AUFTRAG	使命
data_m__data_m__c1_txt__c1_fhll__text_502000.txt	40	Nach einer langen, stürmischen Überfahrt tauchte am Horizont die grüne Küste Vinlands aus den Fluten des Ozeans auf.	Nach einer langen, stürmischen Überfahrt tauchte am Horizont die grüne Küste Vinlands aus den Fluten des Ozeans auf.	经过漫长颠簸的航行，酒地翠绿的海岸从大洋波涛中浮现。
data_m__data_m__c1_txt__c1_fhll__text_502000.txt	44	Mein Herz war erfüllt von gemischten Gefühlen. Fast hatte ich gehofft, es nie mehr betreten zu müssen, doch es gibt wenig, was einem Wikinger heiliger ist, als die Ehrenschuld gegenüber Freunden und Verbündeten. 	Mein Herz war erfüllt von gemischten Gefühlen. Fast hatte ich gehofft, es nie mehr betreten zu müssen, doch es gibt wenig, was einem Wikinger heiliger ist, als die Ehrenschuld gegenüber Freunden und Verbündeten.	我百感交集。我几乎希望永远不再踏上这片土地，但对维京人而言，没有什么比对朋友和盟友的道义更神圣。
data_m__data_m__c1_txt__c1_fhll__text_502000.txt	50	So setzte ich erneut meinen Fuß auf das weite Land im Westen, wo unsere Freunde, die Gelbmesser lebten, mit denen wir so viele Gefahren und Abenteuer bestanden hatten.	So setzte ich erneut meinen Fuß auf das weite Land im Westen, wo unsere Freunde, die Gelbmesser lebten, mit denen wir so viele Gefahren und Abenteuer bestanden hatten.	于是我再次踏上这片广袤的西方土地，我们的朋友黄刀族就住在这里，我们曾一起历经艰险。
data_m__data_m__c1_txt__c1_fhll__text_502000.txt	56	Wir mussten uns zunächst ein Lager aufbauen, von dem aus wir die Suche nach unseren roten Brüdern starten konnten, die uns so dringlich um Hilfe gebeten hatten.	Wir mussten uns zunächst ein Lager aufbauen, von dem aus wir die Suche nach unseren roten Brüdern starten konnten, die uns so dringlich um Hilfe gebeten hatten.	我们得先建营地，从那里开始寻找向我们紧急求助的红色兄弟。
data_m__data_m__c1_txt__c1_fhll__text_502000.txt	70	ZIELE:	ZIELE:	目标：
data_m__data_m__c1_txt__c1_fhll__text_502000.txt	76	Errichte dein Startlager und finde den befreundeten Indianerstamm	Errichte dein Startlager und finde den befreundeten Indianerstamm	建立初始营地并找到友好的印第安部落
data_m__data_m__c1_txt__c1_fhll__text_502003.txt	34	Hola, amigo mío, willkommen zu Miguels fahrendem Warenservice. Ganz neue mercancías, oder gebraucht. Egal, ich habe alles, was eure Herzen begehrt. 	Hola, amigo mío, willkommen zu Miguels fahrendem Warenservice. Ganz neue mercancías, oder gebraucht. Egal, ich habe alles, was eure Herzen begehrt.	Hola, amigo mío，欢迎来到Miguel的流动商店。全新mercancías或二手都行。不管要什么，你们想要的都有。
data_m__data_m__c1_txt__c1_fhll__text_502003.txt	40	Rápido, greift zu, solange meine gute Laune anhält und ich euch einen so guten Precio mache, dass ich selbst kaum noch damit leben kann. A qué esperas? Nirgends werdet ihr Ware in so einer Qualität wiedersehen.	Rápido, greift zu, solange meine gute Laune anhält und ich euch einen so guten Precio mache, dass ich selbst kaum noch damit leben kann. A qué esperas? Nirgends werdet ihr Ware in so einer Qualität wiedersehen.	Rápido，趁我心情好赶紧买，给你们的好Precio连我自己都快活不下去了。A qué esperas？别处再也找不到这么好的货。
data_m__data_m__c1_txt__c1_fhll__text_502006.txt	32	Nachdem wir die östliche Küstenregion abgesucht hatten und schon beinahe die Hoffnung aufgaben, unsere frühere Siedlung zu finden, wurden wir auf einer Lichtung von alt bekannten Gesichtern überrascht. 	Nachdem wir die östliche Küstenregion abgesucht hatten und schon beinahe die Hoffnung aufgaben, unsere frühere Siedlung zu finden, wurden wir auf einer Lichtung von alt bekannten Gesichtern überrascht.	搜索了东海岸后，几乎要放弃找到旧定居点的希望时，我们在一片空地上被熟悉的面孔惊喜了。
data_m__data_m__c1_txt__c1_fhll__text_502006.txt	36	Einige unserer Brüder hatten den Angriff der unbekannten Kriegern überlebt. Sie sprachen von Tierwesen die aufrecht gingen und mit fürchterlicher Grausamkeit das Dorf der Gelbmesser und unsere Siedlung vernichtet hatten.	Einige unserer Brüder hatten den Angriff der unbekannten Kriegern überlebt. Sie sprachen von Tierwesen die aufrecht gingen und mit fürchterlicher Grausamkeit das Dorf der Gelbmesser und unsere Siedlung vernichtet hatten.	我们的一些兄弟在未知战士的袭击中幸存。他们说有直立行走的兽人，以骇人的残暴摧毁了黄刀族的村子和我们的定居点。
data_m__data_m__c1_txt__c1_fhll__text_502006.txt	42	Wir wollten unsere Wikingerbrüder mit zu unserer neuen Siedlung nehmen, doch sie lehnten ab.	Wir wollten unsere Wikingerbrüder mit zu unserer neuen Siedlung nehmen, doch sie lehnten ab.	我们想带维京兄弟去新营地，但他们拒绝了。
data_m__data_m__c1_txt__c1_fhll__text_502006.txt	46	Neu und stärker wollten sie die Siedlung aufbauen, um es irgendwann diesen unheimlichen Kriegern heimzahlen zu können.	Neu und stärker wollten sie die Siedlung aufbauen, um es irgendwann diesen unheimlichen Kriegern heimzahlen zu können.	他们要重建更强的新定居点，终有一天要向那些恐怖战士讨回血债。
data_m__data_m__c1_txt__c1_fhll__text_502006.txt	52	Eines Wikingerkriegers würdig, achteten wir ihren Mut und ihre Entscheidung. Nachdem wir ihnen genügend Nahrung und Rohstoffe überlassen hatten, damit sie mit dem Wiederaufbau beginnen konnten, drangen wir weiter ins Landesinnere vor, um nach Hinweisen auf diese Tiermenschen zu finden.	Eines Wikingerkriegers würdig, achteten wir ihren Mut und ihre Entscheidung. Nachdem wir ihnen genügend Nahrung und Rohstoffe überlassen hatten, damit sie mit dem Wiederaufbau beginnen konnten, drangen wir weiter ins Landesinnere vor, um nach Hinweisen auf diese Tiermenschen zu finden.	出于对维京战士的敬意，我们尊重他们的勇气和决定。留给他们足够的食物和原料以重建后，我们继续深入内陆搜寻兽人的线索。
data_m__data_m__c1_txt__c1_fhll__text_502010.txt	30	Mission erfüllt!	Mission erfüllt!	任务完成！
data_m__data_m__c1_txt__c1_fhll__text_502010.txt	40	Niemals hätten wir die Spur der unheimlichen Fremden alleine gefunden!	Niemals hätten wir die Spur der unheimlichen Fremden alleine gefunden!	我们绝不可能独自找到那些神秘来者的踪迹！
data_m__data_m__c1_txt__c1_fhll__text_502010.txt	46	Der Fährtenleser der Vinländer las in den Zeichen der Wildnis 	Der Fährtenleser der Vinländer las in den Zeichen der Wildnis	野蛮人的追踪者解读荒野的痕迹
data_m__data_m__c1_txt__c1_fhll__text_502010.txt	48	wie unsere Gelehrten in ihren Schriftrollen. Nun, da wir wussten, wohin wir uns wenden mussten, stellten wir eine kleine Gruppe zusammen, 	wie unsere Gelehrten in ihren Schriftrollen. Nun, da wir wussten, wohin wir uns wenden mussten, stellten wir eine kleine Gruppe zusammen,	如同我们的学者解读卷轴。知道了方向后，我们组成一支小队，
data_m__data_m__c1_txt__c1_fhll__text_502010.txt	50	die versuchen wollte, den Sohn des Häuptlings zu befreien. 	die versuchen wollte, den Sohn des Häuptlings zu befreien.	试图营救酋长的儿子。
data_m__data_m__c1_txt__c1_fhll__text_502010.txt	56	Der andere Teil sollte bem Schiff bleiben und den Einheimischen helfen, ihre Dörfer wieder aufzubauen. 	Der andere Teil sollte bem Schiff bleiben und den Einheimischen helfen, ihre Dörfer wieder aufzubauen.	另一部分留在船上，帮助当地人重建村庄。
data_m__data_m__c1_txt__c1_fhll__text_502010.txt	62	Am Morgen unserer Abreise trat der Häuptling zu mir und dankte mir aufs Herzlichste. Sollten wir je seine Hilfe brauchen, so könnten wir auf ihn zählen. 	Am Morgen unserer Abreise trat der Häuptling zu mir und dankte mir aufs Herzlichste. Sollten wir je seine Hilfe brauchen, so könnten wir auf ihn zählen.	出发的早晨，酋长向我诚挚道谢。如果我们需要帮助，可以依靠他。
data_m__data_m__c1_txt__c1_fhll__text_502010.txt	66	Frisch gestärkt und guten Mutes traten wir unseren weiten Weg an, der uns zu ungeahnten Abenteuern führen würde.	Frisch gestärkt und guten Mutes traten wir unseren weiten Weg an, der uns zu ungeahnten Abenteuern führen würde.	精力充沛、士气高昂地踏上远方之路，前方是未知的冒险。
data_m__data_m__c1_txt__c1_fhll__text_502020.txt	34	An der Küste, nicht weit von unserem Anlegeplatz entfernt, fanden wir ein kleines Indianerdorf. Leider waren sie nicht sehr gut auf uns zu sprechen.	An der Küste, nicht weit von unserem Anlegeplatz entfernt, fanden wir ein kleines Indianerdorf. Leider waren sie nicht sehr gut auf uns zu sprechen.	在海岸边离泊地不远的地方，我们发现了一个小印第安村。不幸的是他们对我们不太友好。
data_m__data_m__c1_txt__c1_fhll__text_502020.txt	38	Wir kennen euch nicht, doch lassen wir euch in Ruhe eure Lager aufschlagen. Wenn ihr uns in Frieden lasst, werden wir euch nichts tun.	Wir kennen euch nicht, doch lassen wir euch in Ruhe eure Lager aufschlagen. Wenn ihr uns in Frieden lasst, werden wir euch nichts tun.	我们不认识你们，但允许你们安静扎营。你们不惹我们，我们也不动你们。
data_m__data_m__c1_txt__c1_fhll__text_502030.txt	34	Nach einem langen Marsch hatten wir das Dorf der Gelbmesser erreicht. Doch was wir vorfanden, war erschreckend.	Nach einem langen Marsch hatten wir das Dorf der Gelbmesser erreicht. Doch was wir vorfanden, war erschreckend.	长途跋涉后，我们到达了黄刀族的村子。但眼前的景象令人震惊。
data_m__data_m__c1_txt__c1_fhll__text_502030.txt	40	Wir kannten das große Volk der Gelbmesser von früher, doch die meisten ihrer Zelte waren nun niedergebrannt. Der Tempel der Indianer war niedergerissen. Feuer und Qualm empfingen uns, als wir zwischen den Trümmern der zerstörten Zelte entlang liefen.	Wir kannten das große Volk der Gelbmesser von früher, doch die meisten ihrer Zelte waren nun niedergebrannt. Der Tempel der Indianer war niedergerissen. Feuer und Qualm empfingen uns, als wir zwischen den Trümmern der zerstörten Zelte entlang liefen.	我们认识曾经强大的黄刀族，但他们大部分帐篷已被烧毁。印第安人的神庙被拆毁。在毁坏的帐篷废墟间穿行时，火焰和浓烟迎接了我们。
data_m__data_m__c1_txt__c1_fhll__text_502030.txt	46	Wenige unserer indianischen Freunde waren noch am leben. Zorn durchströmte uns, doch hatten wir nun keine Zeit mehr zu verlieren. Die Nahrungsvorräte in ihren Lagerzelten waren geplündert worden. Es lag nun an uns, diese wieder zu füllen. War es doch das Einzige, was wir noch für sie tun konnten.	Wenige unserer indianischen Freunde waren noch am leben. Zorn durchströmte uns, doch hatten wir nun keine Zeit mehr zu verlieren. Die Nahrungsvorräte in ihren Lagerzelten waren geplündert worden. Es lag nun an uns, diese wieder zu füllen. War es doch das Einzige, was wir noch für sie tun konnten.	我们的印第安朋友所剩无几。愤怒充斥着我们，但没有时间可以浪费了。他们帐篷里的食物被洗劫一空。现在由我们来重新填满——这是我们唯一还能为他们做的。
data_m__data_m__c1_txt__c1_fhll__text_502040.txt	34	Wir kennen euch! Lange ist es her, und noch immer trauen wir euch nicht ganz. Wenn ihr aber unseren Freunden, den Gelbmessern helft, und uns ein Geschenk anbietet, dann werden auch wir unsere Wigwams für euch öffnen.	Wir kennen euch! Lange ist es her, und noch immer trauen wir euch nicht ganz. Wenn ihr aber unseren Freunden, den Gelbmessern helft, und uns ein Geschenk anbietet, dann werden auch wir unsere Wigwams für euch öffnen.	我们认识你们！虽然很久不见，我们仍不完全信任你们。但如果你们帮助我们的朋友黄刀族，再送我们一份礼物，我们也会向你们敞开棚门。
data_m__data_m__c1_txt__c1_fhll__text_502050.txt	34	Ihr habt unser Vertrauen! Eurer Geschenk an uns zeigt eure guten Absichten. Gerne sind wir bereit, euch zu helfen.	Ihr habt unser Vertrauen! Eurer Geschenk an uns zeigt eure guten Absichten. Gerne sind wir bereit, euch zu helfen.	你们赢得了我们的信任！你们的礼物表明了善意。我们乐意帮助你们。
data_m__data_m__c1_txt__c1_fhll__text_502060.txt	34	"Nachdem wir unser Dorf aufgebaut hatten, bekamen wir Besuch von ""Sprintender Hirsch"", der vom Häuptling der Gelbmesser zu uns"	"Nachdem wir unser Dorf aufgebaut hatten, bekamen wir Besuch von ""Sprintender Hirsch"", der vom Häuptling der Gelbmesser zu uns"	建好村子后，疾鹿来拜访我们，他是黄刀族酋长派来的
data_m__data_m__c1_txt__c1_fhll__text_502060.txt	36	geschickt wurde. Die Siedlung der Indianer hatte bei einem Angriff der unbekannten Kriegern schreckliche Verluste hinnehmen müssen, und ohne unsere schnelle Hilfe würden sie nicht mehr lange überleben können. 	geschickt wurde. Die Siedlung der Indianer hatte bei einem Angriff der unbekannten Kriegern schreckliche Verluste hinnehmen müssen, und ohne unsere schnelle Hilfe würden sie nicht mehr lange überleben können.	。印第安人的定居点在未知战士的袭击中遭受了可怕的损失，没有我们的迅速援助他们将撑不了多久。
data_m__data_m__c1_txt__c1_fhll__text_502060.txt	42	Sofort begannen wir den Marsch in die dichten Wälder, um unsere Freunde zu suchen.	Sofort begannen wir den Marsch in die dichten Wälder, um unsere Freunde zu suchen.	我们立刻出发进入密林寻找朋友。
data_m__data_m__c1_txt__c1_fhll__text_502070.txt	34	Wir hatten es geschafft, eine Hungersnot zu verhindern! Der Bund der Freundschaft mit den Gelbmessern war erneuert.	Wir hatten es geschafft, eine Hungersnot zu verhindern! Der Bund der Freundschaft mit den Gelbmessern war erneuert.	我们成功阻止了饥荒！与黄刀族的友谊纽带得以重建。
data_m__data_m__c1_txt__c1_fhll__text_502070.txt	40	Doch wer in aller Welt war für diese furchtbare Zerstörung verantwortlich? Am Abend versammelten wir uns mit den überlebenden Gelbmessern um ein großes Feuer, und die Vinländer fingen an, zu berichten...	Doch wer in aller Welt war für diese furchtbare Zerstörung verantwortlich? Am Abend versammelten wir uns mit den überlebenden Gelbmessern um ein großes Feuer, und die Vinländer fingen an, zu berichten...	但究竟是谁制造了这可怕的毁灭？傍晚我们与幸存的黄刀族围坐在篝火旁，他们开始讲述……
data_m__data_m__c1_txt__c1_fhll__text_502070.txt	46	Nun, das was wir hörten, lies uns anfangs am klaren Verstand der Gelbmesser zweifeln. Die erschöpften Vinländer berichteten uns von Geistern und unheimlichen Tiermenschen, die eines Nachts ohne Warnung das Dorf angegriffen hätten. Mit wildem Geschrei waren sie aus dem Dickicht gebrochen und wie die Dämonen der Unterwelt über die Rothäute hergefallen. Ihre Köpfe waren denen von Tieren gleich, ihre Körper bemalt und ihre Stimmen klangen, als kämen sie direkt aus den Schlünden der Unterwelt.	Nun, das was wir hörten, lies uns anfangs am klaren Verstand der Gelbmesser zweifeln. Die erschöpften Vinländer berichteten uns von Geistern und unheimlichen Tiermenschen, die eines Nachts ohne Warnung das Dorf angegriffen hätten. Mit wildem Geschrei waren sie aus dem Dickicht gebrochen und wie die Dämonen der Unterwelt über die Rothäute hergefallen. Ihre Köpfe waren denen von Tieren gleich, ihre Körper bemalt und ihre Stimmen klangen, als kämen sie direkt aus den Schlünden der Unterwelt.	起初我们怀疑黄刀族是否神志清醒。疲惫的他们讲述了幽灵和恐怖的兽人，在某个夜晚毫无预兆地袭击了村庄。他们从密林中冲出，发出野蛮的嚎叫，如同冥界恶魔扑向红肤人。他们的头颅形似野兽，身上涂满彩绘，声音仿佛来自冥界深渊。
data_m__data_m__c1_txt__c1_fhll__text_502070.txt	52	Die Vinländer leisteten heftigen Widerstand, doch umsonst! Als der Kampf vorüber war, mussten sie zu ihrem Entsetzen feststellen, dass die bösen Geistern Wini Puh, den Sohn von Häuptling Ugga Walla verschleppt hatten.	Die Vinländer leisteten heftigen Widerstand, doch umsonst! Als der Kampf vorüber war, mussten sie zu ihrem Entsetzen feststellen, dass die bösen Geistern Wini Puh, den Sohn von Häuptling Ugga Walla verschleppt hatten.	他们顽强抵抗，但徒劳！战斗结束后，他们惊恐地发现恶灵绑架了Wini Puh——酋长Ugga Walla的儿子。
data_m__data_m__c1_txt__c1_fhll__text_502070.txt	54	Da seine eigenen Krieger zu geschwächt waren, bat der Häuptling uns, seinen Sohn zu befreien. Und wie könnten wir einem alten Freund die erbetene Hilfe ausschlagen?	Da seine eigenen Krieger zu geschwächt waren, bat der Häuptling uns, seinen Sohn zu befreien. Und wie könnten wir einem alten Freund die erbetene Hilfe ausschlagen?	酋长的战士已太虚弱，他请求我们救他的儿子。我们怎能拒绝老朋友的求助？
data_m__data_m__c1_txt__c1_fhll__text_502070.txt	60	Doch wer waren diese unheimlichen Fremden? Hatten uns die Gelbmesser Schauermärchen aufgetischt? Oder waren es tatsächlich Geister aus der Unterwelt, die so viel Leid über unsere Freunde gebracht hatten?	Doch wer waren diese unheimlichen Fremden? Hatten uns die Gelbmesser Schauermärchen aufgetischt? Oder waren es tatsächlich Geister aus der Unterwelt, die so viel Leid über unsere Freunde gebracht hatten?	但这些神秘的来者究竟是谁？黄刀族讲的是鬼故事？还是真有冥界恶灵给我们朋友带来如此多的苦难？
data_m__data_m__c1_txt__c1_fhll__text_502070.txt	66	Wir überlegten nicht lange, sondern beschlossen, den unbekannten Feind zu stellen. Doch wo sollten wir anfangen zu suchen? Weiter nördlich lebte der Stamm der Rotmesser. Sie waren die besten Fährtenleser weit und breit. Wenn wir bei ihnen einen Kundschafter anheuern könnten, würden wir die Spur der geheimnisvollen Fremden vielleicht finden können.	Wir überlegten nicht lange, sondern beschlossen, den unbekannten Feind zu stellen. Doch wo sollten wir anfangen zu suchen? Weiter nördlich lebte der Stamm der Rotmesser. Sie waren die besten Fährtenleser weit und breit. Wenn wir bei ihnen einen Kundschafter anheuern könnten, würden wir die Spur der geheimnisvollen Fremden vielleicht finden können.	我们没有犹豫，决定直面未知的敌人。但从哪里开始搜寻？再往北住着红刀族。他们是方圆百里最好的追踪者。如果能雇佣他们的侦察兵，也许能找到神秘来者的踪迹。
data_m__data_m__c1_txt__c1_fhll__text_502070.txt	72	ZIELE: 	ZIELE:	目标：
data_m__data_m__c1_txt__c1_fhll__text_502070.txt	76	Heure einen Fährtensucher beim Stamm der Rotmesser an 	Heure einen Fährtensucher beim Stamm der Rotmesser an	在红刀族雇佣一名追踪者
data_m__data_m__c1_txt__c1_fhll__text_502070.txt	80	(heure die Söldner an, die dir angeboten werden, indem du den geforderten Tribut zahlst).	(heure die Söldner an, die dir angeboten werden, indem du den geforderten Tribut zahlst).	（通过支付所要求的贡品来雇佣提供的佣兵）。
data_m__data_m__c1_txt__c1_fhll__text_502100.txt	34	Ich gebe euch nun unsere besten Fährtensucher mit auf den Weg. Mit ihnen wird es für euch ein Leichtes sein ,die Spuren zu finden, um euch endlich eurem Schicksal zu stellen.	Ich gebe euch nun unsere besten Fährtensucher mit auf den Weg. Mit ihnen wird es für euch ein Leichtes sein ,die Spuren zu finden, um euch endlich eurem Schicksal zu stellen.	我把我们最好的追踪者交给你们。有他们在，找到踪迹对你们来说轻而易举，让你们终于可以面对自己的命运。
data_m__data_m__c1_txt__c1_fhll__text_503000.txt	34	DIE__FÄHRTE	DIE__FÄHRTE	踪迹
data_m__data_m__c1_txt__c1_fhll__text_503000.txt	42	Der Fährtenleser führte uns zielstrebig immer weiter nach Süden, einer Fährte folgend, die nicht einmal unsere besten Jäger zu erspähen vermochten. Dann, während wir Meile um Meile in das bewaldete Herz des Landes vorstießen, kamen wir immer öfter an zerstörten Siedlungen der 	Der Fährtenleser führte uns zielstrebig immer weiter nach Süden, einer Fährte folgend, die nicht einmal unsere besten Jäger zu erspähen vermochten. Dann, während wir Meile um Meile in das bewaldete Herz des Landes vorstießen, kamen wir immer öfter an zerstörten Siedlungen der	追踪者目标明确地领我们向南，沿着一条连我们最好的猎人都看不到的足迹前进。一英里又一英里深入林木茂密的内陆，我们越来越多地经过被摧毁的
data_m__data_m__c1_txt__c1_fhll__text_503000.txt	44	Rothäute vorbei. Der unbekannte Feind zog eine Spur der Verwüstung hinter sich her, so dass es unsere Herzen mit Kummer füllte. 	Rothäute vorbei. Der unbekannte Feind zog eine Spur der Verwüstung hinter sich her, so dass es unsere Herzen mit Kummer füllte.	红肤人定居点。未知的敌人身后留下一条毁灭之路，令我们心痛如绞。
data_m__data_m__c1_txt__c1_fhll__text_503000.txt	50	Oft rauchten die Trümmer noch, wenn wir sie untersuchten. Ich spornte die Männer zu größter Eile an. 	Oft rauchten die Trümmer noch, wenn wir sie untersuchten. Ich spornte die Männer zu größter Eile an.	我们检查废墟时常还有余烟。我催促众人加快速度。
data_m__data_m__c1_txt__c1_fhll__text_503000.txt	56	Am siebenten Tag unserer Suche erreichten wir ein Gebiet, in dem die Fremden besonders schlimm gewütet hatten. Ihre zerstörerische Handschrift war uns mittlerweile wohl bekannt. Es herrschte dort eine solche Not, dass ich unsere Suche unterbrechen ließ, um der dortigen Bevölkerung zu helfen. 	Am siebenten Tag unserer Suche erreichten wir ein Gebiet, in dem die Fremden besonders schlimm gewütet hatten. Ihre zerstörerische Handschrift war uns mittlerweile wohl bekannt. Es herrschte dort eine solche Not, dass ich unsere Suche unterbrechen ließ, um der dortigen Bevölkerung zu helfen.	搜索第七天，我们到达一处被来者尤其严重破坏的地区。他们破坏的痕迹我们已很熟悉。那里苦难深重，我下令暂停搜索去帮助当地居民。
data_m__data_m__c1_txt__c1_fhll__text_503000.txt	62	Wohl wissend, damit jede Hoffnung aufzugeben, den Feind noch einzuholen.	Wohl wissend, damit jede Hoffnung aufzugeben, den Feind noch einzuholen.	明知这意味着放弃追上敌人的希望。
data_m__data_m__c1_txt__c1_fhll__text_503000.txt	76	ZIELE:	ZIELE:	目标：
data_m__data_m__c1_txt__c1_fhll__text_503000.txt	82	Hilf den notleidenden Indianerstämmen, indem du sie mit den nötigsten Waren versorgst 	Hilf den notleidenden Indianerstämmen, indem du sie mit den nötigsten Waren versorgst	通过提供必需品来帮助受困的印第安部落
data_m__data_m__c1_txt__c1_fhll__text_503004.txt	36	Hola, amigo mio, willkommen zu... hey, ihr seit das ja wieder! Meine Freunde! Los Vikingos. Wie ihr seht, führen alle Wege immer zu Miguel. Denn Miguel hat alles, was eure Herzen begehrt. Heute hab ich cerveza fría im Angebot. Greift zu, so einen Preis bekommt ihr nur hier bei mir.	Hola, amigo mio, willkommen zu... hey, ihr seit das ja wieder! Meine Freunde! Los Vikingos. Wie ihr seht, führen alle Wege immer zu Miguel. Denn Miguel hat alles, was eure Herzen begehrt. Heute hab ich cerveza fría im Angebot. Greift zu, so einen Preis bekommt ihr nur hier bei mir.	Hola, amigo mio, 欢迎来...嘿，又是你们！我的朋友！Los Vikingos。如你们所见，条条大路通Miguel。因为Miguel有你们想要的一切。今天有cerveza fría供应，来吧，这个价格只有我这有。
data_m__data_m__c1_txt__c1_fhll__text_503010.txt	32	Mission erfüllt!	Mission erfüllt!	任务完成！
data_m__data_m__c1_txt__c1_fhll__text_503010.txt	42	Wir hatten es geschafft! Endlich standen wir vor dem Eingang zur 	Wir hatten es geschafft! Endlich standen wir vor dem Eingang zur	我们到了！终于站在了
data_m__data_m__c1_txt__c1_fhll__text_503010.txt	44	Höhle des Schamanen, 	Höhle des Schamanen,	萨满洞穴的入口前，
data_m__data_m__c1_txt__c1_fhll__text_503010.txt	48	von dem wir uns eine Antwort auf unsere Fragen erhofften.	von dem wir uns eine Antwort auf unsere Fragen erhofften.	希望能从他那里得到答案。
data_m__data_m__c1_txt__c1_fhll__text_503010.txt	50	Es war ein düsteres Loch im Fels, wie ein gähnendes Maul, das geradewegs in den Schlund Utgards hinunterzuführen schien. Aber wir mussten es wagen, wollten wir mehr über unseren rätselhaften Gegner erfahren. 	Es war ein düsteres Loch im Fels, wie ein gähnendes Maul, das geradewegs in den Schlund Utgards hinunterzuführen schien. Aber wir mussten es wagen, wollten wir mehr über unseren rätselhaften Gegner erfahren.	那是一个岩中的黑洞，如同直通乌特加德深渊的巨口。但我们必须冒险，想了解更多关于神秘敌人的信息。
data_m__data_m__c1_txt__c1_fhll__text_503010.txt	56	Wir beschlossen, uns aufzuteilen. Sollte der ersten Gruppe, welcher ich mich anschloss, etwas geschehen, sollte die zweite Gruppe uns folgen und unsere Mission zu Ende führen.	Wir beschlossen, uns aufzuteilen. Sollte der ersten Gruppe, welcher ich mich anschloss, etwas geschehen, sollte die zweite Gruppe uns folgen und unsere Mission zu Ende führen.	我们决定分头行动。如果我所在的第一组出事，第二组就跟上完成任务。
data_m__data_m__c1_txt__c1_fhll__text_503010.txt	62	Bevor wir in den finsteren Schlund stiegen, blickte ich ein letztes Mal hinauf zum blauen Himmel. Würden wir die Sonne je wieder sehen? 	Bevor wir in den finsteren Schlund stiegen, blickte ich ein letztes Mal hinauf zum blauen Himmel. Würden wir die Sonne je wieder sehen?	踏入黑暗深渊前，我最后看了一眼蓝天。还能再见到太阳吗？
data_m__data_m__c1_txt__c1_fhll__text_503040.txt	34	Als wir zum Stamm der Waldläufer kamen, bot sich uns ein Bild des Elends.	Als wir zum Stamm der Waldläufer kamen, bot sich uns ein Bild des Elends.	我们到达林行者族时，眼前是一片惨状。
data_m__data_m__c1_txt__c1_fhll__text_503040.txt	40	Die Fremden hatten ihnen alles genommen, ihre Felder verwüstet und ihre Wigwams niedergebrannt. Häuptling Weckender Ruf bat uns dringend um Hilfe, da sein Stamm sonst den nächsten Winter nicht überstehen würde.	Die Fremden hatten ihnen alles genommen, ihre Felder verwüstet und ihre Wigwams niedergebrannt. Häuptling Weckender Ruf bat uns dringend um Hilfe, da sein Stamm sonst den nächsten Winter nicht überstehen würde.	外来者夺走了他们的一切，毁了田地，烧了帐篷。Weckender Ruf酋长紧急求助，否则他的部落过不了冬天。
data_m__data_m__c1_txt__c1_fhll__text_503040.txt	46	Auch wenn wir jetzt ein für allemal die Fährte der unheimlichen Fremden verlieren würden, war es für uns vorrangig, den Bedürftigen beizustehen.	Auch wenn wir jetzt ein für allemal die Fährte der unheimlichen Fremden verlieren würden, war es für uns vorrangig, den Bedürftigen beizustehen.	即使永远失去神秘来者的踪迹，帮助有需要的人仍是我们的首要之事。
data_m__data_m__c1_txt__c1_fhll__text_503040.txt	48	Mit Odins Hilfe sollten wir einen neuen Hinweis bekommen, da war ich mir sicher.	Mit Odins Hilfe sollten wir einen neuen Hinweis bekommen, da war ich mir sicher.	我确信在Odin的帮助下我们会得到新的线索。
data_m__data_m__c1_txt__c1_fhll__text_503040.txt	62	ZIELE:	ZIELE:	目标：
data_m__data_m__c1_txt__c1_fhll__text_503040.txt	68	Zahle den gewünschten Tribut, um den Waldläufern zu helfen!	Zahle den gewünschten Tribut, um den Waldläufern zu helfen!	支付所要求的贡品以帮助林行者族！
data_m__data_m__c1_txt__c1_fhll__text_503050.txt	34	Schon von Weitem konnten unsere Kundschafter das Ausmaß der Zerstörung erkennen. Das Dorf der Rotschwingen war übel zugerichtet worden.	Schon von Weitem konnten unsere Kundschafter das Ausmaß der Zerstörung erkennen. Das Dorf der Rotschwingen war übel zugerichtet worden.	我们的侦察兵远远就看到了破坏的程度。红翼族的村子被毁得不成样子。
data_m__data_m__c1_txt__c1_fhll__text_503050.txt	36	Überall sah man Verwundete in ihren zerstörten Zelten. Es schmerzte mich, als das ehemals stolze Volk uns um Hilfe anflehte.	Überall sah man Verwundete in ihren zerstörten Zelten. Es schmerzte mich, als das ehemals stolze Volk uns um Hilfe anflehte.	到处是伤员在毁坏的帐篷中。看到曾经骄傲的民族向我们求助，我很心痛。
data_m__data_m__c1_txt__c1_fhll__text_503050.txt	42	Mit einem Handschlag gab ich dem überglücklichen Stammesältesten mein Wort, beim Wiederaufbau zu helfen.	Mit einem Handschlag gab ich dem überglücklichen Stammesältesten mein Wort, beim Wiederaufbau zu helfen.	我握住喜出望外的族长的手，承诺帮助重建。
data_m__data_m__c1_txt__c1_fhll__text_503050.txt	46	Unser vordringlichstes Ziel war es nun, diesen armen Menschen beizustehen, die so dringend unsere Hilfe brauchten.	Unser vordringlichstes Ziel war es nun, diesen armen Menschen beizustehen, die so dringend unsere Hilfe brauchten.	现在我们的首要目标是帮助这些急需援助的可怜人。
data_m__data_m__c1_txt__c1_fhll__text_503050.txt	50	Doch schwor ich bei Odin: Sobald wir einen Weg gefunden hatten, die Spur des unbekannten Feindes wieder aufzunehmen, würden wir sie zur	Doch schwor ich bei Odin: Sobald wir einen Weg gefunden hatten, die Spur des unbekannten Feindes wieder aufzunehmen, würden wir sie zur	但我向Odin发誓：一旦找到重新追踪未知敌人的线索，我们就让他们
data_m__data_m__c1_txt__c1_fhll__text_503050.txt	52	Verantwortung ziehen!	Verantwortung ziehen!	承担责任！
data_m__data_m__c1_txt__c1_fhll__text_503050.txt	66	ZIELE:	ZIELE:	目标：
data_m__data_m__c1_txt__c1_fhll__text_503050.txt	72	Zahle den gewünschten Tribut, um den Rotschwingen zu helfen!	Zahle den gewünschten Tribut, um den Rotschwingen zu helfen!	支付所要求的贡品以帮助红翼族！
data_m__data_m__c1_txt__c1_fhll__text_503060.txt	34	Wir begegneten den Poke Montas, einem blühenden Indianerstamm in den Weiten einer großen, grasbewachsenen Ebene.	Wir begegneten den Poke Montas, einem blühenden Indianerstamm in den Weiten einer großen, grasbewachsenen Ebene.	我们遇到了Poka Montas族，一个大草原上繁荣的印第安部落。
data_m__data_m__c1_txt__c1_fhll__text_503060.txt	40	Sie hatten am wenigsten unter den Angriffen des unbekannten Feindes zu leiden gehabt und bedurften unserer Hilfe nicht.	Sie hatten am wenigsten unter den Angriffen des unbekannten Feindes zu leiden gehabt und bedurften unserer Hilfe nicht.	他们受未知敌人袭击的影响最小，不需要我们的帮助。
data_m__data_m__c1_txt__c1_fhll__text_503060.txt	46	Doch ihr Häuptling Flinker Wolf, der unsere Waren sehr schätzte, bot uns Freundschaft, Handelsbeziehungen und mehr an, falls wir ihnen den gewünschten Tribut abliefern würden. 	Doch ihr Häuptling Flinker Wolf, der unsere Waren sehr schätzte, bot uns Freundschaft, Handelsbeziehungen und mehr an, falls wir ihnen den gewünschten Tribut abliefern würden.	但他们的酋长Flinker Wolf很看重我们的货物，表示如果我们交纳所要求的贡品，就愿意建立友谊和贸易关系等。
data_m__data_m__c1_txt__c1_fhll__text_503070.txt	34	Als unsere Kundschafter die nördlichen Gebirgszüge erreichten, wurden sie plötzlich ohne Vorwarnung angegriffen:	Als unsere Kundschafter die nördlichen Gebirgszüge erreichten, wurden sie plötzlich ohne Vorwarnung angegriffen:	我们的侦察兵到达北方山脉时突然遭到无预警攻击：
data_m__data_m__c1_txt__c1_fhll__text_503070.txt	38	"Kehret um!, rief eine wilde Gestalt, ""Ihr seid auf geheiligtem Boden! Niemand nähert sich ungestraft der Höhle des allwissenden Schamanen!"" "	"Kehret um!, rief eine wilde Gestalt, ""Ihr seid auf geheiligtem Boden! Niemand nähert sich ungestraft der Höhle des allwissenden Schamanen!"""	"回去！""一个野人喊道，""你们踏在圣地上！没人能不受惩罚地靠近全知萨满的洞穴！"""
data_m__data_m__c1_txt__c1_fhll__text_503070.txt	44	So wie sie dort vor uns standen, bis an die Zähne bewaffnet, schienen sie es durchaus ernst zu meinen. 	So wie sie dort vor uns standen, bis an die Zähne bewaffnet, schienen sie es durchaus ernst zu meinen.	看他们全副武装站在面前，确实不像是开玩笑。
data_m__data_m__c1_txt__c1_fhll__text_503080.txt	34	Wie groß war die Freude, als wir den Waldläufern die Hilfsgüter übergaben! Hundert glückliche Gesichter lachten uns an und stimmten einen Gesang zu unseren Ehren an.	Wie groß war die Freude, als wir den Waldläufern die Hilfsgüter übergaben! Hundert glückliche Gesichter lachten uns an und stimmten einen Gesang zu unseren Ehren an.	把救援物资交给林行者族时，他们的喜悦无法言表！一百张幸福的笑脸对着我们，唱起赞歌。
data_m__data_m__c1_txt__c1_fhll__text_503080.txt	40	Zufrieden sahen wir zu, wie die Frauen und Kinder die Nahrung und die Medizin aufteilten. Wir hatten etwas Gutes getan, doch dafür unser Ziel, die unbekannten Feinde zu stellen aus den Augen verloren. Nun konnten sie auch weiterhin wehrlose Dörfer wie das der Waldläufer plündern und brandschatzen.	Zufrieden sahen wir zu, wie die Frauen und Kinder die Nahrung und die Medizin aufteilten. Wir hatten etwas Gutes getan, doch dafür unser Ziel, die unbekannten Feinde zu stellen aus den Augen verloren. Nun konnten sie auch weiterhin wehrlose Dörfer wie das der Waldläufer plündern und brandschatzen.	我们满意地看着妇女和儿童分发食物和药品。我们做了善事，但因此失去了追踪敌人的目标。他们可以继续劫掠林行者族这样手无寸铁的村庄。
data_m__data_m__c1_txt__c1_fhll__text_503080.txt	46	In diesen düsteren Gedanken versunken bemerkte ich nicht, wie Häuptling Weckender Ruf hinter mich trat. Er schien zu ahnen was mich quälte, denn er lächelte mich an und vertraute mir ein Geheimnis seines Stammes an:	In diesen düsteren Gedanken versunken bemerkte ich nicht, wie Häuptling Weckender Ruf hinter mich trat. Er schien zu ahnen was mich quälte, denn er lächelte mich an und vertraute mir ein Geheimnis seines Stammes an:	沉浸在这些阴郁的念头中，我没注意到Weckender Ruf酋长走到身后。他似乎察觉了我的心事，微笑着告诉我一个部落的秘密：
data_m__data_m__c1_txt__c1_fhll__text_503080.txt	50	Tief im Herzen der Erde, so ging eine Sage der Vinländer, lebte ein allwissender Schamane, der die Antwort wusste auf alle Fragen. Dieser weise Medizinmann konnte uns sicher helfen, unsere Mission fortzusetzen.	Tief im Herzen der Erde, so ging eine Sage der Vinländer, lebte ein allwissender Schamane, der die Antwort wusste auf alle Fragen. Dieser weise Medizinmann konnte uns sicher helfen, unsere Mission fortzusetzen.	林行者族有个传说：在大地深处住着一位全知的萨满，知道所有问题的答案。这位智慧的巫医一定能帮助我们继续使命。
data_m__data_m__c1_txt__c1_fhll__text_503080.txt	56	Zum Dank für unsere Hilfe schickte er eine Botschaft an die Wächter des Heiligtums, so dass sie uns unbehelligt passieren lassen würden.	Zum Dank für unsere Hilfe schickte er eine Botschaft an die Wächter des Heiligtums, so dass sie uns unbehelligt passieren lassen würden.	为感谢我们的帮助，他给圣地的守护者传了话，让他们放我们通行。
data_m__data_m__c1_txt__c1_fhll__text_503080.txt	60	Voller Zuversicht machten wir uns auf den Weg. 	Voller Zuversicht machten wir uns auf den Weg.	满怀信心地上路了。
data_m__data_m__c1_txt__c1_fhll__text_503080.txt	74	ZIELE:	ZIELE:	目标：
data_m__data_m__c1_txt__c1_fhll__text_503080.txt	80	Finde die Höhle des geheimnisvollen Schamanen	Finde die Höhle des geheimnisvollen Schamanen	找到神秘萨满的洞穴
data_m__data_m__c1_txt__c1_fhll__text_503090.txt	34	Überglücklich wurden wir von den Männern und Frauen der Rotschwingen umringt, als wir dem Stammesältesten die versprochene Nahrung und Medizin überreichten. Das Überleben des Stammes war gesichert! Von nun an würden sie auch ohne unsere Hilfe weiterkommen, ihre Zelte wieder aufbauen und schon bald würde alles Unheil vergessen sein. Doch eines würde uns bleiben: Ihre Dankbarkeit. 	Überglücklich wurden wir von den Männern und Frauen der Rotschwingen umringt, als wir dem Stammesältesten die versprochene Nahrung und Medizin überreichten. Das Überleben des Stammes war gesichert! Von nun an würden sie auch ohne unsere Hilfe weiterkommen, ihre Zelte wieder aufbauen und schon bald würde alles Unheil vergessen sein. Doch eines würde uns bleiben: Ihre Dankbarkeit.	红翼族的男女欣喜若狂地围住我们，我们向族长交出了承诺的食物和药品。部落的生存有了保障！从此他们没有我们也能继续，重建帐篷，很快一切苦难都会被遗忘。但有一样东西会永远留存：他们的感激。
data_m__data_m__c1_txt__c1_fhll__text_503090.txt	40	Das stimmte mich froh, auch wenn wir nun für immer die Spur unserer Feinde verloren hatten. Ich wusste nicht mehr, wohin ich unsere Leute von jetzt an führen sollte. So grübelte ich vor mich hin, als Thorwal breit grinsend mit einer alten Frau auf mich zu kam.	Das stimmte mich froh, auch wenn wir nun für immer die Spur unserer Feinde verloren hatten. Ich wusste nicht mehr, wohin ich unsere Leute von jetzt an führen sollte. So grübelte ich vor mich hin, als Thorwal breit grinsend mit einer alten Frau auf mich zu kam.	这让我欣慰，即便我们永远失去了敌人的踪迹。我不再知道该将人带到哪里。正沉思间，Thorwal笑嘻嘻地带着一位老妇人走来。
data_m__data_m__c1_txt__c1_fhll__text_503090.txt	46	Diese alte Frau wusste von einem alten Heiligtum der Vinländer im nördlichen Gebirge, das von kriegerischen Wächtern bewacht wurde. 	Diese alte Frau wusste von einem alten Heiligtum der Vinländer im nördlichen Gebirge, das von kriegerischen Wächtern bewacht wurde.	这位老妇人知道北方山脉中有一个古老的林行者族圣地，由好战的守卫把守。
data_m__data_m__c1_txt__c1_fhll__text_503090.txt	48	Eine geheimnisvolle Höhle gäbe es dort, in die Ratsuchende hinabstiegen, um Antworten auf all ihre Fragen zu erhalten.	Eine geheimnisvolle Höhle gäbe es dort, in die Ratsuchende hinabstiegen, um Antworten auf all ihre Fragen zu erhalten.	那里有一个神秘洞穴，寻答者可深入其中获取所有问题的答案。
data_m__data_m__c1_txt__c1_fhll__text_503090.txt	54	Thorwal war sich sicher, dass wir nur dort finden konnten, was wir suchten. Voll des Dankes zeigte uns der Häuptling eigenhändig den Weg, auch wenn er selber nicht an diese alten Sagen glaubte.	Thorwal war sich sicher, dass wir nur dort finden konnten, was wir suchten. Voll des Dankes zeigte uns der Häuptling eigenhändig den Weg, auch wenn er selber nicht an diese alten Sagen glaubte.	Thorwal确信只有那里才能找到我们寻找的东西。酋长满怀感激地亲自指路，尽管他自己并不信这些古老传说。
data_m__data_m__c1_txt__c1_fhll__text_503090.txt	68	ZIELE:	ZIELE:	目标：
data_m__data_m__c1_txt__c1_fhll__text_503090.txt	74	Finde die Höhle des geheimnisvollen Schamanen	Finde die Höhle des geheimnisvollen Schamanen	找到神秘萨满的洞穴
data_m__data_m__c1_txt__c1_fhll__text_503100.txt	34	Als wir den gewünschten Tribut bei den Poka Montas ablieferten, öffneten sie für uns ihre Lagerhäuser und wir konnten nun mit ihnen Handel treiben. Häuptling Flinker Wolf bot uns zudem noch einige seiner Krieger an, falls wir ihm im Gegenzug noch mehr von unseren vorzüglichen Waren überlassen würden - als eine Art von Tribut.	Als wir den gewünschten Tribut bei den Poka Montas ablieferten, öffneten sie für uns ihre Lagerhäuser und wir konnten nun mit ihnen Handel treiben. Häuptling Flinker Wolf bot uns zudem noch einige seiner Krieger an, falls wir ihm im Gegenzug noch mehr von unseren vorzüglichen Waren überlassen würden - als eine Art von Tribut.	我们向Poka Montas族交纳贡品后，他们向我们敞开了仓库，可以开始贸易。Flinker Wolf酋长还表示如果我们再交一些贡品——作为另一种贡物——可以提供一些战士。
data_m__data_m__c1_txt__c1_fhll__text_503100.txt	40	Söldner im Tausch gegen Waren! Falls wir auf unserer weiteren Reise auf die unbekannten Gegner treffen sollten, mochte diese Art des Handels noch sehr nützlich für uns sein! 	Söldner im Tausch gegen Waren! Falls wir auf unserer weiteren Reise auf die unbekannten Gegner treffen sollten, mochte diese Art des Handels noch sehr nützlich für uns sein!	用货物换佣兵！如果后续旅途中遇到未知敌人，这种交易方式可能非常有用！
data_m__data_m__c1_txt__c1_fhll__text_503100.txt	46	Und nützlich konnte auch das Geheimniss sein, das uns der Medizinmann der Poka Montas offenbarte. Weit im Norden sollte es eine Höhle geben, in der Pilger Antworten auf all ihre Fragen erhalten konnten. Dies schien hier in der Gegend eine wohlbekannte Legende zu sein und vielleicht sollten wir der Sache mal auf den Grund gehen. 	Und nützlich konnte auch das Geheimniss sein, das uns der Medizinmann der Poka Montas offenbarte. Weit im Norden sollte es eine Höhle geben, in der Pilger Antworten auf all ihre Fragen erhalten konnten. Dies schien hier in der Gegend eine wohlbekannte Legende zu sein und vielleicht sollten wir der Sache mal auf den Grund gehen.	Poka Montas族巫医透露的秘密也很有用。遥远的北方据说有一个洞穴，朝圣者可以在那里获得所有问题的答案。这似乎是当地众所周知的传说，也许我们应该去一探究竟。
data_m__data_m__c1_txt__c1_fhll__text_504000.txt	32	DIE_ HÖHLE_ DER_ OFFENBARUNG	DIE_ HÖHLE_ DER_ OFFENBARUNG	启示之洞
data_m__data_m__c1_txt__c1_fhll__text_504000.txt	40	Durch den geheimen Eingang im Felsen stieg ich nun, gefolgt von einigen unserer mutigsten Krieger, tiefer und tiefer in  das unterirdische Reich des Schamanen hinab. 	Durch den geheimen Eingang im Felsen stieg ich nun, gefolgt von einigen unserer mutigsten Krieger, tiefer und tiefer in  das unterirdische Reich des Schamanen hinab.	我带着几名最勇敢的战士，从岩石中隐秘的入口一路深入萨满的地下王国。
data_m__data_m__c1_txt__c1_fhll__text_504000.txt	42	Bedrückende Dunkelheit umfing uns sogleich, nur spärlich erhellt durch vereinzelte Pechfackeln, deren beißender Rauch in unseren Augen brannte. 	Bedrückende Dunkelheit umfing uns sogleich, nur spärlich erhellt durch vereinzelte Pechfackeln, deren beißender Rauch in unseren Augen brannte.	压抑的黑暗立刻笼罩我们，只有零星的火把勉强照亮，刺鼻的烟雾灼烧着眼睛。
data_m__data_m__c1_txt__c1_fhll__text_504000.txt	48	Kaum hatten wir die ersten Schritte getan, als mit ohrenbetäubendem Geschrei ein riesiges, wild flatterndes Etwas an uns vorbei rauschte und durch den Ausgang entschwand. 	Kaum hatten wir die ersten Schritte getan, als mit ohrenbetäubendem Geschrei ein riesiges, wild flatterndes Etwas an uns vorbei rauschte und durch den Ausgang entschwand.	刚迈出几步，伴随着震耳欲聋的尖啸，一个巨大的东西扑扇着从我们身边掠过，消失在出口。
data_m__data_m__c1_txt__c1_fhll__text_504000.txt	50	Angst blitze in den Augen der altgedienten Kämpfer auf, und auch mir blieb das Herz fast stehen, bevor wir bemerkten, dass es bloß ein Schwarm Fledermäuse gewesen war, wie wir sie aus unserer alten Heimat noch kannten. 	Angst blitze in den Augen der altgedienten Kämpfer auf, und auch mir blieb das Herz fast stehen, bevor wir bemerkten, dass es bloß ein Schwarm Fledermäuse gewesen war, wie wir sie aus unserer alten Heimat noch kannten.	老兵们眼中闪过恐惧，我的心也几乎停跳，后来才发现不过是一群蝙蝠，和老家见过的没什么两样。
data_m__data_m__c1_txt__c1_fhll__text_504000.txt	56	Ich schaute mich verunsichert um in dem unwegsamen Labyrinth, in dem jeder Gang aussah wie der nächste. Selbst wenn wir den Weg zu dem weisen Mann fanden, woher sollten wir etwas zu Essen bekommen? Unsere Vorratsbeutel waren leer, so dass wir nur darauf hoffen konnten, in diesen dunklen Gewölben etwas Nahrhaftes zu finden. 	Ich schaute mich verunsichert um in dem unwegsamen Labyrinth, in dem jeder Gang aussah wie der nächste. Selbst wenn wir den Weg zu dem weisen Mann fanden, woher sollten wir etwas zu Essen bekommen? Unsere Vorratsbeutel waren leer, so dass wir nur darauf hoffen konnten, in diesen dunklen Gewölben etwas Nahrhaftes zu finden.	我忐忑地环顾这座崎岖的迷宫，每条通道都一模一样。就算找到智者，食物从哪里来？粮袋已空，只能指望在这些阴暗的洞窟里找到些吃的。
data_m__data_m__c1_txt__c1_fhll__text_504000.txt	62	Und da waren dann ja auch noch die  Diener der Dunkelheit, vor denen uns die Wächter gewarnt hatten. 	Und da waren dann ja auch noch die  Diener der Dunkelheit, vor denen uns die Wächter gewarnt hatten.	还有黑暗的仆从——守卫曾警告过我们的那些东西。
data_m__data_m__c1_txt__c1_fhll__text_504000.txt	64	Mir war es, als würde  eine kalte Faust mein Herz umklammern...	Mir war es, als würde  eine kalte Faust mein Herz umklammern...	仿佛一只冰冷的手攥住了我的心...
data_m__data_m__c1_txt__c1_fhll__text_504000.txt	78	ZIELE:	ZIELE:	目标：
data_m__data_m__c1_txt__c1_fhll__text_504000.txt	84	Finde den Weg durch das unterirdische Labyrinth des Medizinmannes	Finde den Weg durch das unterirdische Labyrinth des Medizinmannes	找到穿过巫医地下迷宫的路
data_m__data_m__c1_txt__c1_fhll__text_504010.txt	30	Mission erfüllt!	Mission erfüllt!	任务完成！
data_m__data_m__c1_txt__c1_fhll__text_504010.txt	40	Ausgezehrt und halb blind von der Dunkelheit erreichten wir eine riesige Höhle. 	Ausgezehrt und halb blind von der Dunkelheit erreichten wir eine riesige Höhle.	筋疲力尽、几乎被黑暗弄瞎的我们终于到达了一个巨大的洞穴。
data_m__data_m__c1_txt__c1_fhll__text_504010.txt	44	Wie der weite Himmel spannte sich das Gewölbe und verlor sich über unseren Köpfen in der Finsternis. 	Wie der weite Himmel spannte sich das Gewölbe und verlor sich über unseren Köpfen in der Finsternis.	穹顶如天空般开阔，在我们头顶消失在无尽的黑暗中。
data_m__data_m__c1_txt__c1_fhll__text_504010.txt	50	Die Fackeln warfen bizarre Schatten an die Wände, und ganz am anderen Ende konnten wir eine Bewegung ausmachen. Wir traten näher und dort saß er, der weise Mann. Klein und runzelig, halb verborgen unter einem weiten Kapuzenmantel, begann er mit dünner, zittriger Stimme zu sprechen:	Die Fackeln warfen bizarre Schatten an die Wände, und ganz am anderen Ende konnten wir eine Bewegung ausmachen. Wir traten näher und dort saß er, der weise Mann. Klein und runzelig, halb verborgen unter einem weiten Kapuzenmantel, begann er mit dünner, zittriger Stimme zu sprechen:	火把在墙上投下诡异的影子，最远处似乎有什么在动。我们走近一看，智者就坐在那里。矮小而满面皱纹，半隐在宽大的斗篷下，用细弱颤抖的声音开口了：
data_m__data_m__c1_txt__c1_fhll__text_504010.txt	56	"Ich heiße euch willkommen, meine tapferen Wikinger. 	Ich heiße euch willkommen, meine tapferen Wikinger."	欢迎你们，勇敢的维京人。
data_m__data_m__c1_txt__c1_fhll__text_504010.txt	58	Vorrausgesehen habe ich euer Kommen. 	Vorrausgesehen habe ich euer Kommen.	你们的到来，我已经预见到了。
data_m__data_m__c1_txt__c1_fhll__text_504010.txt	60	Doch frage ich mich, warum seid ihr hier? 	Doch frage ich mich, warum seid ihr hier?	但我自问，你们为何来此？
data_m__data_m__c1_txt__c1_fhll__text_504010.txt	62	Unterweisen kann ich euch nicht, noch nicht bereit für diese Bürde seid ihr. 	Unterweisen kann ich euch nicht, noch nicht bereit für diese Bürde seid ihr.	我无法教导你们，这副重担你们还没准备好承担。
data_m__data_m__c1_txt__c1_fhll__text_504010.txt	64	Quetzalcoatl der Regengott!	Quetzalcoatl der Regengott!	雨神克察尔科亚特尔！
data_m__data_m__c1_txt__c1_fhll__text_504010.txt	70	Ihm entgegenstellen müsst ihr euch, dann... erst dann eure Reise wird beendet sein. 	Ihm entgegenstellen müsst ihr euch, dann... erst dann eure Reise wird beendet sein.	面对他你们必须，然后...只有这样你们的旅程才会终结。
data_m__data_m__c1_txt__c1_fhll__text_504010.txt	76	Einen Rat ich euch gebe, verschmähet nicht die Hilfe eurer Freunde, nur so ihr gewinnen könnt gegen die Mächte der dunklen Seite. Nun geht,... 	Einen Rat ich euch gebe, verschmähet nicht die Hilfe eurer Freunde, nur so ihr gewinnen könnt gegen die Mächte der dunklen Seite. Nun geht,...	一个忠告我给你们：不要拒绝朋友的帮助，只有这样才能战胜黑暗势力。去吧，...
data_m__data_m__c1_txt__c1_fhll__text_504010.txt	78	"ich weise euch den Weg."""	"ich weise euch den Weg."""	"我为你们指路。"""
data_m__data_m__c1_txt__c1_fhll__text_504010.txt	84	Mit Hilfe des alten Mannes fanden wir den Weg zurück ans Licht ohne Schwierigkeiten. Dann war er plötzlich verschwunden, als hätte er sich in Nichts aufgelöst. Immer wieder ließ ich mir seine Worte durch den Kopf gehen... 	Mit Hilfe des alten Mannes fanden wir den Weg zurück ans Licht ohne Schwierigkeiten. Dann war er plötzlich verschwunden, als hätte er sich in Nichts aufgelöst. Immer wieder ließ ich mir seine Worte durch den Kopf gehen...	在老人帮助下我们毫无困难地找到了回光明的路。然后他突然消失了，仿佛化为虚无。他的话在我脑海中反复回荡...
data_m__data_m__c1_txt__c1_fhll__text_504010.txt	86	Die Hilfe unserer Freunde... 	Die Hilfe unserer Freunde...	"朋友的帮助..."""
data_m__data_m__c1_txt__c1_fhll__text_504010.txt	92	Damit konnten doch nur die Indianer gemeint sein? 	Damit konnten doch nur die Indianer gemeint sein?	这说的只能是印第安人吧？
data_m__data_m__c1_txt__c1_fhll__text_504010.txt	94	Und dieser Regengott? Was hatten wir mit ihm zu tun? ... Wenigstens kannten wir jetzt den Weg, und frischen Mutes begaben wir uns auf die Weiterreise.	Und dieser Regengott? Was hatten wir mit ihm zu tun? ... Wenigstens kannten wir jetzt den Weg, und frischen Mutes begaben wir uns auf die Weiterreise.	还有这个雨神？和我们有什么关系？...至少我们现在知道路了，振作精神继续上路。
data_m__data_m__c1_txt__c1_fhll__text_505000.txt	32	ARIZONA	ARIZONA	亚利桑那
data_m__data_m__c1_txt__c1_fhll__text_505000.txt	42	Zwölf Tage und Nächte zogen wir durch das wilde Land, auf geheimen Indianerpfaden, die uns der weise Mann gewiesen hatte. Am Tage richteten wir uns nach der Mittagssonne und in der Nacht nach dem Seefahrerstern. 	Zwölf Tage und Nächte zogen wir durch das wilde Land, auf geheimen Indianerpfaden, die uns der weise Mann gewiesen hatte. Am Tage richteten wir uns nach der Mittagssonne und in der Nacht nach dem Seefahrerstern.	十二天十二夜穿越蛮荒之地，沿着智者指引的印第安人秘径前行。白天靠正午太阳定方向，夜晚靠航海之星导航。
data_m__data_m__c1_txt__c1_fhll__text_505000.txt	48	Je weiter wir nach Süden kamen, desto mehr wuchs in mir das ungute Gefühl, das mich nicht wieder verlassen hatte, seitdem es uns erneut an diese Küste verschlagen hatte. Dieses Gefühl einer drohenden, unbekannten Gefahr, als ob der Himmel uns auf den Kopf fallen würde... 	Je weiter wir nach Süden kamen, desto mehr wuchs in mir das ungute Gefühl, das mich nicht wieder verlassen hatte, seitdem es uns erneut an diese Küste verschlagen hatte. Dieses Gefühl einer drohenden, unbekannten Gefahr, als ob der Himmel uns auf den Kopf fallen würde...	越往南走，心中的不安越强烈，自从再次被命运抛到这片海岸，这种感觉就未曾离去。一种迫近的未知危险的预感，仿佛天要塌下来...
data_m__data_m__c1_txt__c1_fhll__text_505000.txt	54	Wer mochten jene geheimnisvollen Angreifer sein, diese Anhänger eines Regengottes, von dem in unseren Lieder kein Wort berichtet wird? Nun, mit Odins Hilfe würden wir es bald wissen! 	Wer mochten jene geheimnisvollen Angreifer sein, diese Anhänger eines Regengottes, von dem in unseren Lieder kein Wort berichtet wird? Nun, mit Odins Hilfe würden wir es bald wissen!	那些神秘袭击者是谁，信奉我们歌谣中从未提及的雨神？好吧，有奥丁的指引，我们很快就会知道！
data_m__data_m__c1_txt__c1_fhll__text_505000.txt	60	Endlich erreichten wir das Dorf am See, von dem der Medizinmann gesprochen hatte. Doch was war das? Schon von weitem konnten wir Kampflärm hören...	Endlich erreichten wir das Dorf am See, von dem der Medizinmann gesprochen hatte. Doch was war das? Schon von weitem konnten wir Kampflärm hören...	终于抵达巫医所说的湖畔村落。但是怎么回事？远远就能听到战斗声...
data_m__data_m__c1_txt__c1_fhll__text_505000.txt	74	ZIELE:	ZIELE:	目标：
data_m__data_m__c1_txt__c1_fhll__text_505000.txt	80	Eile den Dorfbewohnern zur Hilfe und finde heraus, was geschehen ist.	Eile den Dorfbewohnern zur Hilfe und finde heraus, was geschehen ist.	速去援助村民，查明发生了什么。
data_m__data_m__c1_txt__c1_fhll__text_505010.txt	30	Mission erfüllt!	Mission erfüllt!	任务完成！
data_m__data_m__c1_txt__c1_fhll__text_505010.txt	40	Der übermächtige Feind war besiegt. Die Bergfestung, von der aus er das ganze Land 	Der übermächtige Feind war besiegt. Die Bergfestung, von der aus er das ganze Land	强大的敌人被击败了。那座从上俯瞰整片土地的山堡
data_m__data_m__c1_txt__c1_fhll__text_505010.txt	44	mit Raub und Brandschatzung heimgesucht hatte, war gefallen! Er war also nicht unbesiegbar, dieser Regengott! 	mit Raub und Brandschatzung heimgesucht hatte, war gefallen! Er war also nicht unbesiegbar, dieser Regengott!	——他们曾从这里四处劫掠——已经陷落了！这个雨神并非不可战胜！
data_m__data_m__c1_txt__c1_fhll__text_505010.txt	50	Überschwänglich feierten wir zusammen mit den Dorfbewohnern unseren Sieg. Nachdem wir den Sohn des Häuptlings aus seinem Gefängnis befreit hatten, fiel er uns vor Freude in die Arme und erzählte von seiner Gefangenschaft und was er über die Krieger des Regengottes erfahren hatte. 	Überschwänglich feierten wir zusammen mit den Dorfbewohnern unseren Sieg. Nachdem wir den Sohn des Häuptlings aus seinem Gefängnis befreit hatten, fiel er uns vor Freude in die Arme und erzählte von seiner Gefangenschaft und was er über die Krieger des Regengottes erfahren hatte.	我们和村民一起热烈庆祝胜利。救出酋长之子后，他欣喜地拥抱我们，讲述了被囚经历以及对雨神战士的了解。
data_m__data_m__c1_txt__c1_fhll__text_505010.txt	56	Es hieß, der Gott Quetzalcoatl sei vor einigen Sommern auf die Erde herabgestiegen und hatte schnell eine große Anhängerschaft um sich versammelt. Diese bauten die alte Hauptstadt des Regengottes wieder auf und errichteten ihm einen riesigen Tempel. Dann sandte Quetzalcoatl sie aus, Gold und Sklaven zu erbeuten, um ihrem Herrn zu huldigen. 	Es hieß, der Gott Quetzalcoatl sei vor einigen Sommern auf die Erde herabgestiegen und hatte schnell eine große Anhängerschaft um sich versammelt. Diese bauten die alte Hauptstadt des Regengottes wieder auf und errichteten ihm einen riesigen Tempel. Dann sandte Quetzalcoatl sie aus, Gold und Sklaven zu erbeuten, um ihrem Herrn zu huldigen.	据说羽蛇神几年前降临人间，迅速聚集了大量信徒。他们重建了雨神的旧都城，建了一座巨大的神庙。然后羽蛇神派他们出去掠夺黄金和奴隶，以供奉主人。
data_m__data_m__c1_txt__c1_fhll__text_505010.txt	58	Der Glaube, für einen Fleisch gewordenen Gott zu kämpfen, verlieh diesen Kriegern ihre übermenschlichen Kräfte.	Der Glaube, für einen Fleisch gewordenen Gott zu kämpfen, verlieh diesen Kriegern ihre übermenschlichen Kräfte.	为化身成人的神而战的信念，赋予了这些战士超人的力量。
data_m__data_m__c1_txt__c1_fhll__text_505010.txt	64	Ich musste an die Worte des weisen Mannes denken... Quetzalcoatl! 	Ich musste an die Worte des weisen Mannes denken... Quetzalcoatl!	我想起了智者的话...羽蛇神！
data_m__data_m__c1_txt__c1_fhll__text_505010.txt	66	Er war der Schlüssel zu allem!	Er war der Schlüssel zu allem!	他就是一切的钥匙！
data_m__data_m__c1_txt__c1_fhll__text_505050.txt	32	Auf der anderen Seite des blauen Sees trafen wir auf das stolze Volk der Chinchillas. Das anfängliche Misstrauen schwand rasch, als sie hörten, dass der Schamane uns geschickt hatte.	Auf der anderen Seite des blauen Sees trafen wir auf das stolze Volk der Chinchillas. Das anfängliche Misstrauen schwand rasch, als sie hörten, dass der Schamane uns geschickt hatte.	蓝色湖泊对面，我们遇到了骄傲的Chinchillas族。得知萨满派我们来的，他们的戒心很快就消了。
data_m__data_m__c1_txt__c1_fhll__text_505050.txt	38	Bitterlich beklagte ihr Häuptling Hasenfuss den Tod des Seevolkes. Häuptling Schuhschuh war der einzige gewesen, der es gewagt hatte, sich gegen die Regenkrieger aufzulehnen. 	Bitterlich beklagte ihr Häuptling Hasenfuss den Tod des Seevolkes. Häuptling Schuhschuh war der einzige gewesen, der es gewagt hatte, sich gegen die Regenkrieger aufzulehnen.	兔脚酋长痛悼湖民的覆灭。Schuhschuh酋长是唯一敢反抗雨神战士的人。
data_m__data_m__c1_txt__c1_fhll__text_505050.txt	42	"Wenn wir doch nur solche Waffen hätten wie ihr, rief Hasenfuss, ""dann könnten wir es schaffen!"" Gleichzeitig warnte er uns dringend, alleine gegen die geheimnisvollen Fremden vorzugehen, da sie von unmenschlicher Kraft beseelt seien."	"Wenn wir doch nur solche Waffen hätten wie ihr, rief Hasenfuss, ""dann könnten wir es schaffen!"" Gleichzeitig warnte er uns dringend, alleine gegen die geheimnisvollen Fremden vorzugehen, da sie von unmenschlicher Kraft beseelt seien."	"我们要是有你们这样的武器就好了！""兔脚喊道，""那我们就能行了！""同时他极力警告我们不要单独对抗那些神秘的陌生人，他们拥有非人的力量。"
data_m__data_m__c1_txt__c1_fhll__text_505050.txt	56	ZIELE:	ZIELE:	目标：
data_m__data_m__c1_txt__c1_fhll__text_505050.txt	62	Bringe Hasenfuss die gewünschten Waffen (als Tributzahlung), wenn du die Unterstützung der Chinchillas möchtest.	Bringe Hasenfuss die gewünschten Waffen (als Tributzahlung), wenn du die Unterstützung der Chinchillas möchtest.	给兔脚送去所需武器（作为贡品），以获得Chinchillas族的支持。
data_m__data_m__c1_txt__c1_fhll__text_505060.txt	32	Da waren sie endlich, die geheimnisvollen Regenkrieger! Wir hatten ihre Festung entdeckt, von der aus sie auf Raubzug gingen.	Da waren sie endlich, die geheimnisvollen Regenkrieger! Wir hatten ihre Festung entdeckt, von der aus sie auf Raubzug gingen.	终于看到了神秘的雨神战士！我们发现了他们外出劫掠的堡垒。
data_m__data_m__c1_txt__c1_fhll__text_505060.txt	38	Unter gräulichen Tiermasken verbargen sie ihre Gesichter, doch konnten wir endlich erkennen, wen wir die ganze Zeit verfolgt hatten: 	Unter gräulichen Tiermasken verbargen sie ihre Gesichter, doch konnten wir endlich erkennen, wen wir die ganze Zeit verfolgt hatten:	在狰狞的兽面具下他们隐藏着面孔，但我们终于看清了一路追踪的究竟是谁：
data_m__data_m__c1_txt__c1_fhll__text_505060.txt	40	Die fremden Angreifer waren niemand anderes als unser alter Feind, die Mayas! 	Die fremden Angreifer waren niemand anderes als unser alter Feind, die Mayas!	那些外来袭击者不是别人，正是我们的老对手——玛雅人！
data_m__data_m__c1_txt__c1_fhll__text_505060.txt	46	Aber wie hatten sie sich verändert! Voll Entsetzen sahen wir einen übermenschlichen Glanz in ihren Augen. Nun konnten wir verstehen, warum die Vinländer sie für Geisterwesen hielten!	Aber wie hatten sie sich verändert! Voll Entsetzen sahen wir einen übermenschlichen Glanz in ihren Augen. Nun konnten wir verstehen, warum die Vinländer sie für Geisterwesen hielten!	但他们变化太大了！我们惊恐地看到他们眼中超自然的光芒。现在我们明白了酒地人为什么把他们当成幽灵！
data_m__data_m__c1_txt__c1_fhll__text_505060.txt	60	ZIELE:	ZIELE:	目标：
data_m__data_m__c1_txt__c1_fhll__text_505060.txt	66	Vernichte die Regenkrieger und suche nach Winipuh, dem Sohn des Häuptlings der Gelbmesser.	Vernichte die Regenkrieger und suche nach Winipuh, dem Sohn des Häuptlings der Gelbmesser.	消灭雨神战士，寻找黄刀族酋长之子Winipuh。
data_m__data_m__c1_txt__c1_fhll__text_505070.txt	32	"Zwischen saftigen Agavenplantagen hindurch führte uns der Weg zu einem Stamm, der sich selbst ""Manitoos Volk"" nannte."	"Zwischen saftigen Agavenplantagen hindurch führte uns der Weg zu einem Stamm, der sich selbst ""Manitoos Volk"" nannte."	穿过茂盛的龙舌兰种植园，我们来到一个自称玛尼图之民的部落。
data_m__data_m__c1_txt__c1_fhll__text_505070.txt	38	Als wir zwischen zwei Kriegstürmen hindurch das Dorf betraten, wurden wir von bewaffneten Kriegern unwirsch empfangen. Erst wollten sie uns gleich wieder verjagen, doch schließlich ließen sie uns doch vor ihren Häuptling Skunkatonka treten.	Als wir zwischen zwei Kriegstürmen hindurch das Dorf betraten, wurden wir von bewaffneten Kriegern unwirsch empfangen. Erst wollten sie uns gleich wieder verjagen, doch schließlich ließen sie uns doch vor ihren Häuptling Skunkatonka treten.	穿过两座战塔进入村子，全副武装的战士粗鲁地迎接我们。起初想把我们赶走，最后还是带我们去见Skunkatonka酋长。
data_m__data_m__c1_txt__c1_fhll__text_505070.txt	44	"Mit abweisendem Gesicht hörte er unsere Geschichte. Als wir die Regenkrieger erwähnten, unterbrach er uns schroff: ""Manitoos Volk hat keine Angst vor diesen bösen Geistern. Unsere tapferen Krieger nehmen es auch alleine mit jedem Fremden auf, der es wagt, uns herauszufordern. Zollt uns Tribut, wen ihr wünscht, dass wir euch helfen."" "	"Mit abweisendem Gesicht hörte er unsere Geschichte. Als wir die Regenkrieger erwähnten, unterbrach er uns schroff: ""Manitoos Volk hat keine Angst vor diesen bösen Geistern. Unsere tapferen Krieger nehmen es auch alleine mit jedem Fremden auf, der es wagt, uns herauszufordern. Zollt uns Tribut, wen ihr wünscht, dass wir euch helfen."""	"他满脸不屑地听我们讲述。提到雨神战士时，他粗暴地打断：""玛尼图之民不怕这些恶灵。我们的战士单枪匹马也能对付任何胆敢挑衅的外来者。想要我们帮忙就交贡品。"""
data_m__data_m__c1_txt__c1_fhll__text_505070.txt	50	Als wir die unverschämten Tributforderungen vernahmen, verließen wir unter dem schallenden Gelächter der Vinländer entrüstet das Dorf.	Als wir die unverschämten Tributforderungen vernahmen, verließen wir unter dem schallenden Gelächter der Vinländer entrüstet das Dorf.	听到这无理的贡品要求，我们在酒地人的哄笑声中愤然离去。
data_m__data_m__c1_txt__c1_fhll__text_505070.txt	64	ZIELE:	ZIELE:	目标：
data_m__data_m__c1_txt__c1_fhll__text_505070.txt	70	Zahle den gewünschten Tribut, falls du die Hilfe Skunkatonkas möchtest.	Zahle den gewünschten Tribut, falls du die Hilfe Skunkatonkas möchtest.	交纳所需贡品，以获得Skunkatonka的帮助。
data_m__data_m__c1_txt__c1_fhll__text_505080.txt	32	Als Hasenfuss die Speere sah, die wir ihm geschenkt hatten, war er überglücklich. 	Als Hasenfuss die Speere sah, die wir ihm geschenkt hatten, war er überglücklich.	兔脚看到我们赠送的长矛，欣喜若狂。
data_m__data_m__c1_txt__c1_fhll__text_505080.txt	38	Sogleich wurde ein großes Fest ausgerichtet, zu dem wir als Ehrengäste herzlich eingeladen wurden. Die ganze Nacht durch tanzten die Krieger der Chinchillas mit ihren neuen Waffen um ein großes Feuer und sangen fröhliche Lieder. Nun waren sie den Angriffen der Regenkrieger nicht mehr hilflos ausgeliefert. 	Sogleich wurde ein großes Fest ausgerichtet, zu dem wir als Ehrengäste herzlich eingeladen wurden. Die ganze Nacht durch tanzten die Krieger der Chinchillas mit ihren neuen Waffen um ein großes Feuer und sangen fröhliche Lieder. Nun waren sie den Angriffen der Regenkrieger nicht mehr hilflos ausgeliefert.	他们立刻举办了一场盛大的庆典，我们作为贵宾受邀参加。Chinchillas族的战士整夜拿着新武器围着篝火跳舞歌唱。面对雨神战士的袭击，他们不再束手无策。
data_m__data_m__c1_txt__c1_fhll__text_505080.txt	44	Als wir uns am nächsten Morgen verabschiedeten, versprach uns Hasenfuss, uns seine besten Krieger mitzugeben, mit denen wir unseren gemeinsamen Feind sicherlich besiegen würden.	Als wir uns am nächsten Morgen verabschiedeten, versprach uns Hasenfuss, uns seine besten Krieger mitzugeben, mit denen wir unseren gemeinsamen Feind sicherlich besiegen würden.	次日清晨告别时，兔脚承诺派出最好的战士随行，有了他们我们一定能击败共同的敌人。
data_m__data_m__c1_txt__c1_fhll__text_505080.txt	58	ZIELE:	ZIELE:	目标：
data_m__data_m__c1_txt__c1_fhll__text_505080.txt	64	Liefere weitere Ausrüstung an die Chinchillas (als Tributzahlung) und verfüge frei über die tapferen Indianerkrieger.	Liefere weitere Ausrüstung an die Chinchillas (als Tributzahlung) und verfüge frei über die tapferen Indianerkrieger.	向Chinchillas族提供更多装备（作为贡品），即可自由指挥这些勇敢的印第安战士。
data_m__data_m__c1_txt__c1_fhll__text_505090.txt	32	Als der Kampflärm abflaute, hörten wir jemanden um Hilfe rufen. In einem Verschlag eingesperrt fanden wir Winipuh, den Sohn des Häuptlings der Gelbmesser. 	Als der Kampflärm abflaute, hörten wir jemanden um Hilfe rufen. In einem Verschlag eingesperrt fanden wir Winipuh, den Sohn des Häuptlings der Gelbmesser.	战斗声平息后，我们听到有人呼救。在一个棚子里找到了被关押的Winipuh，黄刀族酋长之子。
data_m__data_m__c1_txt__c1_fhll__text_505090.txt	38	Die Regenkrieger hatten ihm erbärmlich zugesetzt, doch war er überglücklich, als er uns erkannte.	Die Regenkrieger hatten ihm erbärmlich zugesetzt, doch war er überglücklich, als er uns erkannte.	雨神战士狠狠地折磨了他，但看到我们时他喜出望外。
data_m__data_m__c1_txt__c1_fhll__text_505090.txt	52	ZIELE:	ZIELE:	目标：
data_m__data_m__c1_txt__c1_fhll__text_505090.txt	58	Befreie Winipuh, indem du alle Regenkrieger besiegst.	Befreie Winipuh, indem du alle Regenkrieger besiegst.	消灭所有雨神战士来解救Winipuh。
data_m__data_m__c1_txt__c1_fhll__text_505100.txt	32	"Kaum hatten wir dem ""Volk Manitoos"" den Tribut gezahlt, als sie ein gewaltiges Kriegsgeschrei erhoben."	"Kaum hatten wir dem ""Volk Manitoos"" den Tribut gezahlt, als sie ein gewaltiges Kriegsgeschrei erhoben."	刚向玛尼图之民交纳贡品，他们就发出震天的战吼。
data_m__data_m__c1_txt__c1_fhll__text_505100.txt	38	Laut singend marschierten sie geradewegs auf die Bergfestung der Regenkrieger zu. Bereit, sich jedem entgegenzustellen, der es wagen würde, sie anzugreifen. Man mochte über ihr arrogantes Benehmen denken was man wollte - tapfer waren sie, und sie hielten Wort!	Laut singend marschierten sie geradewegs auf die Bergfestung der Regenkrieger zu. Bereit, sich jedem entgegenzustellen, der es wagen würde, sie anzugreifen. Man mochte über ihr arrogantes Benehmen denken was man wollte - tapfer waren sie, und sie hielten Wort!	高唱战歌，他们径直朝雨神战士的山堡进发。随时准备迎战任何敢来挑衅的人。不管你怎么看他们傲慢的态度——他们确实勇敢，而且说到做到！
data_m__data_m__c1_txt__c1_fhll__text_505100.txt	52	ZIELE:	ZIELE:	目标：
data_m__data_m__c1_txt__c1_fhll__text_505100.txt	58	Unterstütze die Indianer bei ihrem Kampf gegen die Regenkrieger.	Unterstütze die Indianer bei ihrem Kampf gegen die Regenkrieger.	支援印第安人对抗雨神战士。
data_m__data_m__c1_txt__c1_fhll__text_505120.txt	32	Welch eine Schande! Wir waren den weiten Weg gekommen, nur um zusehen zu müssen, wie die Anhänger des Regengottes ein weiteres Opfer fanden.	Welch eine Schande! Wir waren den weiten Weg gekommen, nur um zusehen zu müssen, wie die Anhänger des Regengottes ein weiteres Opfer fanden.	何等耻辱！我们千里迢迢赶来，却只能眼睁睁看着雨神信徒又找到一个牺牲品。
data_m__data_m__c1_txt__c1_fhll__text_505120.txt	34	Aber wir hätten nichts tun können. Der unheimliche Gegner war einfach zu stark gewesen.	Aber wir hätten nichts tun können. Der unheimliche Gegner war einfach zu stark gewesen.	但我们无能为力。那可怕的敌人实在太过强大。
data_m__data_m__c1_txt__c1_fhll__text_505120.txt	40	Thorwal und Sören wollten es nicht glauben, was für ein leichtes Spiel die Fremden mit den Vinländern gehabt hatten. Sie mussten gewaltige Krieger sein!	Thorwal und Sören wollten es nicht glauben, was für ein leichtes Spiel die Fremden mit den Vinländern gehabt hatten. Sie mussten gewaltige Krieger sein!	Thorwal和Sören不敢相信那些陌生人如此轻易地击败了酒地人。他们一定是强大的战士！
data_m__data_m__c1_txt__c1_fhll__text_505120.txt	46	So beschlossen wir, in den Ruinen am Ufer des Sees unser Lager zu errichten. Es war ein guter Platz, und das Haupthaus des Seevolkes schien noch völlig intakt zu sein 	So beschlossen wir, in den Ruinen am Ufer des Sees unser Lager zu errichten. Es war ein guter Platz, und das Haupthaus des Seevolkes schien noch völlig intakt zu sein	于是我们决定在湖岸废墟旁扎营。这地方不错，湖民的主屋似乎完好无损
data_m__data_m__c1_txt__c1_fhll__text_505120.txt	60	ZIELE:	ZIELE:	目标：
data_m__data_m__c1_txt__c1_fhll__text_505120.txt	66	Räche das Seevolk und bereite der Schreckensherrschaft der Regenkrieger ein Ende.	Räche das Seevolk und bereite der Schreckensherrschaft der Regenkrieger ein Ende.	为湖民复仇，终结雨神战士的暴政。
data_m__data_m__c1_txt__c1_fhll__text_506000.txt	32	DIE_ FESTUNG_ DES_ REGENGOTTES	DIE_ FESTUNG_ DES_ REGENGOTTES	雨神之堡
data_m__data_m__c1_txt__c1_fhll__text_506000.txt	42	Wir fanden uns alle zusammen, um das weitere Vorgehen zu beraten. 	Wir fanden uns alle zusammen, um das weitere Vorgehen zu beraten.	我们聚在一起商议下一步行动。
data_m__data_m__c1_txt__c1_fhll__text_506000.txt	44	Viele Stimmen wurden laut, die zurück in die Heimat wollten. 	Viele Stimmen wurden laut, die zurück in die Heimat wollten.	许多人主张回老家。
data_m__data_m__c1_txt__c1_fhll__text_506000.txt	46	Dieser Kampf wäre der Kampf der Rothäute, denen wir schließlich schon mehr geholfen hätten, als selbst die Götter erwarten könnten. Unsere Ehrenschuld sei somit bereits mehr als getilgt. 	Dieser Kampf wäre der Kampf der Rothäute, denen wir schließlich schon mehr geholfen hätten, als selbst die Götter erwarten könnten. Unsere Ehrenschuld sei somit bereits mehr als getilgt.	这是红肤人的战斗，我们已经帮得比诸神期望的还多了。我们的道义之债早已还清。
data_m__data_m__c1_txt__c1_fhll__text_506000.txt	52	Voller Schrecken erinnerten sie an die Schlachten mit dem mächtigen Volk aus dem Süden, gegen die wir erst vor zwei Sommern mit so viel Heldenmut, aber auch ebenso viel Glück gefochten hatten. 	Voller Schrecken erinnerten sie an die Schlachten mit dem mächtigen Volk aus dem Süden, gegen die wir erst vor zwei Sommern mit so viel Heldenmut, aber auch ebenso viel Glück gefochten hatten.	他们满怀恐惧地回忆起两年前与南方强大民族交战的场景——那是靠了无数英勇和运气才赢的。
data_m__data_m__c1_txt__c1_fhll__text_506000.txt	54	Und dieser neue Gegner hier war noch ungleich schrecklicher! 	Und dieser neue Gegner hier war noch ungleich schrecklicher!	而这里的新敌人更加可怕！
data_m__data_m__c1_txt__c1_fhll__text_506000.txt	60	Nach drei Tagen der Rast und der Beratungen beschlossen wir schließlich, uns zu trennen. 	Nach drei Tagen der Rast und der Beratungen beschlossen wir schließlich, uns zu trennen.	经过三天休整和讨论，我们最终决定分道扬镳。
data_m__data_m__c1_txt__c1_fhll__text_506000.txt	62	Ich selbst und einige wenige der mutigsten Männer und Frauen wollten dem Geheimnis des Regengottes auf den Grund gehen, und, wenn möglich, den Gräueltaten und Raubzügen ein Ende bereiten. Die anderen traten noch am selben Tag die Heimreise an. 	Ich selbst und einige wenige der mutigsten Männer und Frauen wollten dem Geheimnis des Regengottes auf den Grund gehen, und, wenn möglich, den Gräueltaten und Raubzügen ein Ende bereiten. Die anderen traten noch am selben Tag die Heimreise an.	我和少数最勇敢的男女要追查雨神的秘密，尽可能终结他们的暴行和劫掠。其他人当天就启程返乡。
data_m__data_m__c1_txt__c1_fhll__text_506000.txt	68	Um nicht vorzeitig entdeckt zu werden, reisten wir von nun an nur noch im Schutz der Dunkelheit. Tagsüber versteckten wir uns dagegen in den Wäldern, so dass wir nur langsam vorankamen. 	Um nicht vorzeitig entdeckt zu werden, reisten wir von nun an nur noch im Schutz der Dunkelheit. Tagsüber versteckten wir uns dagegen in den Wäldern, so dass wir nur langsam vorankamen.	为避免被发现，从现在起只在夜色掩护下行军。白天躲在森林里，所以进展缓慢。
data_m__data_m__c1_txt__c1_fhll__text_506000.txt	74	Es dauerte viele Nächte, bis endlich die Hauptstadt des Kultes vor uns aus einem dichten Nebel auftauchte. Schon von Weitem sahen wir auf einem hohen Felsplateau ein Lichtermeer Hunderter Herdfeuer, bei dessen Anblick selbst die Tapfersten von uns der Mut verließ...	Es dauerte viele Nächte, bis endlich die Hauptstadt des Kultes vor uns aus einem dichten Nebel auftauchte. Schon von Weitem sahen wir auf einem hohen Felsplateau ein Lichtermeer Hunderter Herdfeuer, bei dessen Anblick selbst die Tapfersten von uns der Mut verließ...	经过许多夜晚，邪教首都在浓雾中出现在我们面前。远远就能看到高耸的岩台上数百个灶火汇成一片灯海，连我们中最勇敢的人也心生退意...
data_m__data_m__c1_txt__c1_fhll__text_506000.txt	88	ZIELE:	ZIELE:	目标：
data_m__data_m__c1_txt__c1_fhll__text_506000.txt	94	Finde einen Weg, den Kult des Regengottes aufzuhalten.	Finde einen Weg, den Kult des Regengottes aufzuhalten.	找到阻止雨神邪教的方法。
data_m__data_m__c1_txt__c1_fhll__text_506010.txt	30	Mission erfüllt!	Mission erfüllt!	任务完成！
data_m__data_m__c1_txt__c1_fhll__text_506010.txt	40	Wir hatten gesiegt! Der Tempel des Regengottes war gefallen! 	Wir hatten gesiegt! Der Tempel des Regengottes war gefallen!	我们胜利了！雨神神庙已陷落！
data_m__data_m__c1_txt__c1_fhll__text_506010.txt	48	Als die Anhänger des Kultes dies sahen, verließ sie der Mut und sie streckten sogleich ihre Waffen. Ihr Gott, so musste es für sie scheinen, hatte sie verlassen. Quetzalcoatl war geflohen! 	Als die Anhänger des Kultes dies sahen, verließ sie der Mut und sie streckten sogleich ihre Waffen. Ihr Gott, so musste es für sie scheinen, hatte sie verlassen. Quetzalcoatl war geflohen!	邪教信徒见状，勇气尽失，纷纷放下武器。在他们看来，他们的神抛弃了他们。羽蛇神逃跑了！
data_m__data_m__c1_txt__c1_fhll__text_506010.txt	54	Was die Mayas nicht wussten: Während des Kampfes hatte ich ihn gesehen! Für einen kurzen Moment hatten sich unsere Blicke berührt, und ich hatte ihn erkannt! Und in diesem Moment war mir die ganze Wahrheit mit einem Schlag bewusst geworden! 	Was die Mayas nicht wussten: Während des Kampfes hatte ich ihn gesehen! Für einen kurzen Moment hatten sich unsere Blicke berührt, und ich hatte ihn erkannt! Und in diesem Moment war mir die ganze Wahrheit mit einem Schlag bewusst geworden!	玛雅人不知道的是：战斗中我看到了他！我们的目光短暂交汇，我认出了他！那一刻，一切真相大白！
data_m__data_m__c1_txt__c1_fhll__text_506010.txt	60	Der angebliche Gott und seine schreckliche Garde waren keine Wesen aus dem Reich der Götter. Nein, sie waren vielmehr Menschen aus Fleisch und Blut. Genau wie wir. Es waren Wikinger! 	Der angebliche Gott und seine schreckliche Garde waren keine Wesen aus dem Reich der Götter. Nein, sie waren vielmehr Menschen aus Fleisch und Blut. Genau wie wir. Es waren Wikinger!	所谓的神和他可怕的卫队并非来自神界。不，他们是血肉之躯的人类。和我们一样。他们是维京人！
data_m__data_m__c1_txt__c1_fhll__text_506010.txt	66	Der Mann, der Chaos und Zerstörung über dieses fremde Land gebracht hatte, war niemand anderes als mein eigener Onkel, den wir vor zwei Jahren während unserer Suche nach den Sonnensteinen hatten zurücklassen müssen und seither verloren glaubten! 	Der Mann, der Chaos und Zerstörung über dieses fremde Land gebracht hatte, war niemand anderes als mein eigener Onkel, den wir vor zwei Jahren während unserer Suche nach den Sonnensteinen hatten zurücklassen müssen und seither verloren glaubten!	给这片异国带来混乱与毁灭的人，竟是我自己的叔叔——两年前寻找太阳石时不得不留下、此后以为已失踪的叔叔！
data_m__data_m__c1_txt__c1_fhll__text_506010.txt	72	Hätte ich ihn nicht mit eigenen Augen gesehen, ich hätte es niemals geglaubt! All die Trauer um ihn und die Tränen, die ich für ihn vergossen hatte, wandelten sich nun in Zorn. Nur aus Gier nach Gold und Macht hatte er ein ganzes Volk verblendet und so viele Menschen ins Unglück gestürzt. 	Hätte ich ihn nicht mit eigenen Augen gesehen, ich hätte es niemals geglaubt! All die Trauer um ihn und die Tränen, die ich für ihn vergossen hatte, wandelten sich nun in Zorn. Nur aus Gier nach Gold und Macht hatte er ein ganzes Volk verblendet und so viele Menschen ins Unglück gestürzt.	若非亲眼所见，我绝不会相信！为他流的悲伤和眼泪全化为了愤怒。仅因贪婪和权力欲，他蒙蔽了一整个民族，将无数人推入苦难。
data_m__data_m__c1_txt__c1_fhll__text_506010.txt	78	Die Worte des alten Schamanen ergaben plötzlich einen Sinn! Ich musste ihn finden, denn solange er in Freiheit war, würde er weiterhin Unheil anrichten...	Die Worte des alten Schamanen ergaben plötzlich einen Sinn! Ich musste ihn finden, denn solange er in Freiheit war, würde er weiterhin Unheil anrichten...	老萨满的话突然说得通了！我必须找到他，只要他还自由一天，就会继续作恶...
data_m__data_m__c1_txt__c1_fhll__text_506030.txt	32	Freudentränen traten in die Augen des alten Mannes, als wir den Cuazinta die Eisenwerkzeuge überreichten.	Freudentränen traten in die Augen des alten Mannes, als wir den Cuazinta die Eisenwerkzeuge überreichten.	当我们把铁器交给Cuazinta族时，老人热泪盈眶。
data_m__data_m__c1_txt__c1_fhll__text_506030.txt	38	Nun konnten wir mit ihnen wertvolle Rohstoffe handeln, und wir hatten neue Freunde gewonnen. Das alleine wäre uns schon Dank genug gewesen, aber Montemantu gab uns noch einen weiteren wertvollen Hinweis. 	Nun konnten wir mit ihnen wertvolle Rohstoffe handeln, und wir hatten neue Freunde gewonnen. Das alleine wäre uns schon Dank genug gewesen, aber Montemantu gab uns noch einen weiteren wertvollen Hinweis.	现在可以和他们交易珍贵原料了，也结交了新朋友。仅此就足以感恩，但Montemantu还给了我们另一个宝贵线索。
data_m__data_m__c1_txt__c1_fhll__text_506030.txt	44	Auf der anderen Seite des großen Flusses lebten zurückgezogen die Tzulucetl im undurchdringlichen Dickicht des Dschungels. Sie waren damals dazu gepresst worden, die große Hauptstadt des Regenkultes zu errichten. Wer, wenn nicht die Baumeister selber, würden alle Geheimnisse und Schwächen der Festungsanlagen kennen?	Auf der anderen Seite des großen Flusses lebten zurückgezogen die Tzulucetl im undurchdringlichen Dickicht des Dschungels. Sie waren damals dazu gepresst worden, die große Hauptstadt des Regenkultes zu errichten. Wer, wenn nicht die Baumeister selber, würden alle Geheimnisse und Schwächen der Festungsanlagen kennen?	大河对岸，Tzulucetl族隐居在密林深处。当年他们被迫建造了雨神邪教的都城。除了建造者本人，还有谁会知道城堡的所有秘密和弱点？
data_m__data_m__c1_txt__c1_fhll__text_506030.txt	50	Verschmitzt kniff Montemantu mir ein Auge. Um zu den Tzulucetl zu gelangen, müssten wir nur über die große Brücke gelangen und dann immer dem Lauf des Flusses folgen...	Verschmitzt kniff Montemantu mir ein Auge. Um zu den Tzulucetl zu gelangen, müssten wir nur über die große Brücke gelangen und dann immer dem Lauf des Flusses folgen...	Montemantu狡黠地眨了眨眼。要找Tzulucetl族，只需过了大桥，然后沿河一直走...
data_m__data_m__c1_txt__c1_fhll__text_506030.txt	64	ZIELE:	ZIELE:	目标：
data_m__data_m__c1_txt__c1_fhll__text_506030.txt	70	Finde die Dschungelmayas	Finde die Dschungelmayas	找到丛林玛雅人
data_m__data_m__c1_txt__c1_fhll__text_506040.txt	32	An der Küste des Meeres erhob sich eine kleine Mayastadt. Unser Kundschafter hielt sie zunächst für einen Außenposten der Regenkrieger und hatte bereits mit seinem Leben abgeschlossen, als die Mayas ihn entdeckten.	An der Küste des Meeres erhob sich eine kleine Mayastadt. Unser Kundschafter hielt sie zunächst für einen Außenposten der Regenkrieger und hatte bereits mit seinem Leben abgeschlossen, als die Mayas ihn entdeckten.	海边矗立着一座小玛雅城。我们的侦察兵起初以为是雨神战士的前哨站，被发现时已做好赴死准备。
data_m__data_m__c1_txt__c1_fhll__text_506040.txt	38	Daher war er sehr überrascht, als er freundlich begrüßt und wir in ihr Dorf eingeladen wurden. Die Cuazinta, so erfuhren wir von ihnen, litten schon lange unter den Anhängern des Regengottes. Sie selbst teilten ihren Glauben nicht, weswegen sie von ihnen unterjocht und zu hohen Abgaben gezwungen worden waren. 	Daher war er sehr überrascht, als er freundlich begrüßt und wir in ihr Dorf eingeladen wurden. Die Cuazinta, so erfuhren wir von ihnen, litten schon lange unter den Anhängern des Regengottes. Sie selbst teilten ihren Glauben nicht, weswegen sie von ihnen unterjocht und zu hohen Abgaben gezwungen worden waren.	所以他非常惊讶，对方不仅友好迎接还邀请我们进村。我们得知Cuazinta族长期受雨神信徒压迫。他们并不信奉雨神，因此被奴役并被迫缴纳高额赋税。
data_m__data_m__c1_txt__c1_fhll__text_506040.txt	44	Doch für uns bereiteten sie aus ihren letzten Nahrungsmitteln noch ein karges Gastmahl. Also waren nicht alle Mayas blutrünstige Wilde!	Doch für uns bereiteten sie aus ihren letzten Nahrungsmitteln noch ein karges Gastmahl. Also waren nicht alle Mayas blutrünstige Wilde!	尽管如此，他们仍用最后的食物为我们准备了一顿简朴的饭菜。看来并非所有玛雅人都是嗜血的野蛮人！
data_m__data_m__c1_txt__c1_fhll__text_506040.txt	50	Am Abend nahm mich ihr weiser Anführer Montemantu zur Seite, und trotz der Gefahr, dass Quetzalcoatl ihn bestrafen könnte, verriet er uns die größte Schwäche des Regenkultes. Sollte es uns gelingen, ihren großen Tempel zu zerstören und den Gott zu vertreiben, dann wäre uns der Sieg gewiss!	Am Abend nahm mich ihr weiser Anführer Montemantu zur Seite, und trotz der Gefahr, dass Quetzalcoatl ihn bestrafen könnte, verriet er uns die größte Schwäche des Regenkultes. Sollte es uns gelingen, ihren großen Tempel zu zerstören und den Gott zu vertreiben, dann wäre uns der Sieg gewiss!	傍晚，他们智慧的领袖Montemantu将我拉到一旁，不顾羽蛇神可能惩罚他的危险，透露了雨神邪教最大的弱点：如果能摧毁他们的大神庙并赶走伪神，胜利就一定是我们的！
data_m__data_m__c1_txt__c1_fhll__text_506040.txt	56	Nach einem solchen Hinweis hatten wir gesucht! Nun hatten wir eine wirkliche Chance, gegen die Übermacht zu bestehen. 	Nach einem solchen Hinweis hatten wir gesucht! Nun hatten wir eine wirkliche Chance, gegen die Übermacht zu bestehen.	我们一直在找这样的线索！现在终于有了对抗强敌的真正机会。
data_m__data_m__c1_txt__c1_fhll__text_506040.txt	60	Als wir gerade wieder aufbrechen wollten, hielt Montemantu uns noch einmal zurück und versprach uns Freundschaft und reiche Handelsbeziehungen, wenn wir seinem Volk einige unserer Eisenwerkzeuge überlassen könnten.	Als wir gerade wieder aufbrechen wollten, hielt Montemantu uns noch einmal zurück und versprach uns Freundschaft und reiche Handelsbeziehungen, wenn wir seinem Volk einige unserer Eisenwerkzeuge überlassen könnten.	正要离开时，Montemantu再次叫住我们，承诺如果我们能给他们一些铁器，将建立友谊和丰厚的贸易关系。
data_m__data_m__c1_txt__c1_fhll__text_506040.txt	66	Es war ihm sichtlich unangenehm, uns darum zu bitten, aber Quetzalcoatl hatte ihnen all ihre Habe geraubt.	Es war ihm sichtlich unangenehm, uns darum zu bitten, aber Quetzalcoatl hatte ihnen all ihre Habe geraubt.	他显然不好意思开口，但羽蛇神已经抢走了他们所有的家当。
data_m__data_m__c1_txt__c1_fhll__text_506040.txt	80	ZIELE:	ZIELE:	目标：
data_m__data_m__c1_txt__c1_fhll__text_506040.txt	86	Liefere den Cuazinta die gewünschten Eisenwerkzeuge, wenn du ihnen helfen willst (als Tributzahlung).	Liefere den Cuazinta die gewünschten Eisenwerkzeuge, wenn du ihnen helfen willst (als Tributzahlung).	向Cuazinta族提供所需铁器（作为贡品）以帮助他们。
data_m__data_m__c1_txt__c1_fhll__text_506050.txt	32	Kaum betraten wir die grosse Brücke, als wir auch schon von den Regenkriegern angegriffen wurden.	Kaum betraten wir die grosse Brücke, als wir auch schon von den Regenkriegern angegriffen wurden.	刚踏上大桥，就遭到雨神战士的攻击。
data_m__data_m__c1_txt__c1_fhll__text_506050.txt	38	"Kehret um, wenn euch euer Leben lieb ist, rief einer der Vermummten kehlig. ""Unser Gott hat euer Kommen vorhergesehen und uns vor euch gewarnt. Ihr seid des Todes, wenn ihr auch nur versucht, in die Stadt zu gelangen!"""	"Kehret um, wenn euch euer Leben lieb ist, rief einer der Vermummten kehlig. ""Unser Gott hat euer Kommen vorhergesehen und uns vor euch gewarnt. Ihr seid des Todes, wenn ihr auch nur versucht, in die Stadt zu gelangen!"""	"命要紧就回去，""一个蒙面人沙哑地喊道。""我们的神预见了你们的到来并警告了我们。你们只要试图进城就是死路一条！"""
data_m__data_m__c1_txt__c1_fhll__text_506060.txt	32	Eine Ewigkeit schlugen sich unsere Kundschafter durch den unwegsamen Dschungel. Oftmals glaubten sie, sich für immer verirrt zu haben, 	Eine Ewigkeit schlugen sich unsere Kundschafter durch den unwegsamen Dschungel. Oftmals glaubten sie, sich für immer verirrt zu haben,	侦察兵们艰难地在密林中跋涉了很久。多次以为永远迷失了，
data_m__data_m__c1_txt__c1_fhll__text_506060.txt	34	bis sie dann endlich durch die Bäume wieder das beruhigende Plätschern des Flusses hörten. Dann endlich wich der Dschungel einer großen Lichtung und sie standen inmitten eines Mayadorfes am Meer. 	bis sie dann endlich durch die Bäume wieder das beruhigende Plätschern des Flusses hörten. Dann endlich wich der Dschungel einer großen Lichtung und sie standen inmitten eines Mayadorfes am Meer.	直到终于透过树木听到了令人安心的潺潺水声。丛林让出一片空地，他们站在了海边的一个玛雅村庄里。
data_m__data_m__c1_txt__c1_fhll__text_506060.txt	40	Es war das Dorf der Tzulucetl. Misstrauisch, aber durchaus freundlich begegneten uns die Dorfbewohner und führten uns zu ihrem Anführer.	Es war das Dorf der Tzulucetl. Misstrauisch, aber durchaus freundlich begegneten uns die Dorfbewohner und führten uns zu ihrem Anführer.	这是Tzulucetl族的村子。村民们警惕但友善地接待了我们，带我们去见首领。
data_m__data_m__c1_txt__c1_fhll__text_506060.txt	44	Als dieser unsere Männer sah, wurde er kreidebleich und rief den Namen des Regengottes. Die Kundschafter konnten den völlig verschreckten Mann jedoch rasch beruhigen und machten ihm einige unserer Töpferwaren zum Gastgeschenk. 	Als dieser unsere Männer sah, wurde er kreidebleich und rief den Namen des Regengottes. Die Kundschafter konnten den völlig verschreckten Mann jedoch rasch beruhigen und machten ihm einige unserer Töpferwaren zum Gastgeschenk.	看到我们的人，他吓得面如死灰，大喊雨神的名字。侦察兵很快安抚了这个惊恐的人，送了一些陶器作为见面礼。
data_m__data_m__c1_txt__c1_fhll__text_506060.txt	50	Quetzalcoatl, so berichtete uns Häuptling Zumahintazu, sei genau hier bei ihrem Dorf aus dem Meer gestiegen. Seit dem lebten sie in ständiger Angst und Sklaverei!	Quetzalcoatl, so berichtete uns Häuptling Zumahintazu, sei genau hier bei ihrem Dorf aus dem Meer gestiegen. Seit dem lebten sie in ständiger Angst und Sklaverei!	Zumahintazu酋长告诉我们，羽蛇神就是在这里从海中上岸的。从此他们就生活在恐惧和奴役中！
data_m__data_m__c1_txt__c1_fhll__text_506060.txt	56	Auf die große Stadt des Regengottes angesprochen, welche sie hatten errichten müssen, wurde seine Miene hart, und er weigerte sich, auch nur den geringsten Hinweis zu geben. Doch unser schönes Geschirr schien ihm und seiner Frau sehr zu gefallen...	Auf die große Stadt des Regengottes angesprochen, welche sie hatten errichten müssen, wurde seine Miene hart, und er weigerte sich, auch nur den geringsten Hinweis zu geben. Doch unser schönes Geschirr schien ihm und seiner Frau sehr zu gefallen...	问及他们被迫建造的雨神都城时，他面色一沉，拒绝透露任何线索。但我们精美的陶器似乎很合他和妻子的心意...
data_m__data_m__c1_txt__c1_fhll__text_506060.txt	70	ZIELE:	ZIELE:	目标：
data_m__data_m__c1_txt__c1_fhll__text_506060.txt	76	Zahle den gewünschten Tribut, wenn du Informationen bekommen willst	Zahle den gewünschten Tribut, wenn du Informationen bekommen willst	交纳所需贡品以获取情报
data_m__data_m__c1_txt__c1_fhll__text_506070.txt	32	In einem trockenen Wüstengebiet, wo nichts wuchs außer Kakteen, begegneten wir dem Vinländerstamm der Wolkenaugen.	In einem trockenen Wüstengebiet, wo nichts wuchs außer Kakteen, begegneten wir dem Vinländerstamm der Wolkenaugen.	在只有仙人掌生长的干旱荒漠中，我们遇到了云眼部落的酒地人。
data_m__data_m__c1_txt__c1_fhll__text_506070.txt	38	Sie sahen verschreckt und abgerissen aus und mochten uns kaum eine Hilfe sein. Doch sie empfingen uns freundlich. Vielleicht konnte man mit ihnen ja Handel treiben?	Sie sahen verschreckt und abgerissen aus und mochten uns kaum eine Hilfe sein. Doch sie empfingen uns freundlich. Vielleicht konnte man mit ihnen ja Handel treiben?	他们看起来惊恐而落魄，似乎帮不上什么忙。但友好地接待了我们。也许可以和他们贸易？
data_m__data_m__c1_txt__c1_fhll__text_506080.txt	32	Nachdem er sein Geschirr bekommen hatte und wir auch noch den Rest seines Stammes damit versorgt hatten, wurde Zumahintazu gesprächiger.	Nachdem er sein Geschirr bekommen hatte und wir auch noch den Rest seines Stammes damit versorgt hatten, wurde Zumahintazu gesprächiger.	拿到陶器并供应了全族后，Zumahintazu健谈了起来。
data_m__data_m__c1_txt__c1_fhll__text_506080.txt	38	Anfangs wollte er uns noch ausweichen, aber dann stand er doch zu seinem Wort. Er schaute sich nach allen Seiten um, als erwartete er, der Regengott selbst stände hinter dem nächsten Baum, und verriet uns das sorgsam gehütete Geheimnis seines Stammes:	Anfangs wollte er uns noch ausweichen, aber dann stand er doch zu seinem Wort. Er schaute sich nach allen Seiten um, als erwartete er, der Regengott selbst stände hinter dem nächsten Baum, und verriet uns das sorgsam gehütete Geheimnis seines Stammes:	起初还想回避，但最终信守了诺言。他四处张望，仿佛雨神就躲在下一棵树后，然后透露了部族严密保守的秘密：
data_m__data_m__c1_txt__c1_fhll__text_506080.txt	44	Als sie damals die Stadt bauen mussten, wurde das Baumaterial über einen versteckten Bergpass transportiert. Die Anhänger des Regengottes wähnten diese schmale Klamm verschüttet, doch sie existierte immer noch! Niemand würde einen Angriff aus dieser Richtung erwarten.	Als sie damals die Stadt bauen mussten, wurde das Baumaterial über einen versteckten Bergpass transportiert. Die Anhänger des Regengottes wähnten diese schmale Klamm verschüttet, doch sie existierte immer noch! Niemand würde einen Angriff aus dieser Richtung erwarten.	当年被迫建城时，建筑材料通过一条隐秘的山隘运输。雨神信徒以为这条狭窄的峡谷已被堵塞，但它依然存在！没人会料到来自这个方向的攻击。
data_m__data_m__c1_txt__c1_fhll__text_506080.txt	50	Der Eingang lag gut versteckt an einem kleinen See mitten im Urwald, nordöstlich von ihrem Dorf, neben einem Wasserfall, der sich dort tosend in die Tiefe stürzte.	Der Eingang lag gut versteckt an einem kleinen See mitten im Urwald, nordöstlich von ihrem Dorf, neben einem Wasserfall, der sich dort tosend in die Tiefe stürzte.	入口巧妙地隐藏在密林中的一个小湖旁，位于他们村子东北方，旁边是一个轰鸣的瀑布。
data_m__data_m__c1_txt__c1_fhll__text_506080.txt	56	Konnten wir ihm vertrauen oder war das Ganze eine hinterhältige Falle Quetzalcoatls?	Konnten wir ihm vertrauen oder war das Ganze eine hinterhältige Falle Quetzalcoatls?	我们能信任他吗，还是这整个都是羽蛇神的阴险陷阱？
data_m__data_m__c1_txt__c1_fhll__text_506080.txt	70	ZIELE:	ZIELE:	目标：
data_m__data_m__c1_txt__c1_fhll__text_506080.txt	76	Suche den geheimen Zugang zur Stadt des Regengottes, falls du Zumahintazu Glauben schenkst	Suche den geheimen Zugang zur Stadt des Regengottes, falls du Zumahintazu Glauben schenkst	如果你相信Zumahintazu，寻找雨神之城的秘密入口
data_m__data_m__c1_txt__c1_fhll__text_507000.txt	32	TAG DER ENTSCHEIDUNG	TAG DER ENTSCHEIDUNG	决战之日
data_m__data_m__c1_txt__c1_fhll__text_507000.txt	44	Quetzalcoatl, von dem wir jetzt wussten, dass es mein verschollen geglaubter Onkel war, hatte während der Schlacht um den Tempel des Regenkultes entkommen können und sammelte nun seine verbliebenen Anhänger, um im Süden eine neue Armee aufzustellen. Wir durften also keine Zeit mehr verlieren, wenn wir seiner habhaft werden wollten. 	Quetzalcoatl, von dem wir jetzt wussten, dass es mein verschollen geglaubter Onkel war, hatte während der Schlacht um den Tempel des Regenkultes entkommen können und sammelte nun seine verbliebenen Anhänger, um im Süden eine neue Armee aufzustellen. Wir durften also keine Zeit mehr verlieren, wenn wir seiner habhaft werden wollten.	羽蛇神——现在我们知道他是我以为已失踪的叔叔——在雨神神庙的战斗中逃脱了，正在南方集结残余信徒组建新军。要抓住他，不能浪费时间。
data_m__data_m__c1_txt__c1_fhll__text_507000.txt	50	Glücklicherweise hatten wir im Süden das Drachenschiff gefunden, mit dem mein Onkel einst an dieser Küste gelandet war. Zwar war es beschädigt, aber wir brauchten nur wenige Tage, um es zu reparieren. 	Glücklicherweise hatten wir im Süden das Drachenschiff gefunden, mit dem mein Onkel einst an dieser Küste gelandet war. Zwar war es beschädigt, aber wir brauchten nur wenige Tage, um es zu reparieren.	幸运的是，我们在南方找到了叔叔当年用来登陆的龙船。虽然损坏了，但只需几天就能修好。
data_m__data_m__c1_txt__c1_fhll__text_507000.txt	56	Während sich eine kleine Gruppe um die Verwundeten auf beiden Seiten kümmerte, brachen wir mit einer Hand voll ausgewählter Männer und Frauen auf, um den falschen Regengott daran zu hindern, noch mehr Leid über dieses Land zu bringen.	Während sich eine kleine Gruppe um die Verwundeten auf beiden Seiten kümmerte, brachen wir mit einer Hand voll ausgewählter Männer und Frauen auf, um den falschen Regengott daran zu hindern, noch mehr Leid über dieses Land zu bringen.	一小队人留下照料双方的伤员，我们带着几名精选的男女出发，阻止这个假的雨神给这片土地带来更多苦难。
data_m__data_m__c1_txt__c1_fhll__text_507000.txt	62	Einige Tage später landeten wir an einer entlegenen Küste, wo es den Berichten unserer Verbündeten zufolge eine alte Tempelanlage mitten in einem ausgedehnten, unzugänglichen Sumpfgebiet geben sollte. Der ideale Ort für meinen Onkel und seine dunklen Machenschaften! 	Einige Tage später landeten wir an einer entlegenen Küste, wo es den Berichten unserer Verbündeten zufolge eine alte Tempelanlage mitten in einem ausgedehnten, unzugänglichen Sumpfgebiet geben sollte. Der ideale Ort für meinen Onkel und seine dunklen Machenschaften!	几天后我们在一处偏僻海岸登陆。据盟友的情报，广阔而难以进入的沼泽中有一座古老的神庙。这是我叔叔搞阴谋的理想据点！
data_m__data_m__c1_txt__c1_fhll__text_507000.txt	68	So standen wir nun mit unserer kleinen Schar tapferer Helden einer gewaltigen Streitmacht entgegen, weit entfernt von all unseren Verbündeten. Hier nun würde sich alles entscheiden!	So standen wir nun mit unserer kleinen Schar tapferer Helden einer gewaltigen Streitmacht entgegen, weit entfernt von all unseren Verbündeten. Hier nun würde sich alles entscheiden!	就这样，我们这支小小的英雄队伍面对着庞大的敌军，远离所有盟友。一切将在这里见分晓！
data_m__data_m__c1_txt__c1_fhll__text_507000.txt	82	ZIELE:	ZIELE:	目标：
data_m__data_m__c1_txt__c1_fhll__text_507000.txt	88	Vernichte Quetzalcoatl!	Vernichte Quetzalcoatl!	消灭克察尔科亚特尔！
data_m__data_m__c1_txt__c1_fhll__text_507010.txt	30	Mission erfüllt!	Mission erfüllt!	任务完成！
data_m__data_m__c1_txt__c1_fhll__text_507010.txt	38	Mit der Hilfe unserer Freunde  hatten wir schließlich gesiegt!	Mit der Hilfe unserer Freunde  hatten wir schließlich gesiegt!	在朋友的帮助下，我们最终胜利了！
data_m__data_m__c1_txt__c1_fhll__text_507010.txt	40	Die Anhänger des Regengottes und 	Die Anhänger des Regengottes und	雨神信徒和
data_m__data_m__c1_txt__c1_fhll__text_507010.txt	44	die abtrünnigen Wikinger waren geschlagen oder in alle Himmelsrichtungen geflohen. Der große Quetzalcoatl, mein Onkel, war gescheitert.	die abtrünnigen Wikinger waren geschlagen oder in alle Himmelsrichtungen geflohen. Der große Quetzalcoatl, mein Onkel, war gescheitert.	叛逃的维京人被击败或四散奔逃。伟大的 Quetzalcoatl，我的叔叔，失败了。
data_m__data_m__c1_txt__c1_fhll__text_507010.txt	50	Nun endlich konnte wieder Friede in dieses große Land einkehren. Und damit dies auch so blieb, würden sich von nun an die Wikinger fern halten vom Land der Rothäute. 	Nun endlich konnte wieder Friede in dieses große Land einkehren. Und damit dies auch so blieb, würden sich von nun an die Wikinger fern halten vom Land der Rothäute.	这片广袤的土地终于可以重归和平。为保太平，维京人从此将远离红肤人的土地。
data_m__data_m__c1_txt__c1_fhll__text_507010.txt	56	Zehn Tage und Nächte feierten wir gemeinsam ein rauschendes Fest, von dem noch spätere Generationen berichten sollten. Viele Freundschaften wurden geschlossen und Lieder gesungen über die gemeinsamen Heldentaten der Wikinger und Vinländer. 	Zehn Tage und Nächte feierten wir gemeinsam ein rauschendes Fest, von dem noch spätere Generationen berichten sollten. Viele Freundschaften wurden geschlossen und Lieder gesungen über die gemeinsamen Heldentaten der Wikinger und Vinländer.	十天十夜我们举办了盛大的庆典，后世定会传颂。结下了许多友谊，歌唱着维京人和酒地人共同英勇的事迹。
data_m__data_m__c1_txt__c1_fhll__text_507010.txt	62	Am elften Tag dann stießen wir in See, reich beschenkt und versorgt mit Nahrungsmitteln und guten Wünschen für die weite Heimreise. 	Am elften Tag dann stießen wir in See, reich beschenkt und versorgt mit Nahrungsmitteln und guten Wünschen für die weite Heimreise.	第十一天我们启航远行，满载礼物、食物和美好的祝愿踏上归途。
data_m__data_m__c1_txt__c1_fhll__text_507010.txt	64	Doch noch einen weiteren, besonderen Schatz nahmen wir mit in die Heimat: das Wissen, dass wir für immer einen Platz in den Herzen dieses stolzen, unbeugsamen Volkes gewonnen hatten.	Doch noch einen weiteren, besonderen Schatz nahmen wir mit in die Heimat: das Wissen, dass wir für immer einen Platz in den Herzen dieses stolzen, unbeugsamen Volkes gewonnen hatten.	但我们还带回了另一个特殊的宝藏：知道我们永远在那些骄傲而不屈的人们心中占有一席之地。
data_m__data_m__c1_txt__c1_fhll__text_507040.txt	32	Als wir die kleine Mayastadt an den Ufern des Silbernen Sees erreichten, schlug uns unverholene Ablehnung entgegen.	Als wir die kleine Mayastadt an den Ufern des Silbernen Sees erreichten, schlug uns unverholene Ablehnung entgegen.	抵达银湖畔的小玛雅城时，我们遭到了毫不掩饰的排斥。
data_m__data_m__c1_txt__c1_fhll__text_507040.txt	38	Wir sahen einige Frauen, die bei unserer Ankunft ihre Kinder versteckten und die Fensterläden ihrer Häuser schlossen. Schließlich trat uns eine Gruppe Männer in den Weg, die zum Rat der Stadt zu gehören schienen. 	Wir sahen einige Frauen, die bei unserer Ankunft ihre Kinder versteckten und die Fensterläden ihrer Häuser schlossen. Schließlich trat uns eine Gruppe Männer in den Weg, die zum Rat der Stadt zu gehören schienen.	我们看到一些妇女在我们到来时藏起孩子、关上窗板。最后，一群看似城中长老的男人挡住了我们的去路。
data_m__data_m__c1_txt__c1_fhll__text_507040.txt	44	"Was wollt ihr von uns, rief ihr Anführer, ""ist der falsche Regengott nicht von eurem Stamm? Habt ihr nicht schon genug Unheil über uns gebracht?"""	"Was wollt ihr von uns, rief ihr Anführer, ""ist der falsche Regengott nicht von eurem Stamm? Habt ihr nicht schon genug Unheil über uns gebracht?"""	"你们想怎样，""他们的领头人喊道，""那个假的雨神不是你们族的人吗？你们带来的灾难还不够吗？"""
data_m__data_m__c1_txt__c1_fhll__text_507040.txt	50	Darauf wussten unsere Kundschafter keine Antwort mehr und zogen sich betrübt zurück. Aber nun hatten wir wenigstens Gewissheit, dass mein Onkel sich in dem unwegsamen Sumpfgebiet im Norden verschanzt hielt.	Darauf wussten unsere Kundschafter keine Antwort mehr und zogen sich betrübt zurück. Aber nun hatten wir wenigstens Gewissheit, dass mein Onkel sich in dem unwegsamen Sumpfgebiet im Norden verschanzt hielt.	我们的侦察兵无言以对，沮丧地退了回来。但至少我们确定了我叔叔藏匿在北方那片难行的沼泽中。
data_m__data_m__c1_txt__c1_fhll__text_507050.txt	32	Da waren sie nun, die verbliebenen Anhänger des falschen Regengottes, 	Da waren sie nun, die verbliebenen Anhänger des falschen Regengottes,	这就是伪雨神残存的信徒，
data_m__data_m__c1_txt__c1_fhll__text_507050.txt	34	die mein Onkel aus allen Teilen seines zerfallenden Reiches um sich geschart hatte. 	die mein Onkel aus allen Teilen seines zerfallenden Reiches um sich geschart hatte.	我叔叔从他崩溃帝国的各个角落召集来的。
data_m__data_m__c1_txt__c1_fhll__text_507050.txt	40	Fanatischer denn je kämpften sie mit einer Entschlossenheit, dass uns schnell klar wurde: Wenn wir hier versagen sollten, sie ein für allemal zu besiegen, würden sie in kürzester Zeit erneut die Herrschaft über die Völker dieses Landes gewinnen!	Fanatischer denn je kämpften sie mit einer Entschlossenheit, dass uns schnell klar wurde: Wenn wir hier versagen sollten, sie ein für allemal zu besiegen, würden sie in kürzester Zeit erneut die Herrschaft über die Völker dieses Landes gewinnen!	他们比以往更加狂热地战斗，那种决绝让我们很快明白：如果在这里不能一劳永逸地击败他们，他们很快就会重新统治这片土地上的所有民族！
data_m__data_m__c1_txt__c1_fhll__text_507060.txt	32	Als wir den Zintapinta den gewünschten Tribut überreichten, war ihr Staunen groß. Nie hatten sie damit gerechnet, dass jemand aus unserem Volk sich so groszügig zeigen konnte! 	Als wir den Zintapinta den gewünschten Tribut überreichten, war ihr Staunen groß. Nie hatten sie damit gerechnet, dass jemand aus unserem Volk sich so groszügig zeigen konnte!	向Zintapinta族交纳贡品时，他们大为惊叹。没想到我们族人会如此慷慨！
data_m__data_m__c1_txt__c1_fhll__text_507060.txt	38	Feierlich schworen sie uns Freundschaft und Unterstützung im Kampf gegen 	Feierlich schworen sie uns Freundschaft und Unterstützung im Kampf gegen	他们庄严宣誓友谊并支持我们对抗
data_m__data_m__c1_txt__c1_fhll__text_507060.txt	40	die verbliebenen Anhänger des falschen Regengottes.	die verbliebenen Anhänger des falschen Regengottes.	伪雨神的残存信徒。
data_m__data_m__c1_txt__c1_fhll__text_507060.txt	46	Leider verfügten sie kaum über genügend Soldaten, um ihre eigene Stadt zu sichern, doch sie gaben uns etwas viel Wertvolleres: 	Leider verfügten sie kaum über genügend Soldaten, um ihre eigene Stadt zu sichern, doch sie gaben uns etwas viel Wertvolleres:	可惜他们几乎没有足够的士兵守卫自己的城市，但他们给了我们更有价值的东西：
data_m__data_m__c1_txt__c1_fhll__text_507060.txt	50	Die Kundschafter der Zintapinta kannten dieses Land wie ihre eigene Wohnstube, und so zeigten sie uns einen sicheren Übergang durch das nord-westliche Gebirge.	Die Kundschafter der Zintapinta kannten dieses Land wie ihre eigene Wohnstube, und so zeigten sie uns einen sicheren Übergang durch das nord-westliche Gebirge.	Zintapinta族的侦察兵对这片土地了如指掌，为我们指出了穿越西北山脉的安全通道。
data_m__data_m__c1_txt__c1_fhll__text_507060.txt	56	Würde es uns dort gelingen, meinen Onkel zu überrumpeln?	Würde es uns dort gelingen, meinen Onkel zu überrumpeln?	我们能出其不意地抓住叔叔吗？
data_m__data_m__c1_txt__c1_fhll__text_507080.txt	32	Grüßt euch, Brüder, rief eine wohlbekannte Stimme, und unsere Kundschafter wurden rau umarmt. Es waren die Maradorn-Brüder, die auf der Suche nach uns hier angelandet waren.	Grüßt euch, Brüder, rief eine wohlbekannte Stimme, und unsere Kundschafter wurden rau umarmt. Es waren die Maradorn-Brüder, die auf der Suche nach uns hier angelandet waren.	"兄弟们好""一个熟悉的声音喊道，侦察兵们被粗犷地拥抱了。是Maradorn兄弟，他们为了找我们而在此登陆。"
data_m__data_m__c1_txt__c1_fhll__text_507080.txt	38	Sie hatten ihr Wort gehalten und waren uns zur Hilfe geeilt, als wir sie am dringendsten brauchten. Sobald wir selbst genügend eigene Krieger beisammen hätten, würden sie mit dem Angriff beginnen!	Sie hatten ihr Wort gehalten und waren uns zur Hilfe geeilt, als wir sie am dringendsten brauchten. Sobald wir selbst genügend eigene Krieger beisammen hätten, würden sie mit dem Angriff beginnen!	他们信守承诺，在我们最需要时赶来支援。只要我们集结了足够的战士，他们就会开始进攻！
data_m__data_m__c1_txt__c1_fhll__text_507080.txt	52	ZIELE:	ZIELE:	目标：
data_m__data_m__c1_txt__c1_fhll__text_507080.txt	58	Baue deine Armee auf mindestens 40 Mann aus, um zusammen mit der Maradorn-Familie den falschen Regengott zu besiegen.	Baue deine Armee auf mindestens 40 Mann aus, um zusammen mit der Maradorn-Familie den falschen Regengott zu besiegen.	将军队扩充到至少40人，与Maradorn家族一起击败伪雨神。
data_m__data_m__c1_txt__c1_fhll__text_507090.txt	32	Ein lautes Kriegsgeschrei erhob sich im Norden. Aus zwei Drachenschiffen sprangen Mann um Mann an den Strand. Schwer bewaffnet bis an die Zähne begannen sie sofort mit dem Angriff.	Ein lautes Kriegsgeschrei erhob sich im Norden. Aus zwei Drachenschiffen sprangen Mann um Mann an den Strand. Schwer bewaffnet bis an die Zähne begannen sie sofort mit dem Angriff.	北方响起了震天的战吼。两艘龙船上战士们纷纷跳上海滩。全副武装，立即发起进攻。
data_m__data_m__c1_txt__c1_fhll__text_507090.txt	38	Es waren unsere Männer aus der Heimat, welche die Maradorn-Brüder zu uns geführt hatten, um uns in der entscheidenden Schlacht gegen meinen Onkel und seine fanatischen Anhänger beizustehen.	Es waren unsere Männer aus der Heimat, welche die Maradorn-Brüder zu uns geführt hatten, um uns in der entscheidenden Schlacht gegen meinen Onkel und seine fanatischen Anhänger beizustehen.	是我们的同胞从家乡带来了Maradorn兄弟，在决战中对抗我叔叔和他的狂热信徒。
data_m__data_m__c1_txt__c1_fhll__text_507090.txt	44	Nie hatte ich mich mehr gefreut über den Anblick so vieler treuer Freunde! Jetzt hieß es handeln und gemeinsam dem Feind entgegentreten!	Nie hatte ich mich mehr gefreut über den Anblick so vieler treuer Freunde! Jetzt hieß es handeln und gemeinsam dem Feind entgegentreten!	从未因看到如此多忠实朋友而如此欣喜！现在该行动了，并肩迎敌！
data_m__data_m__c1_txt__c1_fhll__text_507100.txt	32	Eines Nachts erwachten wir durch leise Geräusche, und als wir aus unseren Häusern in die Nacht traten, war die Freude groß!	Eines Nachts erwachten wir durch leise Geräusche, und als wir aus unseren Häusern in die Nacht traten, war die Freude groß!	一天夜里我们被轻微的响动惊醒，走出屋子来到夜色中，惊喜万分！
data_m__data_m__c1_txt__c1_fhll__text_507100.txt	38	Unsere Freunde, die Stämme der Rothäute, denen wir auf unserer Reise helfen konnten, hatten uns einige ihrer besten Männer zur Hilfe geschickt, obwohl bei ihnen daheim sicher jeder starke Arm beim Wiederaufbau der zerstörten Dörfer gebraucht wurde.	Unsere Freunde, die Stämme der Rothäute, denen wir auf unserer Reise helfen konnten, hatten uns einige ihrer besten Männer zur Hilfe geschickt, obwohl bei ihnen daheim sicher jeder starke Arm beim Wiederaufbau der zerstörten Dörfer gebraucht wurde.	旅途中我们帮助过的红肤人部落，派来了他们最好的战士支援我们，尽管他们家乡重建废墟也需要每一双手。
data_m__data_m__c1_txt__c1_fhll__text_507100.txt	44	Freudig hießen wir sie willkommen. Doch noch immer standen wir einer gewaltigen Übermacht gegenüber...	Freudig hießen wir sie willkommen. Doch noch immer standen wir einer gewaltigen Übermacht gegenüber...	我们高兴地欢迎他们。但面对的仍然是强大的敌军...
data_m__data_m__c1_txt__c1_fhll__text_800001.txt	36	DIE__EISSTÄMME 	DIE__EISSTÄMME	冰之部落
data_m__data_m__c1_txt__c1_fhll__text_800001.txt	44	Zwei Inseln, zwei Wikingerstämme,... wer wird überleben?	Zwei Inseln, zwei Wikingerstämme,... wer wird überleben?	两座岛屿，两个维京部落...谁能存活？
data_m__data_m__c1_txt__c1_fhll__text_800001.txt	58	ZIELE:	ZIELE:	目标：
data_m__data_m__c1_txt__c1_fhll__text_800001.txt	64	Kämpfe um deine Machtstellung auf dieser Karte! 	Kämpfe um deine Machtstellung auf dieser Karte!	为你在地图上的权力地位而战！
data_m__data_m__c1_txt__c1_fhll__text_800011.txt	36	DIE__DREI__INSELN	DIE__DREI__INSELN	三座岛屿
data_m__data_m__c1_txt__c1_fhll__text_800011.txt	44	Um Streitereien aus dem Weg zu räumen, gibt es eine uralte Tradition bei den Wikinger. 	Um Streitereien aus dem Weg zu räumen, gibt es eine uralte Tradition bei den Wikinger.	为解决争端，维京人有一个古老的传统。
data_m__data_m__c1_txt__c1_fhll__text_800011.txt	50	Wenn der Mond am hellsten scheint und der Nebel des kalten Ödlands sich zurückzieht, werden die Wege frei, die zu einer vergessenen Insel führen, die in drei Segmente unterteilt ist. Dort angekommen,	Wenn der Mond am hellsten scheint und der Nebel des kalten Ödlands sich zurückzieht, werden die Wege frei, die zu einer vergessenen Insel führen, die in drei Segmente unterteilt ist. Dort angekommen,	当月亮最亮、寒荒之地的雾气退去时，通往被遗忘之岛的路便出现了。岛分为三个区域，到达后，
data_m__data_m__c1_txt__c1_fhll__text_800011.txt	52	sind die Wikinger auf sich gestellt. 	sind die Wikinger auf sich gestellt.	维京人只能靠自己。
data_m__data_m__c1_txt__c1_fhll__text_800011.txt	56	Jeder hat genügend Rohstoffe, um sich gegen Angriffe verteidigen zu können. 	Jeder hat genügend Rohstoffe, um sich gegen Angriffe verteidigen zu können.	每个人都有足够的资源来抵御攻击。
data_m__data_m__c1_txt__c1_fhll__text_800011.txt	60	Jeder hat genügend Nahrung, um nicht zu verhungern. 	Jeder hat genügend Nahrung, um nicht zu verhungern.	每个人都有足够的食物不会挨饿。
data_m__data_m__c1_txt__c1_fhll__text_800011.txt	66	Doch wer hat den meisten Mut, um die Kämpfe zu überleben?	Doch wer hat den meisten Mut, um die Kämpfe zu überleben?	但谁有最大的勇气在战斗中活下来？
data_m__data_m__c1_txt__c1_fhll__text_800011.txt	80	ZIELE:	ZIELE:	目标：
data_m__data_m__c1_txt__c1_fhll__text_800011.txt	86	Kämpfe, um zu überleben. Der letzte, der übrig bleibt, hat bewiesen, dass sein Wort das richtige war!	Kämpfe, um zu überleben. Der letzte, der übrig bleibt, hat bewiesen, dass sein Wort das richtige war!	战斗求生。最后留下来的人，证明了他是对的！
data_m__data_m__c1_txt__c1_fhll__text_800021.txt	36	DIE__OASE	DIE__OASE	绿洲
data_m__data_m__c1_txt__c1_fhll__text_800021.txt	44	Euer Wikingerstamm zog aus, um in den fernen Ödländern nach fruchtbaren Plätzen zu suchen. Ein langer Marsch unter der unerträglichen Hitze der Sonne kostete schon viele Helden das Leben. Doch endlich haben eure Kundschafter etwas in der Ferne gesehen. Eine Oase!	Euer Wikingerstamm zog aus, um in den fernen Ödländern nach fruchtbaren Plätzen zu suchen. Ein langer Marsch unter der unerträglichen Hitze der Sonne kostete schon viele Helden das Leben. Doch endlich haben eure Kundschafter etwas in der Ferne gesehen. Eine Oase!	你们维京部落出发去远方荒地寻找沃土。烈日下行军漫长，已有不少英雄丧命。但终于侦察兵在远处看到了什么。一片绿洲！
data_m__data_m__c1_txt__c1_fhll__text_800021.txt	50	Zu eurem Entsetzen tauchen plötzlich am Horizont drei große Staubwolken auf. Es sind andere Wikingerstämme. Auch sie sind scheinbar auf dem Weg zur lebensrettenden Oase! 	Zu eurem Entsetzen tauchen plötzlich am Horizont drei große Staubwolken auf. Es sind andere Wikingerstämme. Auch sie sind scheinbar auf dem Weg zur lebensrettenden Oase!	令你们惊恐的是，地平线上突然升起三股巨大的尘土。是其他维京部落，似乎也在赶往救命的绿洲！
data_m__data_m__c1_txt__c1_fhll__text_800021.txt	64	ZIELE:	ZIELE:	目标：
data_m__data_m__c1_txt__c1_fhll__text_800021.txt	70	Versuche, dir soviel Land wie möglich zu sichern, bevor die anderen Wikinger es sich holen. Nur der Stärkere kann am Schluss überleben!	Versuche, dir soviel Land wie möglich zu sichern, bevor die anderen Wikinger es sich holen. Nur der Stärkere kann am Schluss überleben!	尽可能多地抢占土地，赶在其他维京人之前。只有最强者才能活到最后！
data_m__data_m__c1_txt__c1_fhll__text_800031.txt	36	DAS__EISLABYRINTH	DAS__EISLABYRINTH	冰雪迷宫
data_m__data_m__c1_txt__c1_fhll__text_800031.txt	44	Ein riesiges Gebiet aus Eis und Schnee liegt vor euch. Ihr wisst genau - nur der kleinste Fehler kann einem hier das Leben kosten.	Ein riesiges Gebiet aus Eis und Schnee liegt vor euch. Ihr wisst genau - nur der kleinste Fehler kann einem hier das Leben kosten.	眼前是一片冰天雪地。你们很清楚——哪怕最小的失误都可能丧命。
data_m__data_m__c1_txt__c1_fhll__text_800031.txt	58	ZIELE:	ZIELE:	目标：
data_m__data_m__c1_txt__c1_fhll__text_800031.txt	64	Vertreibe die anderen Wikingerstämme aus dieser Eiswelt!	Vertreibe die anderen Wikingerstämme aus dieser Eiswelt!	将其他维京部落赶出这片冰雪世界！
data_m__data_m__c1_txt__c1_fhll__text_800041.txt	36	DER__FLUSS	DER__FLUSS	河流
data_m__data_m__c1_txt__c1_fhll__text_800041.txt	44	Es gibt nur einen Übergang zur anderen Uferseite. Doch Vorsicht! Die Feinde können überall sein. Auch auf der eigenen Seite des Ufers...	Es gibt nur einen Übergang zur anderen Uferseite. Doch Vorsicht! Die Feinde können überall sein. Auch auf der eigenen Seite des Ufers...	对岸只有一个通道。但小心！敌人可能无处不在。甚至在自己这一侧...
data_m__data_m__c1_txt__c1_fhll__text_800041.txt	58	ZIELE:	ZIELE:	目标：
data_m__data_m__c1_txt__c1_fhll__text_800041.txt	64	Vertreibe die anderen Wikingerstämme!	Vertreibe die anderen Wikingerstämme!	赶走其他维京部落！
data_m__data_m__c1_txt__c1_fhll__text_800051.txt	30	DER__WALD	DER__WALD	森林
data_m__data_m__c1_txt__c1_fhll__text_800061.txt	30	Mission erfüllt!	Mission erfüllt!	任务完成！
data_m__data_m__c1_txt__c1_fhll__text_800061.txt	40	Na, wie fühlst du dich? So steinreich und allein auf dieser schönen Insel?!	Na, wie fühlst du dich? So steinreich und allein auf dieser schönen Insel?!	怎么样？在这座美丽的岛上坐拥石矿又独占一方？！
data_m__data_m__c1_txt__c1_fhll__text_800061.txt	46	Du hast dein Können unter Beweis gestellt. Herzlichen Glückwunsch zu deinem Sieg!	Du hast dein Können unter Beweis gestellt. Herzlichen Glückwunsch zu deinem Sieg!	你证明了自己的实力。恭喜获胜！
data_m__data_m__c1_txt__c1_fhll__text_800062.txt	36	DAS__ERBE__DER__MAYAS	DAS__ERBE__DER__MAYAS	玛雅遗产
data_m__data_m__c1_txt__c1_fhll__text_800062.txt	44	Vor einiger Zeit tauchte im Lager der Wikinger der Schamane eines befreundeten Indianerstammes auf und berichtete von einer alten Insel der Mayas. Er sprach von großen Reichtümern, aber auch von vielen Gefahren, die dort lauerten. 	Vor einiger Zeit tauchte im Lager der Wikinger der Schamane eines befreundeten Indianerstammes auf und berichtete von einer alten Insel der Mayas. Er sprach von großen Reichtümern, aber auch von vielen Gefahren, die dort lauerten.	不久前，一个友好的印第安部落萨满出现在维京营地，讲述了一座古老的玛雅岛屿。那里有巨大的财富，也潜伏着许多危险。
data_m__data_m__c1_txt__c1_fhll__text_800062.txt	50	Unter den Wikingern brach ein Streit darüber aus, wer nach diesen Schätzen suchen dürfe, und weil sich die Wikinger nicht einigen konnten, stachen nach einer langen Zeit der Vorbereitung gleich zwei Schiffe in See - mit Kurs auf die Mayainsel. 	Unter den Wikingern brach ein Streit darüber aus, wer nach diesen Schätzen suchen dürfe, und weil sich die Wikinger nicht einigen konnten, stachen nach einer langen Zeit der Vorbereitung gleich zwei Schiffe in See - mit Kurs auf die Mayainsel.	维京人为谁有权寻找这些宝藏争执不下，谈不拢后经过长期准备，两艘船同时出海——驶向玛雅岛。
data_m__data_m__c1_txt__c1_fhll__text_800062.txt	56	Doch ein Sturm kam auf, und beide Schiffe erlitten an der Küste der Mayainsel Schiffbruch.	Doch ein Sturm kam auf, und beide Schiffe erlitten an der Küste der Mayainsel Schiffbruch.	但一场暴风雨袭来，两艘船都在玛雅岛海岸失事。
data_m__data_m__c1_txt__c1_fhll__text_800062.txt	70	ZIELE:	ZIELE:	目标：
data_m__data_m__c1_txt__c1_fhll__text_800062.txt	76	Finde die alten Schätze der Mayas. 	Finde die alten Schätze der Mayas.	寻找玛雅的古老宝藏。
data_m__data_m__c1_txt__c1_fhll__text_800062.txt	80	Sie werden dir bei deiner eigentlichen Aufgabe sehr nützlich sein: der Vernichtung der anderen Wikinger 	Sie werden dir bei deiner eigentlichen Aufgabe sehr nützlich sein: der Vernichtung der anderen Wikinger	它们对你真正的任务大有帮助：消灭其他维京人
data_m__data_m__c1_txt__c1_fhll__text_800071.txt	36	GETEILTES__LAND	GETEILTES__LAND	分裂的土地
data_m__data_m__c1_txt__c1_fhll__text_800071.txt	44	Es kam, wie es kommen musste: nach gemeinsam überstandenen Abenteuern schlich sich die Trägheit bei den Wikingern ein. Und mit ihr die Unzufriedenheit. 	Es kam, wie es kommen musste: nach gemeinsam überstandenen Abenteuern schlich sich die Trägheit bei den Wikingern ein. Und mit ihr die Unzufriedenheit.	该来的终于来了：共同冒险之后，维京人变得懒散了。随之而来的是不满。
data_m__data_m__c1_txt__c1_fhll__text_800071.txt	50	Ein aufkommender Streit unter zwei Wikingerhäuptlingen war da eine willkommene Abwechslung, führte aber letztlich zur Spaltung des Stammes in zwei Lager.	Ein aufkommender Streit unter zwei Wikingerhäuptlingen war da eine willkommene Abwechslung, führte aber letztlich zur Spaltung des Stammes in zwei Lager.	两个维京酋长之间的争执倒是个不错的消遣，但最终导致部落一分为二。
data_m__data_m__c1_txt__c1_fhll__text_800071.txt	56	Man teilte also alle Güter und Vorräte auf und trennte sich. Während der eine Teil der Wikinger im Nordosten des Landes blieb, zog der Andere gen Südwesten und gründete dort eine eigene Siedlung.	Man teilte also alle Güter und Vorräte auf und trennte sich. Während der eine Teil der Wikinger im Nordosten des Landes blieb, zog der Andere gen Südwesten und gründete dort eine eigene Siedlung.	于是瓜分了所有物资后各走各路。一部分维京人留在东北，另一部分向西南迁移建立新聚落。
data_m__data_m__c1_txt__c1_fhll__text_800071.txt	70	ZIELE:	ZIELE:	目标：
data_m__data_m__c1_txt__c1_fhll__text_800071.txt	76	Vertreibe die streitsüchtigen Gegner!	Vertreibe die streitsüchtigen Gegner!	赶走那些好斗的对手！
data_m__data_m__c1_txt__c1_fhll__text_800072.txt	32	Mission erfüllt!	Mission erfüllt!	任务完成！
data_m__data_m__c1_txt__c1_fhll__text_800072.txt	42	Du hast dein Volk weise geleitet und es zu wahrer Größe geführt!	Du hast dein Volk weise geleitet und es zu wahrer Größe geführt!	你英明地引导了你的人民走向伟大！
data_m__data_m__c1_txt__c1_fhll__text_800072.txt	48	Du hast dafür viel Anerkennung verdient. Herzlichen Glückwunsch zu deinem Erfolg!	Du hast dafür viel Anerkennung verdient. Herzlichen Glückwunsch zu deinem Erfolg!	你值得为此获得极大的认可。恭喜成功！
data_m__data_m__c1_txt__c1_fhll__text_800081.txt	36	DER__DRACHENSEE	DER__DRACHENSEE	龙之湖
data_m__data_m__c1_txt__c1_fhll__text_800081.txt	44	Tief im Landesinnern auf einer riesigen Waldlichtung befindet sich eine alte Kultstätte der Indianer. Dort in der Mitte eines Sees steht ein riesiger, steinerner Drache, der, wie die Indianer glauben, ein Tor zur Welt der Ahnen bewacht. 	Tief im Landesinnern auf einer riesigen Waldlichtung befindet sich eine alte Kultstätte der Indianer. Dort in der Mitte eines Sees steht ein riesiger, steinerner Drache, der, wie die Indianer glauben, ein Tor zur Welt der Ahnen bewacht.	内陆深处一片巨大的林间空地上有一处古老的印第安人祭坛。湖中央矗立着一条巨大的石龙，印第安人相信它守护着通往祖灵世界的大门。
data_m__data_m__c1_txt__c1_fhll__text_800081.txt	50	Auch große Schätze als Opfergaben sollen sich dort befinden. Diese seien jedoch gut bewacht. Wer diesen Teil des Landes kontrolliert, hat die Macht der Ahnen und damit den Respekt der Indianer im Rücken.	Auch große Schätze als Opfergaben sollen sich dort befinden. Diese seien jedoch gut bewacht. Wer diesen Teil des Landes kontrolliert, hat die Macht der Ahnen und damit den Respekt der Indianer im Rücken.	据说那里还有大量作为祭品的宝藏，但守卫森严。控制这片土地的人，就拥有祖灵之力，背后还有印第安人的尊敬。
data_m__data_m__c1_txt__c1_fhll__text_800081.txt	64	ZIELE:	ZIELE:	目标：
data_m__data_m__c1_txt__c1_fhll__text_800081.txt	70	Besiege alle deine Gegner, egal ob Wikinger oder Indianer. Schließlich geht es um deine Macht und deinen Reichtum...	Besiege alle deine Gegner, egal ob Wikinger oder Indianer. Schließlich geht es um deine Macht und deinen Reichtum...	击败所有对手，无论维京人还是印第安人。毕竟这关系到你的权力和财富...
data_m__data_m__c1_txt__c1_fhll__text_800082.txt	32	Mission erfüllt!	Mission erfüllt!	任务完成！
data_m__data_m__c1_txt__c1_fhll__text_800082.txt	42	Du hast Dein Können unter Beweis gestellt und alle deine Gegner zerstreut. Der legendäre Drachensee gehört nun dir und deinem Stamm ganz allein!	Du hast Dein Können unter Beweis gestellt und alle deine Gegner zerstreut. Der legendäre Drachensee gehört nun dir und deinem Stamm ganz allein!	你证明了自己的实力，击溃了所有对手。传说中的龙湖现在只属于你和你的部落！
data_m__data_m__c1_txt__c1_fhll__text_800091.txt	36	DIE__FESTUNG	DIE__FESTUNG	要塞
data_m__data_m__c1_txt__c1_fhll__text_800091.txt	44	Die feindliche Festung ist gefallen... nun liegt es an euch, die letzten Trümmer zu verteidigen.	Die feindliche Festung ist gefallen... nun liegt es an euch, die letzten Trümmer zu verteidigen.	敌方堡垒已陷落...现在轮到你们守卫这片残骸了。
data_m__data_m__c1_txt__c1_fhll__text_800091.txt	58	ZIELE:	ZIELE:	目标：
data_m__data_m__c1_txt__c1_fhll__text_800091.txt	64	Überlebe den Kampf!	Überlebe den Kampf!	在战斗中存活！
data_m__data_m__c1_txt__c1_fhll__text_800092.txt	32	Mission erfüllt!	Mission erfüllt!	任务完成！
data_m__data_m__c1_txt__c1_fhll__text_800092.txt	42	Ihr habt den Feind vertrieben und das, was von der Festung übrig geblieben ist, erfolgreich verteidigt!	Ihr habt den Feind vertrieben und das, was von der Festung übrig geblieben ist, erfolgreich verteidigt!	你们赶走了敌人，成功守住了堡垒的废墟！
data_m__data_m__c1_txt__c1_fhll__text_800101.txt	36	DIE__EISSTÄMME	DIE__EISSTÄMME	冰之部落
data_m__data_m__c1_txt__c1_fhll__text_800101.txt	44	Zwei Inseln, zwei Wikingerstämme,... 	Zwei Inseln, zwei Wikingerstämme,...	两座岛屿，两个维京部落...
data_m__data_m__c1_txt__c1_fhll__text_800101.txt	50	Wer produziert als erstes die geforderten Waren?	Wer produziert als erstes die geforderten Waren?	谁能最先产出指定货物？
data_m__data_m__c1_txt__c1_fhll__text_800101.txt	64	ZIELE:	ZIELE:	目标：
data_m__data_m__c1_txt__c1_fhll__text_800101.txt	70	Produziere: 20 Gold und 20 Speere	Produziere: 20 Gold und 20 Speere	产出：20金和20长矛
data_m__data_m__c1_txt__c1_fhll__text_800102.txt	34	Mission erfüllt!	Mission erfüllt!	任务完成！
data_m__data_m__c1_txt__c1_fhll__text_800102.txt	44	Hervorragend! Du hast es tatsächlich geschafft, als Erster die Waren zu produzieren.	Hervorragend! Du hast es tatsächlich geschafft, als Erster die Waren zu produzieren.	太棒了！你真的最先产出了指定货物。
data_m__data_m__c1_txt__c1_fhll__text_800111.txt	36	DIE__DREI__INSELN 	DIE__DREI__INSELN	三座岛屿
data_m__data_m__c1_txt__c1_fhll__text_800111.txt	44	Drei Inseln voller Rohstoffe, die nur darauf warten, abgebaut zu werden. Und üppiges Land, das nur darauf wartet besiedelt zu werden.	Drei Inseln voller Rohstoffe, die nur darauf warten, abgebaut zu werden. Und üppiges Land, das nur darauf wartet besiedelt zu werden.	三座充满原料的岛屿等待开采，肥沃的土地等待殖民。
data_m__data_m__c1_txt__c1_fhll__text_800111.txt	58	ZIELE:	ZIELE:	目标：
data_m__data_m__c1_txt__c1_fhll__text_800111.txt	64	Erreiche eine Bevölkerung von 100 Wikingern	Erreiche eine Bevölkerung von 100 Wikingern	达到100维京人人口
data_m__data_m__c1_txt__c1_fhll__text_800112.txt	34	Mission erfüllt!	Mission erfüllt!	任务完成！
data_m__data_m__c1_txt__c1_fhll__text_800112.txt	44	100 Wikinger stehen dir nun zur Seite. Du hast es geschafft!	100 Wikinger stehen dir nun zur Seite. Du hast es geschafft!	100维京人现在为你效命。你做到了！
data_m__data_m__c1_txt__c1_fhll__text_800121.txt	36	DIE__OASE	DIE__OASE	绿洲
data_m__data_m__c1_txt__c1_fhll__text_800121.txt	44	Wer produziert am schnellsten Bier?	Wer produziert am schnellsten Bier?	谁产啤酒最快？
data_m__data_m__c1_txt__c1_fhll__text_800121.txt	58	ZIELE:	ZIELE:	目标：
data_m__data_m__c1_txt__c1_fhll__text_800121.txt	64	Produziere 60 Bier	Produziere 60 Bier	产出60啤酒
data_m__data_m__c1_txt__c1_fhll__text_800122.txt	34	Mission erfüllt!	Mission erfüllt!	任务完成！
data_m__data_m__c1_txt__c1_fhll__text_800122.txt	44	Unter extremen Platzmangel ist es dir gelungen, 60 Biere zu produzieren.	Unter extremen Platzmangel ist es dir gelungen, 60 Biere zu produzieren.	在极度狭小的空间里，你成功产出了60桶啤酒。
data_m__data_m__c1_txt__c1_fhll__text_800122.txt	46	Hochachtung vor einer solch Meisterleistung!	Hochachtung vor einer solch Meisterleistung!	对如此杰作深表敬意！
data_m__data_m__c1_txt__c1_fhll__text_800131.txt	36	DAS__EISLABYRINTH	DAS__EISLABYRINTH	冰雪迷宫
data_m__data_m__c1_txt__c1_fhll__text_800131.txt	44	Eine kalte unfreundliche Gegend. 	Eine kalte unfreundliche Gegend.	一片寒冷而荒凉的地方。
data_m__data_m__c1_txt__c1_fhll__text_800131.txt	50	Wem gelingt es hier zuerst, eine große Siedlung aufzubauen?	Wem gelingt es hier zuerst, eine große Siedlung aufzubauen?	谁能在这种地方最先建起大型聚落？
data_m__data_m__c1_txt__c1_fhll__text_800131.txt	64	ZIELE:	ZIELE:	目标：
data_m__data_m__c1_txt__c1_fhll__text_800131.txt	70	Bringe deine Bevölkerung auf 100 Wikinger	Bringe deine Bevölkerung auf 100 Wikinger	将人口提升到100维京人
data_m__data_m__c1_txt__c1_fhll__text_800132.txt	34	Mission erfüllt!	Mission erfüllt!	任务完成！
data_m__data_m__c1_txt__c1_fhll__text_800132.txt	44	Du hast es geschafft, dich unter diesen extremen Bedingungen zu behaupten. Gratulation!	Du hast es geschafft, dich unter diesen extremen Bedingungen zu behaupten. Gratulation!	你在如此极端的条件下站稳了脚跟。恭喜！
data_m__data_m__c1_txt__c1_fhll__text_800141.txt	36	Die__UFER	Die__UFER	河岸
data_m__data_m__c1_txt__c1_fhll__text_800141.txt	44	Produziere die gewünschten Waren.	Produziere die gewünschten Waren.	产出指定货物。
data_m__data_m__c1_txt__c1_fhll__text_800141.txt	58	ZIELE:	ZIELE:	目标：
data_m__data_m__c1_txt__c1_fhll__text_800141.txt	64	Produziere 100 Nahrung und 30 Möbel	Produziere 100 Nahrung und 30 Möbel	产出100食物和30家具
data_m__data_m__c1_txt__c1_fhll__text_800142.txt	34	Mission erfüllt!	Mission erfüllt!	任务完成！
data_m__data_m__c1_txt__c1_fhll__text_800142.txt	44	Du hast es geschafft, als Erster die geforderten Waren zu produzieren!	Du hast es geschafft, als Erster die geforderten Waren zu produzieren!	你成功最先产出了指定货物！
data_m__data_m__c1_txt__c1_fhll__text_800151.txt	36	DER__WALD	DER__WALD	森林
data_m__data_m__c1_txt__c1_fhll__text_800151.txt	44	In den tiefen Wäldern des Nordlandes haben sich zwei verfeindete Wikingerstämme niedergelassen.	In den tiefen Wäldern des Nordlandes haben sich zwei verfeindete Wikingerstämme niedergelassen.	北方密林中，两个敌对维京部落定居了下来。
data_m__data_m__c1_txt__c1_fhll__text_800151.txt	50	Um ihren schon ewig währenden Streit ein für alle mal zu begraben, haben sie sich einen Wettstreik ausgedacht. Wer als erstes die gewünschten Rohstoffe abbaut, hat gewonnen. Und der Verlierer muss den Wald verlassen...	Um ihren schon ewig währenden Streit ein für alle mal zu begraben, haben sie sich einen Wettstreik ausgedacht. Wer als erstes die gewünschten Rohstoffe abbaut, hat gewonnen. Und der Verlierer muss den Wald verlassen...	为了彻底了结长久以来的争端，他们搞了一场比赛。谁先采到指定原料就赢了。输的人必须离开森林...
data_m__data_m__c1_txt__c1_fhll__text_800151.txt	64	ZIELE:	ZIELE:	目标：
data_m__data_m__c1_txt__c1_fhll__text_800151.txt	70	Produziere 50 Bier und 30 Speere	Produziere 50 Bier und 30 Speere	产出50啤酒和30长矛
data_m__data_m__c1_txt__c1_fhll__text_800152.txt	34	Mission erfüllt!	Mission erfüllt!	任务完成！
data_m__data_m__c1_txt__c1_fhll__text_800152.txt	44	Du hast es geschafft, unter diesen extremen Bedingungen die geforderten Rohstoffe abzubauen. Gratulation!	Du hast es geschafft, unter diesen extremen Bedingungen die geforderten Rohstoffe abzubauen. Gratulation!	你在如此极端的条件下成功采到了指定原料。恭喜！
data_m__data_m__c1_txt__c1_fhll__text_800161.txt	30	Mission erfüllt!	Mission erfüllt!	任务完成！
data_m__data_m__c1_txt__c1_fhll__text_800161.txt	40	Der Sieg ist dein!	Der Sieg ist dein!	胜利属于你！
data_m__data_m__c1_txt__c1_fhll__text_800161.txt	44	Du hast dein Können unter Beweis gestellt! Herzlichen Glückwunsch zu deinem glorreichen Erfolg!	Du hast dein Können unter Beweis gestellt! Herzlichen Glückwunsch zu deinem glorreichen Erfolg!	你证明了自己的实力！恭喜取得辉煌成就！
data_m__data_m__c1_txt__c1_fhll__text_800162.txt	36	DAS__ERBE__DER__MAYAS	DAS__ERBE__DER__MAYAS	玛雅遗产
data_m__data_m__c1_txt__c1_fhll__text_800162.txt	44	Das Erbe der Mayas wartet darauf, entdeckt zu werden. Besiedle das Land und erreiche als erstes eine Bevölkerung von 100 Bewohnern.	Das Erbe der Mayas wartet darauf, entdeckt zu werden. Besiedle das Land und erreiche als erstes eine Bevölkerung von 100 Bewohnern.	玛雅的遗产等待着被发现。殖民此地，率先达到100人口。
data_m__data_m__c1_txt__c1_fhll__text_800162.txt	58	ZIELE:	ZIELE:	目标：
data_m__data_m__c1_txt__c1_fhll__text_800162.txt	64	Erreiche eine Bevölkerungszahl von 100	Erreiche eine Bevölkerungszahl von 100	达到100人口
data_m__data_m__c1_txt__c1_fhll__text_800171.txt	36	GETEILTES__LAND	GETEILTES__LAND	分裂的土地
data_m__data_m__c1_txt__c1_fhll__text_800171.txt	44	Geteiltes Land, unüberwindliche Grenzen. Baue deine Siedlung aus und erreiche als Erster eine Bevölkerung von 100 Bewohnern.	Geteiltes Land, unüberwindliche Grenzen. Baue deine Siedlung aus und erreiche als Erster eine Bevölkerung von 100 Bewohnern.	分裂的土地，无法逾越的边界。扩建聚落，率先达到100人口。
data_m__data_m__c1_txt__c1_fhll__text_800171.txt	58	ZIELE:	ZIELE:	目标：
data_m__data_m__c1_txt__c1_fhll__text_800171.txt	64	Erreiche als Erster eine Bevölkerungszahl von 110	Erreiche als Erster eine Bevölkerungszahl von 110	率先达到110人口
data_m__data_m__c1_txt__c1_fhll__text_800172.txt	32	Mission erfüllt!	Mission erfüllt!	任务完成！
data_m__data_m__c1_txt__c1_fhll__text_800172.txt	42	Du hast dein Können unter Beweis gestellt. Herzlichen Glückwunsch zu deinem Sieg!	Du hast dein Können unter Beweis gestellt. Herzlichen Glückwunsch zu deinem Sieg!	你证明了自己的实力。恭喜获胜！
data_m__data_m__c1_txt__c1_fhll__text_800181.txt	36	DER__DRACHENSEE	DER__DRACHENSEE	龙之湖
data_m__data_m__c1_txt__c1_fhll__text_800181.txt	44	Produziere als Erster die gewünschten Waren.	Produziere als Erster die gewünschten Waren.	最先产出指定货物。
data_m__data_m__c1_txt__c1_fhll__text_800181.txt	58	ZIELE:	ZIELE:	目标：
data_m__data_m__c1_txt__c1_fhll__text_800181.txt	64	Produziere 60 Bier, 30 Speere, 30 Schuhe 	Produziere 60 Bier, 30 Speere, 30 Schuhe	产出60啤酒、30长矛、30鞋子
data_m__data_m__c1_txt__c1_fhll__text_800182.txt	32	Mission erfüllt!	Mission erfüllt!	任务完成！
data_m__data_m__c1_txt__c1_fhll__text_800182.txt	42	Gratulation, du hast es als Erster geschafft, die gewünschten Waren in deine Lager zu bringen!	Gratulation, du hast es als Erster geschafft, die gewünschten Waren in deine Lager zu bringen!	恭喜，你最先将指定货物送入仓库！
data_m__data_m__c1_txt__c1_fhll__text_941001.txt	32	DIE__GROSSE__JAGD 	DIE__GROSSE__JAGD	大狩猎
data_m__data_m__c1_txt__c1_fhll__text_941001.txt	40	Deine Wikinger haben in einem fruchtbaren Tal ein neues Lager aufgeschlagen.	Deine Wikinger haben in einem fruchtbaren Tal ein neues Lager aufgeschlagen.	你的维京人在一个肥沃的山谷建起了新营地。
data_m__data_m__c1_txt__c1_fhll__text_941001.txt	46	Deine Kundschafter haben bereits die nähere Umgebung untersucht und berichten von einer riesigen Büffelherde im Norden. Dies ist eine hervorragende Möglichkeit, deine Ledervorräte aufzustocken. 	Deine Kundschafter haben bereits die nähere Umgebung untersucht und berichten von einer riesigen Büffelherde im Norden. Dies ist eine hervorragende Möglichkeit, deine Ledervorräte aufzustocken.	侦察兵已勘探了周边，报告北方有一大群野牛。这是补充皮革储备的绝佳机会。
data_m__data_m__c1_txt__c1_fhll__text_941001.txt	52	Doch gib acht, da die Kundschafter auch viele Spuren von feindlichen Indianern gefunden haben, die ebenfalls in der Prärie auf die Jagd gehen.	Doch gib acht, da die Kundschafter auch viele Spuren von feindlichen Indianern gefunden haben, die ebenfalls in der Prärie auf die Jagd gehen.	但要注意，侦察兵也发现了大量敌对印第安人的踪迹，他们同样在草原上狩猎。
data_m__data_m__c1_txt__c1_fhll__text_941001.txt	58	Die Kundschafter berichten außerdem von einem Vorposten eines Mayavolkes, der sich im Wald westlich deines Hauptquartiers aufhält. Es scheint so, als wollten diese heimtückischen Krieger deinen Wikingern auflauern. 	Die Kundschafter berichten außerdem von einem Vorposten eines Mayavolkes, der sich im Wald westlich deines Hauptquartiers aufhält. Es scheint so, als wollten diese heimtückischen Krieger deinen Wikingern auflauern.	侦察兵还报告你总部西侧森林有一支玛雅人前哨。这些阴险的战士似乎想伏击你的维京人。
data_m__data_m__c1_txt__c1_fhll__text_941001.txt	64	Finde das Hauptlager der Mayas und vertreibe sie von diesem Gebiet!	Finde das Hauptlager der Mayas und vertreibe sie von diesem Gebiet!	找到玛雅人的主营地将他们赶出此地！
data_m__data_m__c1_txt__c1_fhll__text_941001.txt	70	Baue eine wehrhafte Wikinger-Siedlung auf, erwirtschafte die nötigen Güter und verteidige dich gegen die konkurrierenden Stämme. 	Baue eine wehrhafte Wikinger-Siedlung auf, erwirtschafte die nötigen Güter und verteidige dich gegen die konkurrierenden Stämme.	建立一座坚固的维京聚落，产出必要物资，抵御竞争部落的进攻。
data_m__data_m__c1_txt__c1_fhll__text_941001.txt	84	ZIELE:	ZIELE:	目标：
data_m__data_m__c1_txt__c1_fhll__text_941001.txt	90	Erwirtschafte 100 Einheiten Leder und besiege die Mayas	Erwirtschafte 100 Einheiten Leder und besiege die Mayas	产出100单位皮革并击败玛雅人
data_m__data_m__c1_txt__c1_fhll__text_941002.txt	32	Mission erfolgreich!	Mission erfolgreich!	任务成功！
data_m__data_m__c1_txt__c1_fhll__text_941002.txt	40	Du hast ausreichend Leder erwirtschaftet und hast gegen die feindlichen Stämme bestehen können!	Du hast ausreichend Leder erwirtschaftet und hast gegen die feindlichen Stämme bestehen können!	你已产出足够的皮革，成功抵御了敌对部落！
data_m__data_m__c1_txt__c1_fhll__text_941002.txt	46	Die Götter sind mehr als zufrieden mit deinen Leistungen und deinem Volk wird es in Zukunft gut gehen!	Die Götter sind mehr als zufrieden mit deinen Leistungen und deinem Volk wird es in Zukunft gut gehen!	诸神对你的表现非常满意，你的人民未来一定会繁荣昌盛！
data_m__data_m__c1_txt__c1_fhll__text_941003.txt	32	Ein prächtig geschmückter Häuptling begrüßt dich - es ist Häuptling Vriac Bärentatze.	Ein prächtig geschmückter Häuptling begrüßt dich - es ist Häuptling Vriac Bärentatze.	一位装饰华丽的酋长迎接你——是Vriac Bärentatze酋长。
data_m__data_m__c1_txt__c1_fhll__text_941003.txt	38	"Seid gegrüßt, bärtige Fremde! Ich hoffe, euch führen nur gute Absichten in unser Lager. Wenn ihr es wünscht, können wir mit euch Tauschhandel betreiben. 	Seid gegrüßt, bärtige Fremde! Ich hoffe, euch führen nur gute Absichten in unser Lager. Wenn ihr es wünscht, können wir mit euch Tauschhandel betreiben."	大胡子外乡人好！希望你们来此并无恶意。如果愿意，我们可以和你们交易。
data_m__data_m__c1_txt__c1_fhll__text_941003.txt	44	Nehmt euch bitte auch vor den Gefahren in der Prärie in acht. Dort leben zwei feindliche Indianer-Stämme! Wenn ihr euch nicht alleine gegen die anderen Indianer behaupten könnt, würden wir euch auch zur Unterstützung einige Krieger als Söldner zu Verfügung stellen. Der Preis für diese Hilfe wird angemessen sein!	Nehmt euch bitte auch vor den Gefahren in der Prärie in acht. Dort leben zwei feindliche Indianer-Stämme! Wenn ihr euch nicht alleine gegen die anderen Indianer behaupten könnt, würden wir euch auch zur Unterstützung einige Krieger als Söldner zu Verfügung stellen. Der Preis für diese Hilfe wird angemessen sein!	也要小心草原上的危险。那里有两个敌对的印第安部落！如果单靠自己对付不了，我们可以提供一些佣兵支援。费用合理！
data_m__data_m__c1_txt__c1_fhll__text_941003.txt	50	"Wir wünschen euch noch viel Glück bei eurer Mission!"""	"Wir wünschen euch noch viel Glück bei eurer Mission!"""	"祝你们任务顺利！"""
data_m__data_m__c1_txt__c1_fhll__text_941004.txt	32	Deine Wikinger entdecken einen Spähtrupp der Mayas:	Deine Wikinger entdecken einen Spähtrupp der Mayas:	你的维京人发现一支玛雅侦察队：
data_m__data_m__c1_txt__c1_fhll__text_941004.txt	38	Der kleine Trupp Soldaten und Fährtenleser hat deinen Wikingern einen heimtückischen Hinterhalt gelegt! Diese fremden Krieger kennen anscheinend keine Ehre und keine Gnade! 	Der kleine Trupp Soldaten und Fährtenleser hat deinen Wikingern einen heimtückischen Hinterhalt gelegt! Diese fremden Krieger kennen anscheinend keine Ehre und keine Gnade!	这支小队士兵和追踪者对你的维京人设了卑鄙的伏击！这些外来战士似乎不知荣誉和怜悯！
data_m__data_m__c1_txt__c1_fhll__text_941004.txt	44	Schlage den Angriff zurück und besiege alle Maya-Einheiten im Süd-Westen!	Schlage den Angriff zurück und besiege alle Maya-Einheiten im Süd-Westen!	击退攻击并击败西南方所有玛雅部队！
data_m__data_m__c1_txt__c1_fhll__text_941005.txt	32	Ein grimmiger Indianer-Häuptling begrüßt dich - es ist Runaar:	Ein grimmiger Indianer-Häuptling begrüßt dich - es ist Runaar:	一位凶狠的印第安酋长迎接你——是Runaar：
data_m__data_m__c1_txt__c1_fhll__text_941005.txt	38	Halt, Fremde, Wilddiebe sind hier nicht gerne gesehen! Wir sind mächtige Krieger vom Stamm der Schatten-Krähen! Verlasst sofort unsere Jagdgründe und kehrt nie wieder zurück, sonst werden wir euch mit aller Härte bestrafen!	Halt, Fremde, Wilddiebe sind hier nicht gerne gesehen! Wir sind mächtige Krieger vom Stamm der Schatten-Krähen! Verlasst sofort unsere Jagdgründe und kehrt nie wieder zurück, sonst werden wir euch mit aller Härte bestrafen!	"站住，外乡人，偷猎者在这里不受欢迎！我们是影鸦族的强大战士！立刻离开我们的猎场，永远别回来，否则严惩不贷！"""
data_m__data_m__c1_txt__c1_fhll__text_941006.txt	32	Ein starker, großer Häuptling begrüßt dich - es ist Häuptling Piogo:	Ein starker, großer Häuptling begrüßt dich - es ist Häuptling Piogo:	一位强壮高大的酋长迎接你——是Piogo酋长：
data_m__data_m__c1_txt__c1_fhll__text_941006.txt	38	Uff, ihr seid hier nicht willkommen Fremde, diese Büffel dürfen nur von unserem Volk gejagt werden. Verlasst sofort unsere Jagdgründe, sonst werden wir euch angreifen!	Uff, ihr seid hier nicht willkommen Fremde, diese Büffel dürfen nur von unserem Volk gejagt werden. Verlasst sofort unsere Jagdgründe, sonst werden wir euch angreifen!	"Uff，不受欢迎的外乡人，这些野牛只有我们族可以猎。立刻离开我们的猎场，否则我们就攻击！"""
data_m__data_m__c1_txt__c1_fhll__text_941007.txt	32	Eine riesige Büffelherde!	Eine riesige Büffelherde!	庞大的野牛群！
data_m__data_m__c1_txt__c1_fhll__text_941007.txt	38	Hier in den Weiten der Prärie könnt ihr auf die Büffeljagd gehen und euch mit Fleisch und Leder versorgen.	Hier in den Weiten der Prärie könnt ihr auf die Büffeljagd gehen und euch mit Fleisch und Leder versorgen.	在这片广阔的草原上，你们可以猎牛获取肉和皮革。
data_m__data_m__c1_txt__c1_fhll__text_941007.txt	44	Doch wo so viele Büffel sind, sind Konkurrenten um die Herde meist nicht weit. Nehmt euch also in acht!	Doch wo so viele Büffel sind, sind Konkurrenten um die Herde meist nicht weit. Nehmt euch also in acht!	但有这么多野牛的地方，竞争者通常也不远。多加小心！
data_m__data_m__c1_txt__c1_fhll__text_941008.txt	32	Die Tzishimine Mayas	Die Tzishimine Mayas	齐希米内玛雅人
data_m__data_m__c1_txt__c1_fhll__text_941008.txt	38	Das sind also die hinterhältigen Mayas. Ihr Priester Daropopetl scheint sie mit strenger Hand zu führen. 	Das sind also die hinterhältigen Mayas. Ihr Priester Daropopetl scheint sie mit strenger Hand zu führen.	这就是那些阴险的玛雅人。他们的祭司Daropopetl似乎以铁腕统治。
data_m__data_m__c1_txt__c1_fhll__text_941008.txt	44	Auch wenn sie versucht haben, deinen Wikingern im Wald aufzulauern, bist du ihnen zuvorgekommen und hast sie gefunden. Nun ist die Zeit für einen Angriff deiner Wikinger gekommen.	Auch wenn sie versucht haben, deinen Wikingern im Wald aufzulauern, bist du ihnen zuvorgekommen und hast sie gefunden. Nun ist die Zeit für einen Angriff deiner Wikinger gekommen.	虽然他们试图在森林中伏击你的维京人，但你们抢先一步发现了他们。现在是维京人进攻的时候了。
data_m__data_m__c1_txt__c1_fhll__text_941008.txt	50	Vernichte die feindlichen Mayas!	Vernichte die feindlichen Mayas!	消灭这些敌对的玛雅人！
data_m__data_m__c1_txt__c1_fhll__text_950001.txt	32	GESTRANDET	GESTRANDET	搁浅
data_m__data_m__c1_txt__c1_fhll__text_950001.txt	40	Ein harter Wintersturm hat das Küstengebiet überrollt. Deine Wikinger konnten sich jedoch auf einer kargen Insel in Sicherheit bringen. 	Ein harter Wintersturm hat das Küstengebiet überrollt. Deine Wikinger konnten sich jedoch auf einer kargen Insel in Sicherheit bringen.	一场猛烈的冬季风暴席卷了海岸。你的维京人幸运地在一座荒岛上找到了庇护。
data_m__data_m__c1_txt__c1_fhll__text_950001.txt	46	Da eines der Schiffe beim Landen an den Klippen beschädigt worden ist, seid ihr gezwungen, hier die Vorräte aufzufüllen und das Schiff zu reparieren. 	Da eines der Schiffe beim Landen an den Klippen beschädigt worden ist, seid ihr gezwungen, hier die Vorräte aufzufüllen und das Schiff zu reparieren.	由于一艘船在靠岸时撞上悬崖受损，你们被迫在这里补充物资并修船。
data_m__data_m__c1_txt__c1_fhll__text_950001.txt	52	Baue eine funktionierende Wikinger-Siedlung auf und erwirtschafte die nötigen Güter. Falls du nicht alle Güter in der Umgebung finden kannst, nimm Kontakt mit einheimischen Völkern auf, um fehlende Güter zu erhandeln. Lagere die Güter in deinem Schiffs-Haupthaus ein.	Baue eine funktionierende Wikinger-Siedlung auf und erwirtschafte die nötigen Güter. Falls du nicht alle Güter in der Umgebung finden kannst, nimm Kontakt mit einheimischen Völkern auf, um fehlende Güter zu erhandeln. Lagere die Güter in deinem Schiffs-Haupthaus ein.	建立一座运转良好的维京聚落，产出必要物资。如果周边找不到所有物资，与当地民族建立联系，交易缺失的物资。将物资存入你的船屋。
data_m__data_m__c1_txt__c1_fhll__text_950001.txt	66	ZIELE:	ZIELE:	目标：
data_m__data_m__c1_txt__c1_fhll__text_950001.txt	72	Erwirtschafte 120 Einheiten Nahrung	Erwirtschafte 120 Einheiten Nahrung	产出120单位食物
data_m__data_m__c1_txt__c1_fhll__text_950001.txt	76	Erwirtschafte 80 Einheiten Holz	Erwirtschafte 80 Einheiten Holz	产出80单位木材
data_m__data_m__c1_txt__c1_fhll__text_950001.txt	80	Erwirtschafte 40 Einheiten Holzwerkzeuge	Erwirtschafte 40 Einheiten Holzwerkzeuge	产出40单位木工工具
data_m__data_m__c1_txt__c1_fhll__text_950002.txt	32	Mission erfolgreich!	Mission erfolgreich!	任务成功！
data_m__data_m__c1_txt__c1_fhll__text_950002.txt	40	Du hast erfolgreich alle nötigen Güter zusammengetragen. Nun können deine Wikinger ihr Schiff reparieren und mit ausreichend Vorräten ihre Reise fortsetzen.	Du hast erfolgreich alle nötigen Güter zusammengetragen. Nun können deine Wikinger ihr Schiff reparieren und mit ausreichend Vorräten ihre Reise fortsetzen.	你成功收集了所有必需物资。现在维京人可以修好船，带足补给继续旅途。
data_m__data_m__c1_txt__c1_fhll__text_950003.txt	32	Hinter einer großen Schneewehe tritt eine Gruppe von Eskimos hervor. Ihr Anführer wendet sich mit starker Stimme an dich:	Hinter einer großen Schneewehe tritt eine Gruppe von Eskimos hervor. Ihr Anführer wendet sich mit starker Stimme an dich:	在一大雪堆后出现了一群爱斯基摩人。他们的领袖用有力的声音对你说：
data_m__data_m__c1_txt__c1_fhll__text_950003.txt	34	"Seid gegrüßt Fremde, mein Name ist Oiano Legaswind. Seid willkommen auf unserem Land. 	Seid gegrüßt Fremde, mein Name ist Oiano Legaswind. Seid willkommen auf unserem Land."	外乡人好，我叫Oiano Legaswind。欢迎来到我们的土地。
data_m__data_m__c1_txt__c1_fhll__text_950003.txt	40	Es herrscht momentan ein strenger Winter, deshalb ist sogar die Meerenge in Richtung Festland überfroren. Wir haben gesehen, dass ihr ein Problem mit eurem Schiff habt, deswegen könnt ihr hier siedeln, bis die Weiterfahrt möglich ist. Wenn ihr Interesse habt, können wir auch gegenseitig Güter tauschen. 	Es herrscht momentan ein strenger Winter, deshalb ist sogar die Meerenge in Richtung Festland überfroren. Wir haben gesehen, dass ihr ein Problem mit eurem Schiff habt, deswegen könnt ihr hier siedeln, bis die Weiterfahrt möglich ist. Wenn ihr Interesse habt, können wir auch gegenseitig Güter tauschen.	现在正值严冬，连通往大陆的海峡都结冰了。我们看到你们的船有问题，所以可以在这里暂住，等能继续航行再走。如果有兴趣，我们也可以互相交易物资。
data_m__data_m__c1_txt__c1_fhll__text_950003.txt	46	Ab und zu handeln wir auch mit einem Indianer-Stamm vom Festland. Sie sind ein wenig mürrisch aber sie bieten seltene Erze und Metalle an! 	Ab und zu handeln wir auch mit einem Indianer-Stamm vom Festland. Sie sind ein wenig mürrisch aber sie bieten seltene Erze und Metalle an!	我们偶尔也和大陆上的一个印第安部落交易。他们有点脾气不好，但提供稀有矿石和金属！
data_m__data_m__c1_txt__c1_fhll__text_950003.txt	52	Nun lasst uns in unser Haupthaus einkehren und die Zusammenarbeit feiern. 	Nun lasst uns in unser Haupthaus einkehren und die Zusammenarbeit feiern.	现在让我们进主屋坐坐，庆祝合作。
data_m__data_m__c1_txt__c1_fhll__text_950003.txt	56	"Viel Erfolg bei eurer Mission und auf gute Handelsbeziehungen."""	"Viel Erfolg bei eurer Mission und auf gute Handelsbeziehungen."""	"祝你们任务顺利，希望贸易往来良好。"""
data_m__data_m__c1_txt__c1_fhll__text_950004.txt	32	Nachdem ihr den Fluß überquert hast, siehst du den Schein der Lagerfeuer hinter den Hügeln hervorleuchten. Der Zugang zur Siedlung wird von zwei beeindruckenden Wachtürmen flankiert. Ein mit prächtigen Federn geschmückter Häuptling nähert sich dir begleitet von einer Schar Krieger:	Nachdem ihr den Fluß überquert hast, siehst du den Schein der Lagerfeuer hinter den Hügeln hervorleuchten. Der Zugang zur Siedlung wird von zwei beeindruckenden Wachtürmen flankiert. Ein mit prächtigen Federn geschmückter Häuptling nähert sich dir begleitet von einer Schar Krieger:	过河后，你看到篝火的光芒从山丘后透出。聚落入口两侧矗立着两座威武的瞭望塔。一位装饰着华丽羽毛的酋长在一群战士簇拥下走向你：
data_m__data_m__c1_txt__c1_fhll__text_950004.txt	38	"Hugh, was sucht ihr hier Fremde! Mein Name ist Wel-Noc, ich bin der Häuptling dieses Volkes. 	Hugh, was sucht ihr hier Fremde! Mein Name ist Wel-Noc, ich bin der Häuptling dieses Volkes."	Hugh，你们来此做什么外乡人！我叫Wel-Noc，是这个部落的酋长。
data_m__data_m__c1_txt__c1_fhll__text_950004.txt	44	Wir mögen keine Fremden hier in unserem Gebiet! Wenn ihr jedoch in Frieden hierher kommt, solltet ihr uns eure Freundschaft beweisen, indem ihr uns 30 Einheiten Bier als Tribut zahlt. Dann werden wir überlegen, ob ihr es wert seid, mit uns Handel zu treiben.	Wir mögen keine Fremden hier in unserem Gebiet! Wenn ihr jedoch in Frieden hierher kommt, solltet ihr uns eure Freundschaft beweisen, indem ihr uns 30 Einheiten Bier als Tribut zahlt. Dann werden wir überlegen, ob ihr es wert seid, mit uns Handel zu treiben.	我们不喜欢外乡人进入我们的地盘！但如果你们是和平而来，就交30单位啤酒作为贡品以示诚意。然后我们会考虑是否值得与你们贸易。
data_m__data_m__c1_txt__c1_fhll__text_950004.txt	50	"Wagt es nicht, uns zu attackieren. Wir würden euch mit aller Härte vernichten!"""	"Wagt es nicht, uns zu attackieren. Wir würden euch mit aller Härte vernichten!"""	"别妄想攻击我们。我们会毫不留情地消灭你们！"""
data_m__data_m__c1_txt__c1_fhll__text_960001.txt	32	DIE__HANDELSMACHT	DIE__HANDELSMACHT	商业强国
data_m__data_m__c1_txt__c1_fhll__text_960001.txt	40	Dein Stamm Wikinger hat sein Lager auf einer windigen, aber fruchtbaren Hochebene aufgeschlagen.	Dein Stamm Wikinger hat sein Lager auf einer windigen, aber fruchtbaren Hochebene aufgeschlagen.	你的维京部落在风大但肥沃的高原上扎营。
data_m__data_m__c1_txt__c1_fhll__text_960001.txt	46	Von dieser Hochebene aus haben deine Wikinger einen guten Überblick über das darunter liegende Prärie- und Wiesen-Land. Am Horizont haben deine Kundschafter in westlicher, südlicher und östlicher Richtung mehrere Rauchsäulen von Lagerfeuern entdeckt. Es scheinen sich mehrere Indianerstämme im Flachland niedergelassen zu haben.	Von dieser Hochebene aus haben deine Wikinger einen guten Überblick über das darunter liegende Prärie- und Wiesen-Land. Am Horizont haben deine Kundschafter in westlicher, südlicher und östlicher Richtung mehrere Rauchsäulen von Lagerfeuern entdeckt. Es scheinen sich mehrere Indianerstämme im Flachland niedergelassen zu haben.	从这片高原上，你的维京人可以俯瞰下方的草原和牧场。侦察兵在西、南、东方向的地平线上发现了多处炊烟。似乎有几个印第安部落在平原上定居。
data_m__data_m__c1_txt__c1_fhll__text_960001.txt	52	Baue zunächst dein Lager zu einer großen, befestigten und funktionierenden Wikingersiedlung aus. Erforsche dann das umliegende Gebiet und nimm Kontakt zu den Indianer-Stämmen auf. Durch geschickte Diplomatie kannst du dein Volk zu einer Handelsmacht in dieser Region machen.	Baue zunächst dein Lager zu einer großen, befestigten und funktionierenden Wikingersiedlung aus. Erforsche dann das umliegende Gebiet und nimm Kontakt zu den Indianer-Stämmen auf. Durch geschickte Diplomatie kannst du dein Volk zu einer Handelsmacht in dieser Region machen.	先把营地扩建为一座大型、坚固且运转良好的维京聚落。然后探索周边地区，与印第安部落建立联系。通过巧妙的外交，你可以让你的人民成为这一地区的贸易强权。
data_m__data_m__c1_txt__c1_fhll__text_960001.txt	66	ZIELE:	ZIELE:	目标：
data_m__data_m__c1_txt__c1_fhll__text_960001.txt	72	Baue eine mächtige Wikinger-Siedlung mit mindestens 100 Wikingern auf!	Baue eine mächtige Wikinger-Siedlung mit mindestens 100 Wikingern auf!	建立一座强大的维京聚落，至少100名维京人！
data_m__data_m__c1_txt__c1_fhll__text_960001.txt	74	Festige deine Position durch geschickte Diplomatie und ertragreichen Handel.	Festige deine Position durch geschickte Diplomatie und ertragreichen Handel.	通过巧妙的外交和有利可图的贸易巩固你的地位。
data_m__data_m__c1_txt__c1_fhll__text_960002.txt	32	MISSION__ERFOLGREICH	MISSION__ERFOLGREICH	任务成功
data_m__data_m__c1_txt__c1_fhll__text_960002.txt	40	Du hast eine der mächtigsten und größten Wikinger-Festungen der bekannten Welt aufgebaut!	Du hast eine der mächtigsten und größten Wikinger-Festungen der bekannten Welt aufgebaut!	你建立了已知世界中最强大、最大的维京堡垒之一！
data_m__data_m__c1_txt__c1_fhll__text_960002.txt	46	Deine Wikinger und ihre Handlespartner profitieren von einem guten Handelssystem. Dem Reichtum deines Volkes wird sich so gut wie niemand mehr in den Wege stellen können. 	Deine Wikinger und ihre Handlespartner profitieren von einem guten Handelssystem. Dem Reichtum deines Volkes wird sich so gut wie niemand mehr in den Wege stellen können.	你的维京人和贸易伙伴从一个良好的贸易体系中受益。几乎没人能再阻挡你人民的财富增长了。
data_m__data_m__c1_txt__c1_fhll__text_960002.txt	52	Herzlichen Glückwunsch!	Herzlichen Glückwunsch!	衷心祝贺！
data_m__data_m__c1_txt__c1_fhll__text_960003.txt	32	Der Häuptling des Mondkrähen-Stamm tritt dir mit einer großen Truppe seiner Krieger entgegen!	Der Häuptling des Mondkrähen-Stamm tritt dir mit einer großen Truppe seiner Krieger entgegen!	月鸦族酋长带着一大群战士迎面而来！
data_m__data_m__c1_txt__c1_fhll__text_960003.txt	38	"Hugh, mein Name ist Nembo Schwarzkralle. Ihr wagt es, unsere Jagdgründe zu betreten, Fremde!?	Hugh, mein Name ist Nembo Schwarzkralle. Ihr wagt es, unsere Jagdgründe zu betreten, Fremde!?"	Hugh，我叫Nembo Schwarzkralle。你们敢闯入我们的猎场，外乡人！？
data_m__data_m__c1_txt__c1_fhll__text_960003.txt	48	"Niemand darf ohne unsere Erlaubnis diesen Boden betreten. Wenn ihr unbehelligt eures Weges ziehen wollt, solltet ihr uns schleunigst 20 Bögen als Tribut zukommen lassen!"""	"Niemand darf ohne unsere Erlaubnis diesen Boden betreten. Wenn ihr unbehelligt eures Weges ziehen wollt, solltet ihr uns schleunigst 20 Bögen als Tribut zukommen lassen!"""	"未经许可谁也不得踏入这片土地。想安然通过就赶紧交20张弓作为贡品！"""
data_m__data_m__c1_txt__c1_fhll__text_960004.txt	32	Der reich geschmückte Medizinmann der Wolcumsee-Indianer erwartet dich auf einem schmalen Deich, der als Passage zur versteckten Insel-Siedlung dient.	Der reich geschmückte Medizinmann der Wolcumsee-Indianer erwartet dich auf einem schmalen Deich, der als Passage zur versteckten Insel-Siedlung dient.	Wolcumsee族印第安人装饰华丽的巫医在一道狭窄堤坝上等你，堤坝是通往隐秘岛屿聚落的通道。
data_m__data_m__c1_txt__c1_fhll__text_960004.txt	38	"How, man nennt mich Daino 'vom fallenden Wasser', ich bin der Hüter über unser kleines Volk unter den mächtigen Wasserfällen von Wolcum. Seid gegrüßt Fremde!	How, man nennt mich Daino 'vom fallenden Wasser', ich bin der Hüter über unser kleines Volk unter den mächtigen Wasserfällen von Wolcum. Seid gegrüßt Fremde!"	How，我叫Daino'落水之人'，我是Wolcum大瀑布下小族的守护者。外乡人好！
data_m__data_m__c1_txt__c1_fhll__text_960004.txt	44	Ich hoffe, dass ihr euch in friedlicher Absicht nähert. Wir wünschen keine Streitigkeiten zwischen unseren Stämmen. Vielleicht können wir uns auch auf einen guten Handlesvertrag einigen... 	Ich hoffe, dass ihr euch in friedlicher Absicht nähert. Wir wünschen keine Streitigkeiten zwischen unseren Stämmen. Vielleicht können wir uns auch auf einen guten Handlesvertrag einigen...	希望你们是和平而来。我们不希望部落间有争端。也许我们可以签一个好的贸易协议...
data_m__data_m__c1_txt__c1_fhll__text_960004.txt	48	Wir selbst besitzen keine guten Waffen und Rüstungen, aber ihr seht aus, als könntet ihr euch gut verteidigen! Wenn ihr uns mit Waffen und Rüstungen versorgt, können wir euch als Unterstützung einige unserer stärksten Männer als Söldner zur Verfügung stellen.	Wir selbst besitzen keine guten Waffen und Rüstungen, aber ihr seht aus, als könntet ihr euch gut verteidigen! Wenn ihr uns mit Waffen und Rüstungen versorgt, können wir euch als Unterstützung einige unserer stärksten Männer als Söldner zur Verfügung stellen.	我们自己没有好的武器和盔甲，但你们看起来能自我防卫！如果你们提供武器和盔甲，我们可以派出最强壮的战士作为佣兵支援你们。
data_m__data_m__c1_txt__c1_fhll__text_960004.txt	52	"Seid jedenfalls willkommen in unserer kleinen Siedlung. Setzt euch zu uns ans Lagerfeuer, um Geschichten auszutauschen und eine heilige Friedenspfeife herumgehen zu lassen."""	"Seid jedenfalls willkommen in unserer kleinen Siedlung. Setzt euch zu uns ans Lagerfeuer, um Geschichten auszutauschen und eine heilige Friedenspfeife herumgehen zu lassen."""	"总之欢迎来到我们的小聚落。来篝火旁坐下，交换故事，一起传递神圣的和平烟斗。"""
data_m__data_m__c1_txt__c1_fhll__text_960005.txt	32	Ein knorriger, alter Mann mit einem prächtigen Federschmuck tritt aus dem Schatten der Bäume:	Ein knorriger, alter Mann mit einem prächtigen Federschmuck tritt aus dem Schatten der Bäume:	一位苍老而佝偻的老人戴着华丽的羽饰从树荫中走出：
data_m__data_m__c1_txt__c1_fhll__text_960005.txt	38	"Seid gegrüßt Wikinger! Ich bin Häuptling Holzfaust vom Stamm der Baumkopf-Indianer. Wir sind die Wächter dieses fruchtbaren, heiligem Waldes! Die Wald- und Tiergeister des Waldes haben schon von eurer Ankunft berichtet.	Seid gegrüßt Wikinger! Ich bin Häuptling Holzfaust vom Stamm der Baumkopf-Indianer. Wir sind die Wächter dieses fruchtbaren, heiligem Waldes! Die Wald- und Tiergeister des Waldes haben schon von eurer Ankunft berichtet."	维京人好！我是Baumkopf族酋长Holzfaust。我们是这片肥沃圣林的守护者！林中的树灵和兽灵已经告诉了你们到来的消息。
data_m__data_m__c1_txt__c1_fhll__text_960005.txt	44	Wenn ihr feindliche Absichten habt, seid gewarnt, da wir über mächtige Krieger verfügen, die euch von unserem Land vertreiben werden.	Wenn ihr feindliche Absichten habt, seid gewarnt, da wir über mächtige Krieger verfügen, die euch von unserem Land vertreiben werden.	如果你们心怀敌意，请当心，我们拥有强大的战士会将你们驱逐出境。
data_m__data_m__c1_txt__c1_fhll__text_960005.txt	50	Falls ihr jedoch in friedlicher Absicht gekommen seid, beweist es uns, indem ihr uns 20 Flaschen eures heiligen Öls als Tribut bringt, damit wir es zu Ehren der Ahnen opfern können. 	Falls ihr jedoch in friedlicher Absicht gekommen seid, beweist es uns, indem ihr uns 20 Flaschen eures heiligen Öls als Tribut bringt, damit wir es zu Ehren der Ahnen opfern können.	如果你们和平而来，请交20瓶圣油作为贡品，我们将用以祭奠祖灵，以表诚意。
data_m__data_m__c1_txt__c1_fhll__text_960005.txt	56	"Wir könnten euch dann gute Handelsbedingungen anbieten!"""	"Wir könnten euch dann gute Handelsbedingungen anbieten!"""	"然后我们可以给你们好的贸易条件！"""
data_m__data_m__c1_txt__c1_fhll__text_960006.txt	32	Nach einem anstrengenden Weg durch die ausgedörrte, staubige Prärie seht ihr eine größere Indianer-Siedlung. Vor den Zelten und Türmen steht ein martialisch geschmückter Trupp Indianerkrieger und ein Häuptling, der sich mit stolzer Stimme an dich wendet:	Nach einem anstrengenden Weg durch die ausgedörrte, staubige Prärie seht ihr eine größere Indianer-Siedlung. Vor den Zelten und Türmen steht ein martialisch geschmückter Trupp Indianerkrieger und ein Häuptling, der sich mit stolzer Stimme an dich wendet:	经过干旱尘土飞扬的草原长途跋涉后，你们看到一处较大的印第安聚落。帐篷和塔楼前列着一队威武的战士，酋长以骄傲的声音对你说：
data_m__data_m__c1_txt__c1_fhll__text_960006.txt	38	"Stopp, Fremde! Ich bin Oarihd Stoneyard, Häuptling der Tarishla-Indianer.	Stopp, Fremde! Ich bin Oarihd Stoneyard, Häuptling der Tarishla-Indianer."	站住，外乡人！我是Oarihd Stoneyard，Tarishla族酋长。
data_m__data_m__c1_txt__c1_fhll__text_960006.txt	44	Wir sind die Herrscher über die südliche Prärie! Stellt euch uns nicht in den Weg! Kein Fremder darf unseren heiligen Boden betreten. 	Wir sind die Herrscher über die südliche Prärie! Stellt euch uns nicht in den Weg! Kein Fremder darf unseren heiligen Boden betreten.	我们是南方草原的统治者！别挡我们的路！外乡人不得踏入我们的圣地。
data_m__data_m__c1_txt__c1_fhll__text_960006.txt	50	Unser Medizinmann hat uns vor euch gewarnt. Ihr seid doch die neuen Herrscher über das Hochplateau?! Dann seid ihr auch diejenigen, die dort unser altes Lager und die Grabstätten entehrt haben! 	Unser Medizinmann hat uns vor euch gewarnt. Ihr seid doch die neuen Herrscher über das Hochplateau?! Dann seid ihr auch diejenigen, die dort unser altes Lager und die Grabstätten entehrt haben!	我们的巫医警告过我们。你们就是高原上新来的统治者？！那就是你们亵渎了我们旧营地和墓地的人！
data_m__data_m__c1_txt__c1_fhll__text_960006.txt	56	"Ihr könnt unseren Zorn nur besänftigen, indem ihr uns 20 Bier als Tribut übergebt, sonst werden wir jeden Eindringling vernichten!"""	"Ihr könnt unseren Zorn nur besänftigen, indem ihr uns 20 Bier als Tribut übergebt, sonst werden wir jeden Eindringling vernichten!"""	"只有交20啤酒作为贡品才能平息我们的愤怒，否则消灭一切入侵者！"""
data_m__data_m__c1_txt__c1_fhll__text_970001.txt	32	DIE__BLAUE__LAGUNE	DIE__BLAUE__LAGUNE	蓝色泻湖
data_m__data_m__c1_txt__c1_fhll__text_970001.txt	40	Nach einem kurzen, aber heftigen, tropischen Sturm während der letzten Nacht klärte sich der Himmel wieder auf und der Späher im Ausguck eures Schiffes sah ein einsames Eiland am Horizont liegen. 	Nach einem kurzen, aber heftigen, tropischen Sturm während der letzten Nacht klärte sich der Himmel wieder auf und der Späher im Ausguck eures Schiffes sah ein einsames Eiland am Horizont liegen.	昨夜一场短暂而猛烈的热带风暴过后天空放晴，你船上的瞭望员看到地平线上有一座孤岛。
data_m__data_m__c1_txt__c1_fhll__text_970001.txt	46	Diese tropische Insel, an der euer kurz darauf Schiff landet, ist mit dichtem, fruchtbaren Dschungel bewachsen. Auf der anderen Seite der Landestelle befindet sich eine fischreiche blaue Lagune. Nahrung scheint also im Überfluss vorhanden zu sein. 	Diese tropische Insel, an der euer kurz darauf Schiff landet, ist mit dichtem, fruchtbaren Dschungel bewachsen. Auf der anderen Seite der Landestelle befindet sich eine fischreiche blaue Lagune. Nahrung scheint also im Überfluss vorhanden zu sein.	你们即将登陆的这座热带岛屿覆盖着茂密的丛林。登陆点另一侧是鱼产丰富的蓝色泻湖。食物似乎非常充裕。
data_m__data_m__c1_txt__c1_fhll__text_970001.txt	52	Deine Nordmänner sollten sich erst einmal nach der strapaziösen Reise erholen. Baue dazu eine Siedlung auf und sorge für eine funktionierende Ernährungsversorgung!	Deine Nordmänner sollten sich erst einmal nach der strapaziösen Reise erholen. Baue dazu eine Siedlung auf und sorge für eine funktionierende Ernährungsversorgung!	你的北方人旅途劳顿，应该先休息。建立聚落，确保食物供应！
data_m__data_m__c1_txt__c1_fhll__text_970001.txt	66	ZIELE:	ZIELE:	目标：
data_m__data_m__c1_txt__c1_fhll__text_970001.txt	72	Baue eine funktionierende Wikingersiedlung auf und erforsche das Eiland!	Baue eine funktionierende Wikingersiedlung auf und erforsche das Eiland!	建立一座运转良好的维京聚落，探索这座岛屿！
data_m__data_m__c1_txt__c1_fhll__text_970003.txt	32	Der Häuptling der Rainbow-Feather's grüßt euch:	Der Häuptling der Rainbow-Feather's grüßt euch:	彩虹羽族酋长向你们问好：
data_m__data_m__c1_txt__c1_fhll__text_970003.txt	38	"Mein Name ist Tuata Iglipoctl, ich bin der Häuptling dieser Maya-Siedlung.	Mein Name ist Tuata Iglipoctl, ich bin der Häuptling dieser Maya-Siedlung."	我叫Tuata Iglipoctl，是这座玛雅聚落的酋长。
data_m__data_m__c1_txt__c1_fhll__text_970003.txt	44	Seid gegrüßt Fremde, ich hoffe, dass ihr nichts mit den Geschehnissen der letzten Tage zu tun habt.	Seid gegrüßt Fremde, ich hoffe, dass ihr nichts mit den Geschehnissen der letzten Tage zu tun habt.	外乡人好，希望你们和最近发生的事无关。
data_m__data_m__c1_txt__c1_fhll__text_970003.txt	50	Ihr habt bestimmt ebenfalls das Beben der Erde und das Leuchten des feuerroten Himmels bemerkt. Wir sind sehr verängstigt. Doch dies ist nicht alles, was passiert ist... 	Ihr habt bestimmt ebenfalls das Beben der Erde und das Leuchten des feuerroten Himmels bemerkt. Wir sind sehr verängstigt. Doch dies ist nicht alles, was passiert ist...	你们一定也感受到了地震和火红天空的光芒。我们非常恐惧。但这还不是全部...
data_m__data_m__c1_txt__c1_fhll__text_970003.txt	56	Letzte Nacht hat eine Horde von Unholden unsere Siedlung überfallen und vier junge Frauen geraubt. Unter den entführten Frauen befindet sich auch meine eigene Tochter! Wir konnten diese wilden Gestalten nur schemenhaft im Dunkel der Nacht erkennen, aber sie scheinen Köpfe wie von Panthern und Vögeln zu haben!	Letzte Nacht hat eine Horde von Unholden unsere Siedlung überfallen und vier junge Frauen geraubt. Unter den entführten Frauen befindet sich auch meine eigene Tochter! Wir konnten diese wilden Gestalten nur schemenhaft im Dunkel der Nacht erkennen, aber sie scheinen Köpfe wie von Panthern und Vögeln zu haben!	昨晚一伙恶徒袭击了我们的聚落，掳走了四个年轻女子。被掳的人中有我自己的女儿！在夜色中我们只看到那些狰狞的身影，他们似乎有着豹和鸟的头颅！
data_m__data_m__c1_txt__c1_fhll__text_970003.txt	62	Wir bitten euch nun, uns zu helfen. Wir selbst besitzen keine kampfkräftige Truppe und ihr seht aus, als könntet ihr euch gut verteidigen!	Wir bitten euch nun, uns zu helfen. Wir selbst besitzen keine kampfkräftige Truppe und ihr seht aus, als könntet ihr euch gut verteidigen!	我们恳请你们帮忙。我们自己没有能打仗的队伍，而你们看起来很能战斗！
data_m__data_m__c1_txt__c1_fhll__text_970003.txt	68	ZIELE:	ZIELE:	目标：
data_m__data_m__c1_txt__c1_fhll__text_970003.txt	74	Hilf den Rainbow-Feather Mayas und finde die jungen Frauen. Rette sie aus den Klauen der bösen Macht!	Hilf den Rainbow-Feather Mayas und finde die jungen Frauen. Rette sie aus den Klauen der bösen Macht!	帮助彩虹羽族玛雅人，找到年轻女子。将她们从邪恶势力的爪牙中救出！
data_m__data_m__c1_txt__c1_fhll__text_970004.txt	32	Eine Gruppe von jungen Frauen und Männern tritt aus dem dichten Dschungel hervor:	Eine Gruppe von jungen Frauen und Männern tritt aus dem dichten Dschungel hervor:	一群年轻男女从密林中走出：
data_m__data_m__c1_txt__c1_fhll__text_970004.txt	38	"Wir sind Flüchtlinge aus Poctlazetl, einer Maya-Stadt im Süden. In unserer Heimat gehen merkwürdige Dinge vor sich...	Wir sind Flüchtlinge aus Poctlazetl, einer Maya-Stadt im Süden. In unserer Heimat gehen merkwürdige Dinge vor sich..."	我们是Poctlazetl的难民，那是一座南方的玛雅城。我们的家乡发生了怪事...
data_m__data_m__c1_txt__c1_fhll__text_970004.txt	44	Alles fing damit an, das ein Teil unserer Stadt durch einen Vulkanausbruch und ein darauf folgendes Beben verwüstet wurde. Wir siedelten deswegen in die südliche Hälfte der Stadt um. Doch die Furcht der anderen Bewohner vor dem Zorn des Feuergottes war groß! Als dann der Priester die Götter befragte, stellte er einen finsteren Plan auf.	Alles fing damit an, das ein Teil unserer Stadt durch einen Vulkanausbruch und ein darauf folgendes Beben verwüstet wurde. Wir siedelten deswegen in die südliche Hälfte der Stadt um. Doch die Furcht der anderen Bewohner vor dem Zorn des Feuergottes war groß! Als dann der Priester die Götter befragte, stellte er einen finsteren Plan auf.	一切始于火山爆发和随后的地震摧毁了城市的一部分。我们搬到了城市南半部。但居民们对火神之怒的恐惧很大！然后祭司向诸神请示，提出了一个阴暗的计划。
data_m__data_m__c1_txt__c1_fhll__text_970004.txt	50	Um die Götter zu besänftigen, sollen neun Jungfrauen geopfert werden. Sie sollen zu Ehren der Götter in den mächtigen Hauptkrater gestoßen werden. Nachdem wir gesehen haben, wie eines Nachts eine Truppe der gefürchteten Panter- und der Vogel-Krieger mit vier gefesselten jungen Frauen aus dem Norden kam und sie auf Geheiß des Priesters zum Krater-Tempel gebracht wurden, hatten wir Angst, dass die übrigen Opfer aus unseren Reihen gewählt werden würden. 	Um die Götter zu besänftigen, sollen neun Jungfrauen geopfert werden. Sie sollen zu Ehren der Götter in den mächtigen Hauptkrater gestoßen werden. Nachdem wir gesehen haben, wie eines Nachts eine Truppe der gefürchteten Panter- und der Vogel-Krieger mit vier gefesselten jungen Frauen aus dem Norden kam und sie auf Geheiß des Priesters zum Krater-Tempel gebracht wurden, hatten wir Angst, dass die übrigen Opfer aus unseren Reihen gewählt werden würden.	为了平息诸神之怒，要献祭九名少女。她们将以诸神之名被推入巨大的主火山口。当我们看到一天夜里一队可怕的豹战士和鸟战士从北方带来四名被绑的年轻女子，按祭司之命送往火山口神庙时，我们害怕剩下的祭品会从我们中间选出。
data_m__data_m__c1_txt__c1_fhll__text_970004.txt	56	Da wir keine Chance sahen, die Jungfrauen befreien zu können, haben wir uns von unsere Heimat losgesagt und sind geflohen.	Da wir keine Chance sahen, die Jungfrauen befreien zu können, haben wir uns von unsere Heimat losgesagt und sind geflohen.	既然无力救出少女们，我们便与故土诀别逃了出来。
data_m__data_m__c1_txt__c1_fhll__text_970004.txt	62	Nun versuchen wir, Hilfe zu holen und uns bis zum friedlichen Dorf der Rainbow-Feathers durchzuschlagen, um in Frieden ein neues Leben beginnen zu können.	Nun versuchen wir, Hilfe zu holen und uns bis zum friedlichen Dorf der Rainbow-Feathers durchzuschlagen, um in Frieden ein neues Leben beginnen zu können.	现在我们想寻求帮助，杀到彩虹羽族和平的村庄，开始新的生活。
data_m__data_m__c1_txt__c1_fhll__text_970004.txt	68	Wir flehen euch an - setzt dem bösen Treiben von Oscuro, dem Priester, ein Ende und befreit die jungen Frauen! Nehmt euch aber auf dem Weg zum Hauptkrater vor den gefährlichen Truppen des Priesters in acht! 	Wir flehen euch an - setzt dem bösen Treiben von Oscuro, dem Priester, ein Ende und befreit die jungen Frauen! Nehmt euch aber auf dem Weg zum Hauptkrater vor den gefährlichen Truppen des Priesters in acht!	我们恳求你们——终结祭司Oscuro的恶行，救出那些少女！但去主火山口的路上要小心祭司危险的部队！
data_m__data_m__c1_txt__c1_fhll__text_970004.txt	74	Vor allem die Panter- und die Vogel-Krieger sind starke Gegner. Ihr solltet euch also nur gut ausgerüstet auf den Weg ins Zentrum der Lagune machen! Wir wünschen euch viel Glück. Und mögen die guten Götter euch beistehen!	Vor allem die Panter- und die Vogel-Krieger sind starke Gegner. Ihr solltet euch also nur gut ausgerüstet auf den Weg ins Zentrum der Lagune machen! Wir wünschen euch viel Glück. Und mögen die guten Götter euch beistehen!	尤其是豹战士和鸟战士是强大的对手。一定要装备精良再向泻湖中心进发！祝你们好运。愿善良的诸神与你们同在！
data_m__data_m__c1_txt__c1_fhll__text_970005.txt	34	Ihr tretet aus den Schatten des Dschungels hervor und seht vor euch einen Strand, auf dem zwei große Wachtürme stehen. Ihr seht eine große Anzahl von Maya-Kriegern, die euch den Weg versperrt.	Ihr tretet aus den Schatten des Dschungels hervor und seht vor euch einen Strand, auf dem zwei große Wachtürme stehen. Ihr seht eine große Anzahl von Maya-Kriegern, die euch den Weg versperrt.	你们走出丛林阴影，面前是一片沙滩，上面矗立着两座瞭望塔。大量玛雅战士挡住了你们的去路。
data_m__data_m__c1_txt__c1_fhll__text_970005.txt	40	Dies ist also das Reich von Oscuro, dem Priester!	Dies ist also das Reich von Oscuro, dem Priester!	这就是祭司Oscuro的领地！
data_m__data_m__c1_txt__c1_fhll__text_970005.txt	46	Versuche, dich durch die Stadt hindurch zu kämpfen um zum Tempel am Hauptkrater zu gelangen.	Versuche, dich durch die Stadt hindurch zu kämpfen um zum Tempel am Hauptkrater zu gelangen.	设法杀穿城市，到达主火山口的神庙。
data_m__data_m__c1_txt__c1_fhll__text_970005.txt	50	Befreie dort die vier entführten Jungfrauen aus dem Dorf der Rainbow-Feathers.	Befreie dort die vier entführten Jungfrauen aus dem Dorf der Rainbow-Feathers.	在那里救出从彩虹羽族村掳走的四名少女。
data_m__data_m__c1_txt__c1_fhll__text_970006.txt	32	Mission erfolgreich !	Mission erfolgreich !	任务成功！
data_m__data_m__c1_txt__c1_fhll__text_970006.txt	40	Nachdem du den Tempel erreicht und die Jungfrauen befreit hast, scheint der Prister Oscuro vom Wahnsinn befallen zu werden. Er stürzt sich in den Krater. 	Nachdem du den Tempel erreicht und die Jungfrauen befreit hast, scheint der Prister Oscuro vom Wahnsinn befallen zu werden. Er stürzt sich in den Krater.	到达神庙救出少女后，祭司Oscuro似乎陷入疯狂。他跳入了火山口。
data_m__data_m__c1_txt__c1_fhll__text_970006.txt	46	Die restlichen Truppen des Priesters bleiben wie erstarrt stehen, als ob sie unter einem Bann gestanden haben. Sie lassen nun ihre Waffen sinken und machen keinen feindlichen Eindruck mehr.	Die restlichen Truppen des Priesters bleiben wie erstarrt stehen, als ob sie unter einem Bann gestanden haben. Sie lassen nun ihre Waffen sinken und machen keinen feindlichen Eindruck mehr.	祭司剩余的部队僵在原地，仿佛被施了法术。他们放下武器，不再有敌意。
data_m__data_m__c1_txt__c1_fhll__text_970006.txt	52	Nun kann wohl auf diesem einsamen Eiland wieder der Frieden einkehren. Die Lagune kann sich nun auch für ihre Einwohner zu einer paradiesischen Heimat entwickeln.	Nun kann wohl auf diesem einsamen Eiland wieder der Frieden einkehren. Die Lagune kann sich nun auch für ihre Einwohner zu einer paradiesischen Heimat entwickeln.	这座孤岛终于可以重归和平。泻湖也能为居民变成天堂般的家园。
data_m__data_m__c1_txt__c1_fhll__text_970006.txt	58	Die Götter scheinen sehr mit deinen Wikingern zufrieden sein.	Die Götter scheinen sehr mit deinen Wikingern zufrieden sein.	诸神似乎对你的维京人非常满意。
data_m__data_m__c1_txt__c1_fhll__text_980001.txt	30	DER__RUNENKREIS	DER__RUNENKREIS	符文圈
data_m__data_m__c1_txt__c1_fhll__text_980001.txt	38	Eines frühen Morgens kommt der Druide deines Stammes aufgeregt zu dir und berichtet von einem seltsamen Zeichen der Götter, das ihm den Schlaf geraubt hat.	Eines frühen Morgens kommt der Druide deines Stammes aufgeregt zu dir und berichtet von einem seltsamen Zeichen der Götter, das ihm den Schlaf geraubt hat.	一天清晨，你部族的德鲁伊兴奋地跑来告诉你，一个奇怪的神兆让他夜不能寐。
data_m__data_m__c1_txt__c1_fhll__text_980001.txt	44	Jenseits der fischreichen Bergseen muss sich ein uralter, verlassener Grabhügel befinden. Dieser Grabhügel soll von einem Runenkreis umgeben sein, wie ihn nur die Wikinger kennen. Vermutlich ist dies ein heiliger Ort der Vorväter gewesen.	Jenseits der fischreichen Bergseen muss sich ein uralter, verlassener Grabhügel befinden. Dieser Grabhügel soll von einem Runenkreis umgeben sein, wie ihn nur die Wikinger kennen. Vermutlich ist dies ein heiliger Ort der Vorväter gewesen.	鱼产丰富的山湖对面，应该有一座古老的废弃古墓。古墓周围环绕着只有维京人才认识的符文环。这可能是先祖的圣地。
data_m__data_m__c1_txt__c1_fhll__text_980001.txt	50	Doch inzwischen muss das Gebiet in der Nähe des Runenkreis von einem feindlichen Indianerstamm besetzt und der heilige Boden entweiht worden sein. 	Doch inzwischen muss das Gebiet in der Nähe des Runenkreis von einem feindlichen Indianerstamm besetzt und der heilige Boden entweiht worden sein.	但符文环附近如今已被一个敌对的印第安部落占据，圣土被亵渎了。
data_m__data_m__c1_txt__c1_fhll__text_980001.txt	56	Der Druide berichtet, dass die Götter über eine Störung der Ruhe des heiligen Orts erzürnt wären. 	Der Druide berichtet, dass die Götter über eine Störung der Ruhe des heiligen Orts erzürnt wären.	德鲁伊报告说，众神对圣地安宁被扰一事十分愤怒。
data_m__data_m__c1_txt__c1_fhll__text_980001.txt	70	ZIELE:	ZIELE:	目标：
data_m__data_m__c1_txt__c1_fhll__text_980001.txt	76	Errichte zunächst ein Hauptlager und sichere die Ernährung deines Volkes. 	Errichte zunächst ein Hauptlager und sichere die Ernährung deines Volkes.	先建立主营地，确保你人民的粮食供应。
data_m__data_m__c1_txt__c1_fhll__text_980001.txt	82	Bilde dann genug Wikinger zu Kriegern aus, um die feindlichen Indianer vom heiligen Boden zu vertreiben.	Bilde dann genug Wikinger zu Kriegern aus, um die feindlichen Indianer vom heiligen Boden zu vertreiben.	然后将足够的维京人训练成战士，把敌对印第安人从圣地驱逐。
data_m__data_m__c1_txt__c1_fhll__text_980001.txt	88	Baue eine Brauerei auf, um deine Krieger auf ihrer Suche nach dem Runenkreis mit Nahrung zu versorgen.	Baue eine Brauerei auf, um deine Krieger auf ihrer Suche nach dem Runenkreis mit Nahrung zu versorgen.	建一座酿酒坊，为战士搜索符文环时提供食物补给。
data_m__data_m__c1_txt__c1_fhll__text_980001.txt	94	Erforsche auch das umliegende Gebiet und suche andere Stämme, um nötige Rohstoffe zu erhandeln und Verbündete zu bekommen.	Erforsche auch das umliegende Gebiet und suche andere Stämme, um nötige Rohstoffe zu erhandeln und Verbündete zu bekommen.	也探索周边地区，寻找其他部落，交易必要原料并结交盟友。
data_m__data_m__c1_txt__c1_fhll__text_980002.txt	30	Deine Brauerei ist errichtet!	Deine Brauerei ist errichtet!	你的酿酒坊建好了！
data_m__data_m__c1_txt__c1_fhll__text_980002.txt	38	Nachdem deine fleißigen Arbeiter die Brauerei errichtet haben, solltest du dich auf die Ausbildung einer ausreichend großen Menge von Kriegern konzentrieren. 	Nachdem deine fleißigen Arbeiter die Brauerei errichtet haben, solltest du dich auf die Ausbildung einer ausreichend großen Menge von Kriegern konzentrieren.	勤劳的工人建好酿酒坊后，你应该集中精力训练足够数量的战士。
data_m__data_m__c1_txt__c1_fhll__text_980002.txt	44	Rüste deine Krieger dann mit dem produzierten Bier aus um ihnen den langen Weg zur feindlichen Indianer-Siedlung zu erleichtern.	Rüste deine Krieger dann mit dem produzierten Bier aus um ihnen den langen Weg zur feindlichen Indianer-Siedlung zu erleichtern.	用产出的啤酒装备战士，帮助他们长途行军到敌对印第安人聚落。
data_m__data_m__c1_txt__c1_fhll__text_980002.txt	50	Wenn Du deine Wikinger-Krieger ausgebildet hast, mache dich auf die Suche nach dem Runenkreis und finde den feindlichen Indianer-Stamm, der den heiligen Boden der Vorväter besetzt hält. Zerstöre den feindlichen Tempel der in der Nähe des Runenkreises ist und weihe dann den heiligen Boden, indem du einen neuen eigenen Tempel errichtest.	Wenn Du deine Wikinger-Krieger ausgebildet hast, mache dich auf die Suche nach dem Runenkreis und finde den feindlichen Indianer-Stamm, der den heiligen Boden der Vorväter besetzt hält. Zerstöre den feindlichen Tempel der in der Nähe des Runenkreises ist und weihe dann den heiligen Boden, indem du einen neuen eigenen Tempel errichtest.	训练好维京战士后，去寻找符文环并找到占据先祖圣地的敌对印第安部落。摧毁符文环附近的敌方神庙，然后建一座自己的神庙来重新圣化这片土地。
data_m__data_m__c1_txt__c1_fhll__text_980003.txt	30	Der Häuptling eines freundlichen Eskimo Stammes begrüßt dich:	Der Häuptling eines freundlichen Eskimo Stammes begrüßt dich:	一个友好的爱斯基摩部落酋长迎接你：
data_m__data_m__c1_txt__c1_fhll__text_980003.txt	36	"Willkommen in unserem Vorposten hier am Fuße des Gletschers, Fremde!	Willkommen in unserem Vorposten hier am Fuße des Gletschers, Fremde!"	欢迎来到冰川脚下的前哨站，外乡人！
data_m__data_m__c1_txt__c1_fhll__text_980003.txt	40	Ich bin Laniut Frosthauch, der Anführer dieses Stamms. 	Ich bin Laniut Frosthauch, der Anführer dieses Stamms.	我是Laniut Frosthauch，这个部落的首领。
data_m__data_m__c1_txt__c1_fhll__text_980003.txt	46	Wir freuen uns, deine Bekanntschaft zu machen. Wir haben gehört, dass dein Volk gute Möbel, Geschirr und Werkzeuge herstellen kann. Wir würden gerne mit dir Handel betreiben. Ach ja, unser Medizinmann sagte mir auch, dass wir uns auch sehr für das Gebräu, das ihr Bier nennt, und für euer Öl interessieren...	Wir freuen uns, deine Bekanntschaft zu machen. Wir haben gehört, dass dein Volk gute Möbel, Geschirr und Werkzeuge herstellen kann. Wir würden gerne mit dir Handel betreiben. Ach ja, unser Medizinmann sagte mir auch, dass wir uns auch sehr für das Gebräu, das ihr Bier nennt, und für euer Öl interessieren...	很高兴认识你。听说你们民族能制作好的家具、陶器和工具。我们很想和你们贸易。对了，我们的巫医说我们对你们叫啤酒的东西和油也很感兴趣...
data_m__data_m__c1_txt__c1_fhll__text_980003.txt	52	Wir hoffen auf einen guten Handleskontakt und wünschen euch viel Glück bei euren Vorhaben.	Wir hoffen auf einen guten Handleskontakt und wünschen euch viel Glück bei euren Vorhaben.	我们希望有良好的贸易关系，祝你们事业顺利。
data_m__data_m__c1_txt__c1_fhll__text_980003.txt	58	Ich möchte euch noch eine Warnung mit auf den Weg geben:	Ich möchte euch noch eine Warnung mit auf den Weg geben:	我还想给你们一个警告：
data_m__data_m__c1_txt__c1_fhll__text_980003.txt	62	"Wir haben von einem streitlustigen Indianer-Stamm im Süden gehört. Diese Indianer greifen jeden Reisenden an, der ihrem Gebiet zu nahe kommt. Nehmt euch vor ihnen in acht und sichert eure Reisen in den Süden gut ab!"""	"Wir haben von einem streitlustigen Indianer-Stamm im Süden gehört. Diese Indianer greifen jeden Reisenden an, der ihrem Gebiet zu nahe kommt. Nehmt euch vor ihnen in acht und sichert eure Reisen in den Süden gut ab!"""	"我们听说南方有一个好斗的印第安部落。他们会攻击任何靠近其领地的旅人。小心他们，确保南行安全！"""
data_m__data_m__c1_txt__c1_fhll__text_980004.txt	30	Renibo 'Der mit den Geistern spricht', Weiser und Medizinmann der Nachtvogel-Indianer, begrüßt dich:	Renibo 'Der mit den Geistern spricht', Weiser und Medizinmann der Nachtvogel-Indianer, begrüßt dich:	Renibo'与灵对话者'，夜鸟族的智者和巫医，迎接你：
data_m__data_m__c1_txt__c1_fhll__text_980004.txt	36	"Beim großen Manitoo, ihr seid in unsere Gebiet eingedrungen. Was wollt ihr hier?	Beim großen Manitoo, ihr seid in unsere Gebiet eingedrungen. Was wollt ihr hier?"	伟大的玛尼图在上，你们闯入了我们的领地。来这里干什么？
data_m__data_m__c1_txt__c1_fhll__text_980004.txt	42	Wenn ihr Verbündete der Schwarzleder-Indianer seid, rate ich euch, so schnell es geht das Weite zu suchen!	Wenn ihr Verbündete der Schwarzleder-Indianer seid, rate ich euch, so schnell es geht das Weite zu suchen!	如果你们是黑皮印第安人的盟友，我劝你们赶紧跑！
data_m__data_m__c1_txt__c1_fhll__text_980004.txt	48	Wir liegen im Streit mit dem Stamm der Schwarzleder-Indianer, die uns unser Land stehlen wollen. Dank unserer mutigen Krieger konnten wir die zahllosen Angriffe aber bis heute abwehren, und auch ihr werdet 	Wir liegen im Streit mit dem Stamm der Schwarzleder-Indianer, die uns unser Land stehlen wollen. Dank unserer mutigen Krieger konnten wir die zahllosen Angriffe aber bis heute abwehren, und auch ihr werdet	我们和黑皮印第安人有争端，他们想抢我们的土地。多亏了勇敢的战士，我们至今击退了无数次进攻，你们也
data_m__data_m__c1_txt__c1_fhll__text_980004.txt	50	uns nicht besiegen können!	uns nicht besiegen können!	打不败我们！
data_m__data_m__c1_txt__c1_fhll__text_980004.txt	56	Wenn ihr nichts mit den Schwarzleder-Indianern zu schaffen habt, solltet ihr uns eure guten Absichten beweisen, indem ihr uns 20 Biere (als Tributzahlung) bringt, um den Rat der Weisen zu besänftigen. Wenn ihr diese Prüfung besteht, werden wir mit euch Waren tauschen. 	Wenn ihr nichts mit den Schwarzleder-Indianern zu schaffen habt, solltet ihr uns eure guten Absichten beweisen, indem ihr uns 20 Biere (als Tributzahlung) bringt, um den Rat der Weisen zu besänftigen. Wenn ihr diese Prüfung besteht, werden wir mit euch Waren tauschen.	如果你们和黑皮印第安人无关，就交20啤酒（作为贡品）来平息长老会的怒气以示诚意。通过这个考验，我们就和你们交易。
data_m__data_m__c1_txt__c1_fhll__text_980004.txt	62	"Unsere Handwerker stellen hervorragende Speere und Bögen sowie Rüstungen her. Wir werden euch als unsere neuen Verbündeten ansehen und zählen darauf, dass ihr wie wir gegen die Schwarleder-Indianer vorgehen werdet. Gegen eine angemessene Zahlung können wir euch auch Indianer-Krieger als Söldner schicken."""	"Unsere Handwerker stellen hervorragende Speere und Bögen sowie Rüstungen her. Wir werden euch als unsere neuen Verbündeten ansehen und zählen darauf, dass ihr wie wir gegen die Schwarleder-Indianer vorgehen werdet. Gegen eine angemessene Zahlung können wir euch auch Indianer-Krieger als Söldner schicken."""	"我们的工匠制作一流的长矛、弓和盔甲。我们将把你们视为新盟友，希望你们和我们一样对抗黑皮印第安人。支付合理费用，我们也可以派出印第安战士作为佣兵。"""
data_m__data_m__c1_txt__c1_fhll__text_980005.txt	30	Das Gebiet der Schwarzleder-Indianer:	Das Gebiet der Schwarzleder-Indianer:	黑皮印第安人的领地：
data_m__data_m__c1_txt__c1_fhll__text_980005.txt	36	Hier also herrscht der mächtige Kriegshäuptling Mocbar Eisenfaust.	Hier also herrscht der mächtige Kriegshäuptling Mocbar Eisenfaust.	强大的战争首领Mocbar Eisenfaust就在这里统治。
data_m__data_m__c1_txt__c1_fhll__text_980005.txt	42	Ein großes Lager erstreckt sich von den Bergen bis zu den fischreichen Gebirgs-Seen. Zelte und Lagerfeuer soweit das Auge reicht! 	Ein großes Lager erstreckt sich von den Bergen bis zu den fischreichen Gebirgs-Seen. Zelte und Lagerfeuer soweit das Auge reicht!	巨大的营地从山脉一直延伸到鱼产丰富的山湖。帐篷和篝火一望无际！
data_m__data_m__c1_txt__c1_fhll__text_980005.txt	48	Die ersten Schwarzleder-Indianer, die euch zu Gesicht bekommen, ziehen sofort ihre Waffen und stimmen einen schaurigen Kriegsschrei an! Jetzt ist die Zeit für Diplomatie anscheinend endgültig vorbei.	Die ersten Schwarzleder-Indianer, die euch zu Gesicht bekommen, ziehen sofort ihre Waffen und stimmen einen schaurigen Kriegsschrei an! Jetzt ist die Zeit für Diplomatie anscheinend endgültig vorbei.	黑皮印第安人一看到你们就立刻拔出武器，发出可怕的战吼！外交时间显然已经结束了。
data_m__data_m__c1_txt__c1_fhll__text_980005.txt	54	Befreie den Runenkreis unserer Vorväter und zerstöre den Tempel der Schwarzleder-Indianer, der in der Nähe des Runenkreises steht.	Befreie den Runenkreis unserer Vorväter und zerstöre den Tempel der Schwarzleder-Indianer, der in der Nähe des Runenkreises steht.	解放先祖的符文环，摧毁符文环附近的黑皮印第安人神庙。
data_m__data_m__c1_txt__c1_fhll__text_980006.txt	30	Zwei Indianer mit Federschmuck treten aus dem Schatten einer Baumgruppe hervor.	Zwei Indianer mit Federschmuck treten aus dem Schatten einer Baumgruppe hervor.	两个佩戴羽饰的印第安人从树丛阴影中走出。
data_m__data_m__c1_txt__c1_fhll__text_980006.txt	36	"Seid gegrüßt, Reisende! 	Seid gegrüßt, Reisende!"	旅人们好！
data_m__data_m__c1_txt__c1_fhll__text_980006.txt	42	Wir sind Kundschafter des Nachtvogel-Stammes. Wir bewachen die Brücke, die zum Gebiet der Schwarzleder-Indianer führt. Dieser Stamm ist sehr kriegerisch und attackiert ohne Zögern jeden, der sich ihrem Gebiet zu weit nähert.	Wir sind Kundschafter des Nachtvogel-Stammes. Wir bewachen die Brücke, die zum Gebiet der Schwarzleder-Indianer führt. Dieser Stamm ist sehr kriegerisch und attackiert ohne Zögern jeden, der sich ihrem Gebiet zu weit nähert.	我们是夜鸟族的侦察兵。我们守卫通往黑皮印第安人领地的桥。那个部落非常好战，会毫不犹豫地攻击任何靠太近的人。
data_m__data_m__c1_txt__c1_fhll__text_980006.txt	48	Wenn ihr die Brücke passieren wollt, seid gewarnt!	Wenn ihr die Brücke passieren wollt, seid gewarnt!	想过桥的话，小心了！
data_m__data_m__c1_txt__c1_fhll__text_980006.txt	54	Auf der anderen Seite des Flusses beginnt das Lager der Schwarzleder-Indianer. Das südliche Ufer des Flusses ist außergewöhnlich stark befestigt und eine große Anzahl Kämpfer ist hier postiert. 	Auf der anderen Seite des Flusses beginnt das Lager der Schwarzleder-Indianer. Das südliche Ufer des Flusses ist außergewöhnlich stark befestigt und eine große Anzahl Kämpfer ist hier postiert.	河对岸就是黑皮印第安人的营地。南岸防御异常坚固，大量战士驻守在此。
data_m__data_m__c1_txt__c1_fhll__text_980006.txt	60	Wenn ihr einen besseren Weg nach Süden sucht, um ins Gebiet der Schwarzleder-Indianer zu gelangen, solltet ihr euch im Gebiet 	Wenn ihr einen besseren Weg nach Süden sucht, um ins Gebiet der Schwarzleder-Indianer zu gelangen, solltet ihr euch im Gebiet	如果你们想找一条更好的南行路线进入黑皮印第安人的领地，你们应该去
data_m__data_m__c1_txt__c1_fhll__text_980006.txt	62	der Flussschnellen und Wasserfälle einen Übergang zum westlichen Ufer suchen! 	der Flussschnellen und Wasserfälle einen Übergang zum westlichen Ufer suchen!	在河流急流和瀑布处寻找通往西岸的通道！
data_m__data_m__c1_txt__c1_fhll__text_980006.txt	66	Überquert die Hügel und folgt einem Tal Richtung Westen, in dem 	Überquert die Hügel und folgt einem Tal Richtung Westen, in dem	翻过山丘，沿一条向西的山谷走，那里
data_m__data_m__c1_txt__c1_fhll__text_980006.txt	68	wilde Blumen blühen und Bisonherden weiden. Dort werdet ihr unser Hauptlager finden, wo ihr eure Vorräte aufstocken und Handel betreiben könnt.	wilde Blumen blühen und Bisonherden weiden. Dort werdet ihr unser Hauptlager finden, wo ihr eure Vorräte aufstocken und Handel betreiben könnt.	野花盛开、野牛成群。在那里你们会找到我们的主营地，可以补充物资和贸易。
data_m__data_m__c1_txt__c1_fhll__text_980006.txt	74	Wenn ihr dann Richtung Süden geht, kommt ihr über eine versteckte Passage zum Hauptlager der Schwarzleder-Indianer.	Wenn ihr dann Richtung Süden geht, kommt ihr über eine versteckte Passage zum Hauptlager der Schwarzleder-Indianer.	然后向南走，通过一条隐秘通道到达黑皮印第安人的主营地。
data_m__data_m__c1_txt__c1_fhll__text_980006.txt	80	"Wir wünschen euch viel Glück auf euren Wegen, Fremde!"""	"Wir wünschen euch viel Glück auf euren Wegen, Fremde!"""	"祝你们一路顺风，外乡人！"""
data_m__data_m__c1_txt__c1_fhll__text_980007.txt	30	Deine tapferen Wikinger haben den zahlenmäßig überlegenen Feind bekämpft, den Runenkreis befreit und den Tempel der 	Deine tapferen Wikinger haben den zahlenmäßig überlegenen Feind bekämpft, den Runenkreis befreit und den Tempel der	你勇敢的维京人击败了数量占优的敌人，解放了符文环并摧毁了
data_m__data_m__c1_txt__c1_fhll__text_980007.txt	32	Indianer zerstört. 	Indianer zerstört.	印第安人的神庙。
data_m__data_m__c1_txt__c1_fhll__text_980007.txt	38	Um die Grabstätte der Vorväter wieder zu weihen, musst du nun noch in der Nähe des Runenkreises einen eigenen 	Um die Grabstätte der Vorväter wieder zu weihen, musst du nun noch in der Nähe des Runenkreises einen eigenen	要重新圣化先祖的古墓，你还需要在符文环附近建一座自己的
data_m__data_m__c1_txt__c1_fhll__text_980007.txt	40	Tempel bauen!	Tempel bauen!	神庙！
data_m__data_m__c1_txt__c1_fhll__text_980008.txt	30	Glückwunsch! Du hast die Mission erfüllt.	Glückwunsch! Du hast die Mission erfüllt.	恭喜！你完成了任务。
data_m__data_m__c1_txt__c1_fhll__text_980008.txt	38	Du hast eine funktionierende Siedlung mit einer Brauerei errichtet.	Du hast eine funktionierende Siedlung mit einer Brauerei errichtet.	你建起了一座带酿酒坊的运转良好的聚落。
data_m__data_m__c1_txt__c1_fhll__text_980008.txt	44	Deine Wikinger haben den uralten Heiligen Ort der Vorväter zurückerobert.	Deine Wikinger haben den uralten Heiligen Ort der Vorväter zurückerobert.	你的维京人夺回了先祖的古老圣地。
data_m__data_m__c1_txt__c1_fhll__text_980008.txt	50	Du hast den Runenkreis und den Grabhügel durch den benachbarten Tempel segnen lassen. 	Du hast den Runenkreis und den Grabhügel durch den benachbarten Tempel segnen lassen.	你通过邻近的神庙圣化了符文环和古墓。
data_m__data_m__c1_txt__c1_fhll__text_980008.txt	56	Die Götter Walhalls sind mehr als zufrieden mit deiner Leistung. Mögen sie dich und dein Volk auf deinem weiteren Weg beschützen!	Die Götter Walhalls sind mehr als zufrieden mit deiner Leistung. Mögen sie dich und dein Volk auf deinem weiteren Weg beschützen!	瓦尔哈拉的诸神对你的表现非常满意。愿他们在未来的道路上保护你和你的子民！
data_m__data_m__c1_txt__c1_fhll__text_988801.txt	30	Die Suche nach dem Weihnachtsmann	Die Suche nach dem Weihnachtsmann	寻找圣诞老人
data_m__data_m__c1_txt__c1_fhll__text_988802.txt	30	Ignur Eisläufer (Häuptling des Eiswind-Stamms):	Ignur Eisläufer (Häuptling des Eiswind-Stamms):	Ignur Eisläufer（冰风族首领）：
data_m__data_m__c1_txt__c1_fhll__text_988803.txt	30	Ignur Eisläufer (Häuptling des Eiswind-Stamms):	Ignur Eisläufer (Häuptling des Eiswind-Stamms):	Ignur Eisläufer（冰风族首领）：
data_m__data_m__c1_txt__c1_fhll__text_988804.txt	30	Dein Kundschafter berichtet:	Dein Kundschafter berichtet:	你的侦察兵报告：
data_m__data_m__c1_txt__c1_fhll__text_988805.txt	30	Der WEIHNACHTSMANN:	Der WEIHNACHTSMANN:	圣诞老人：
data_m__data_m__c1_txt__c1_fhll__text_988806.txt	30	MISSION ERFOLGREICH:	MISSION ERFOLGREICH:	任务成功：
data_v__data_v__fhll_data__text_000.txt	32	INHALTSVERZEICHNIS	INHALTSVERZEICHNIS	目录
data_v__data_v__fhll_data__text_200.txt	34	GEBÄUDELISTE	GEBÄUDELISTE	建筑列表
data_v__data_v__fhll_data__text_200.txt	52	Bäckerei	Bäckerei	面包房
data_v__data_v__fhll_data__text_250.txt	34	TASTATURBELEGUNG	TASTATURBELEGUNG	键盘操作
data_v__data_v__fhll_data__text_250.txt	48	ALLGEMEIN	ALLGEMEIN	通用
data_v__data_v__fhll_data__text_270.txt	34	MILITÄR	MILITÄR	军事
data_v__data_v__fhll_data__text_290.txt	34	TIPPS_&_TRICKS	TIPPS_&_TRICKS	技巧与提示
data_v__data_v__fhll_data__text_290.txt	52	Aufklärung	Aufklärung	侦察
data_m__data_m__C1_fhll__text_930000.txt	1	Eine schwierige Aufgabe...	Eine schwierige Aufgabe...	艰巨的任务...
data_m__data_m__C1_fhll__text_930000.txt	2	Du bist auf einer gefährlichen Insel gestrandet,	Du bist auf einer gefährlichen Insel gestrandet,	你流落到一座危险的岛上，
data_m__data_m__C1_fhll__text_930000.txt	3	denn wenn man den Legenden glauben darf, herrschen hier die gefährlichsten	denn wenn man den Legenden glauben darf, herrschen hier die gefährlichsten	因为如果传说可信，这里盘踞着最危险的
data_m__data_m__C1_fhll__text_930000.txt	4	Mayas überhaupt!	Mayas überhaupt!	玛雅人！
data_m__data_m__C1_fhll__text_930000.txt	5	Sie befinden sich wohl im Südosten der Insel. Halte dich also von dort fern, solange du nicht	Sie befinden sich wohl im Südosten der Insel. Halte dich also von dort fern, solange du nicht	他们似乎在岛屿东南方。在你的战士足够强大之前，
data_m__data_m__C1_fhll__text_930000.txt	6	genügend Krieger hast!	genügend Krieger hast!	远离那里！
data_m__data_m__C1_fhll__text_930000.txt	7	Die Mayas sollen so übermächtig sein, dass sie jeden vernichten, der ihnen zu nahe kommt.	Die Mayas sollen so übermächtig sein, dass sie jeden vernichten, der ihnen zu nahe kommt.	据说玛雅人强大到足以消灭任何靠近他们的人。
data_m__data_m__C1_fhll__text_930000.txt	8	Deshalb wird die Insel auch Devil Island, Teufelsinsel, genannt.	Deshalb wird die Insel auch Devil Island, Teufelsinsel, genannt.	的人。因此这座岛被称为Devil Island，魔鬼岛。
data_m__data_m__C1_fhll__text_930000.txt	9	Dein Auftrag ist nun, dem ein Ende zu setzen.	Dein Auftrag ist nun, dem ein Ende zu setzen.	你的任务就是终结这一切。
data_m__data_m__C1_fhll__text_930000.txt	11	Um eine Chance gegen die gefürchteten Mayas zu haben,	Um eine Chance gegen die gefürchteten Mayas zu haben,	为了有把握对付可怕的玛雅人，
data_m__data_m__C1_fhll__text_930000.txt	12	ist es erforderlich, eine funktionierende Siedlung mit vielen Einwohnern aufbauen...	ist es erforderlich, eine funktionierende Siedlung mit vielen Einwohnern aufbauen...	需要建立一个运转良好、人口众多的定居点……
data_m__data_m__C1_fhll__text_930000.txt	13	Zudem solltest du die beiden Indianerstämme auf der Insel finden, welche dir vielleicht Hilfe anbieten werden.	Zudem solltest du die beiden Indianerstämme auf der Insel finden, welche dir vielleicht Hilfe anbieten werden.	此外，你应该找到岛上两个印第安部族，他们可能会提供帮助。
data_m__data_m__C1_fhll__text_930001.txt	1	Gut gemacht. Nun hast du eine gute Chance, diese Mission zu gewinnen.	Gut gemacht. Nun hast du eine gute Chance, diese Mission zu gewinnen.	干得好。现在你有很大的机会完成这个任务。
data_m__data_m__C1_fhll__text_930001.txt	2	Doch 50 Einwohnern werden nicht ausreichen. Baue deine Siedlung also weiter aus.	Doch 50 Einwohnern werden nicht ausreichen. Baue deine Siedlung also weiter aus.	但50个居民还不够，继续扩建你的定居点。
data_m__data_m__C1_fhll__text_930001.txt	3	Du brauchst viele kräftige Soldaten.	Du brauchst viele kräftige Soldaten.	你需要很多强壮的士兵。
data_m__data_m__C1_fhll__text_930001.txt	4	Halte die Augen auf und nimm die Angebote der Indianer an.	Halte die Augen auf und nimm die Angebote der Indianer an.	睁大眼睛，接受印第安人的提议。
data_m__data_m__C1_fhll__text_930002.txt	1	"""Seid Willkommen"", sprach der Häuptling, ""wir wollen euch helfen, die Teufel-Mayas im Dschungel zu besiegen."	"""Seid Willkommen"", sprach der Häuptling, ""wir wollen euch helfen, die Teufel-Mayas im Dschungel zu besiegen."	"""欢迎你们，""酋长说道，""我们想帮助你们打败丛林里的魔鬼玛雅人。"
data_m__data_m__C1_fhll__text_930002.txt	2	Leider können wir euch keine Krieger zur Verfügung stellen. Álles, was wir euch anbieten können,	Leider können wir euch keine Krieger zur Verfügung stellen. Álles, was wir euch anbieten können,	但我们无法提供战士。我们能给你们的一切，
data_m__data_m__C1_fhll__text_930002.txt	3	ist dieses gelbe Metall.	ist dieses gelbe Metall.	只有这种黄色金属。
data_m__data_m__C1_fhll__text_930002.txt	4	Damit könnt ihr vielleicht eure Krieger stärken, so das sie eine Chance gegen die Mayas haben.	Damit könnt ihr vielleicht eure Krieger stärken, so das sie eine Chance gegen die Mayas haben.	用它也许能增强你们的战士，让他们有实力对抗玛雅人。
data_m__data_m__C1_fhll__text_930002.txt	5	"Es bleibt natürlich euch überlassen, ob ihr handelt, aber an eurer Stelle würde ich es tun."""	"Es bleibt natürlich euch überlassen, ob ihr handelt, aber an eurer Stelle würde ich es tun."""	"当然交易与否由你们决定，但如果我是你们，我会这么做。"""
data_m__data_m__C1_fhll__text_930003.txt	1	"""Herzlich Willkommen. "", sprach Häuptling Trockene-Kehle, ""Um uns in eine gute Handelslaune zu bringen,"	"""Herzlich Willkommen. "", sprach Häuptling Trockene-Kehle, ""Um uns in eine gute Handelslaune zu bringen,"	"""衷心欢迎。""干喉酋长说道：""为了让我们心情愉悦，"""
data_m__data_m__C1_fhll__text_930003.txt	2	müsst ihr einen Tribut zahlen.	müsst ihr einen Tribut zahlen.	你们需要缴纳贡品。
data_m__data_m__C1_fhll__text_930003.txt	3	Dann wollen wir euch mit Kriegern und Waren helfen, um jene Mayas, welche	Dann wollen wir euch mit Kriegern und Waren helfen, um jene Mayas, welche	然后我们会用战士和物资帮助你们，去对付
data_m__data_m__C1_fhll__text_930003.txt	4	"gar nicht weit von uns im Osten hausen, zu bekriegen."""	"gar nicht weit von uns im Osten hausen, zu bekriegen."""	"就在东边不远处栖身的那些玛雅人。"""
data_m__data_m__C1_fhll__text_930004.txt	1	"""Um euer Heer zu vervollständigen, könnt ihr nun Krieger anwerben. Es"	"""Um euer Heer zu vervollständigen, könnt ihr nun Krieger anwerben. Es"	"""为了扩充军队，你们现在可以招募战士。他们"
data_m__data_m__C1_fhll__text_930004.txt	2	"sind die besten und gefürchtesten Kämpfer auf der gesamten Insel!"""	"sind die besten und gefürchtesten Kämpfer auf der gesamten Insel!"""	"是整座岛上最出色、最令人畏惧的战士！"""
data_m__data_m__C1_fhll__text_930004.txt	3	So sprach der Häuptling...	So sprach der Häuptling...	酋长如是说……
data_m__data_m__C1_fhll__text_930005.txt	1	Deine Armee ist nun stark genug, um es mit den Mayas aufzunehmen!	Deine Armee ist nun stark genug, um es mit den Mayas aufzunehmen!	你的军队已经足够强大，可以与玛雅人一战了！
data_m__data_m__C1_fhll__text_930005.txt	2	Viel Erfolg! Es liegt nun in deiner Hand, die Mayas zu besiegen!	Viel Erfolg! Es liegt nun in deiner Hand, die Mayas zu besiegen!	祝你成功！打败玛雅人的重任现在落在你肩上！
data_m__data_m__C1_fhll__text_930006.txt	1	An dem Ausmaß der Verwüstung konnte man erkennen, wer hier gehaust hatte.	An dem Ausmaß der Verwüstung konnte man erkennen, wer hier gehaust hatte.	从破坏的程度就能看出是谁在这里肆虐过。
data_m__data_m__C1_fhll__text_930006.txt	2	Die Mayas mussten ganz in der Nähe sein. Du solltest also auf alles gefaßt sein.	Die Mayas mussten ganz in der Nähe sein. Du solltest also auf alles gefaßt sein.	玛雅人一定就在附近。你必须做好一切准备。
data_m__data_m__C1_fhll__text_930007.txt	1	Es ist höchste Vorsicht angesagt, die gefährlichen Mayas sind ganz in der Nähe.	Es ist höchste Vorsicht angesagt, die gefährlichen Mayas sind ganz in der Nähe.	务必高度警惕，危险的玛雅人就在近旁。
data_m__data_m__C1_fhll__text_930007.txt	2	Überschätz dich nicht! Du bist noch nicht bereit für diese Elite-Kämpfer!	Überschätz dich nicht! Du bist noch nicht bereit für diese Elite-Kämpfer!	不要高估自己！你还没准备好面对这些精锐战士！
data_m__data_m__C1_fhll__text_930009.txt	1	Mission gewonnen!	Mission gewonnen!	任务完成！
data_m__data_m__C1_fhll__text_930009.txt	2	Nach einem langen und harten Kampf habt ihr es geschafft,	Nach einem langen und harten Kampf habt ihr es geschafft,	经过漫长而艰苦的战斗，你们终于成功了，
data_m__data_m__C1_fhll__text_930009.txt	3	die gefürchteten Mayas zu vernichten.	die gefürchteten Mayas zu vernichten.	消灭了可怕的玛雅人。
data_m__data_m__C1_fhll__text_930009.txt	4	Glückwunsch!	Glückwunsch!	恭喜！
data_m__data_m__C1_fhll__text_930010.txt	2	Leider hast du die Missionsziele verfehlt. Auf ein Neues...	Leider hast du die Missionsziele verfehlt. Auf ein Neues...	可惜你未能达成任务目标。再来一次吧……
data_m__data_m__C1_fhll__text_930020.txt	1	Vorsicht! Wenn ihr unsere Freunde, die Meer-Indianer angreift,	Vorsicht! Wenn ihr unsere Freunde, die Meer-Indianer angreift,	小心！如果你们攻击我们的朋友海边的印第安人，
data_m__data_m__C1_fhll__text_930020.txt	2	habt ihr keine Chancen mehr, diese Mission zu gewinnen.	habt ihr keine Chancen mehr, diese Mission zu gewinnen.	你们就再也无法完成这个任务了。
data_m__data_m__C1_fhll__text_930021.txt	1	Vorsicht! Wenn ihr unsere Freunde, die Ufer-Indianer angreift,	Vorsicht! Wenn ihr unsere Freunde, die Ufer-Indianer angreift,	小心！如果你们攻击我们的朋友岸边的印第安人，
data_m__data_m__C1_fhll__text_930021.txt	2	habt ihr keine Chancen mehr, diese Mission zu gewinnen!	habt ihr keine Chancen mehr, diese Mission zu gewinnen!	你们就再也无法完成这个任务了！
data_m__data_m__C1_fhll__text_931000.txt	1	Völkertreffen	Völkertreffen	部族聚会
data_m__data_m__C1_fhll__text_931000.txt	2	Du bist der Fürst einer kleinen Wikingersiedlung, und als solcher entscheidest du alleine, was hier gespielt wird!	Du bist der Fürst einer kleinen Wikingersiedlung, und als solcher entscheidest du alleine, was hier gespielt wird!	你是一个小型维京定居点的领主，一切由你独自决定！
data_m__data_m__C1_fhll__text_931000.txt	4	In dieser Karte gibt es keine Missionsvorgaben. Spiele, solange du möchtest.	In dieser Karte gibt es keine Missionsvorgaben. Spiele, solange du möchtest.	此地图没有任务目标，尽情游玩吧。
data_m__data_m__C1_fhll__text_931001.txt	2	Du hast soeben eine Bevölkerungszahl von 800 erreicht. Weiter so!	Du hast soeben eine Bevölkerungszahl von 800 erreicht. Weiter so!	你的人口刚达到800。继续保持！
data_m__data_m__C1_fhll__text_931002.txt	1	Nicht weit von unserem Dorf entfernt fanden wir ein kleines Indianerdorf. Leider waren sie nicht sonderlich gut auf uns zu sprechen.	Nicht weit von unserem Dorf entfernt fanden wir ein kleines Indianerdorf. Leider waren sie nicht sonderlich gut auf uns zu sprechen.	在我们村子不远处发现了一个小型印第安村落。不幸的是他们对我们不太友好。
data_m__data_m__C1_fhll__text_931002.txt	2	Sie griffen uns direkt an.	Sie griffen uns direkt an.	他们直接攻击了我们。
data_m__data_m__C1_fhll__text_931003.txt	1	Der Häuptling der Mayas tritt dir mit einer großen Truppe seiner Krieger entgegen!	Der Häuptling der Mayas tritt dir mit einer großen Truppe seiner Krieger entgegen!	玛雅酋长率一大群战士向你进攻！
data_m__data_m__C1_fhll__text_931003.txt	2	"""Ihr wagt es, unser Reicht zu betreten, Fremde!?"	"""Ihr wagt es, unser Reicht zu betreten, Fremde!?"	"""你们竟敢踏入我们的领地，外族人！？"
data_m__data_m__C1_fhll__text_931003.txt	3	"Niemand darf ohne unsere Erlaubnis diesen Boden betreten. Macht schleunigst dass ihr weg kommt!"""	"Niemand darf ohne unsere Erlaubnis diesen Boden betreten. Macht schleunigst dass ihr weg kommt!"""	"未经允许任何人不得踏上这片土地。速速离去！"""
data_m__data_m__C1_fhll__text_932000.txt	1	Kalter Kampf	Kalter Kampf	寒冷之战
data_m__data_m__C1_fhll__text_932000.txt	2	Du befindest dich alleine mit den Mayas auf der Insel! Du bist auf dich allein gestellt und musst alles, was dein	Du befindest dich alleine mit den Mayas auf der Insel! Du bist auf dich allein gestellt und musst alles, was dein	你独自与玛雅人在这座岛上！你只能靠你自己，必须把一切你的人民
data_m__data_m__C1_fhll__text_932000.txt	3	Volk benötigt, selbst produzieren.	Volk benötigt, selbst produzieren.	所需的一切，自己生产。
data_m__data_m__C1_fhll__text_932000.txt	5	Stelle 30 Schwerter her und bereite dein Militär auf einen Kampf gegen die Mayas vor!	Stelle 30 Schwerter her und bereite dein Militär auf einen Kampf gegen die Mayas vor!	制造30把剑，让你的军队做好与玛雅人作战的准备！
data_m__data_m__C1_fhll__text_932001.txt	1	Du hast nun die nötigen 30 Schwerter produziert. Bewaffne damit deine Krieger und mach	Du hast nun die nötigen 30 Schwerter produziert. Bewaffne damit deine Krieger und mach	你已生产了所需的30把剑。用它武装你的战士，然后出发
data_m__data_m__C1_fhll__text_932001.txt	2	dich auf die Suche nach den Mayas im Westen.	dich auf die Suche nach den Mayas im Westen.	去寻找西方的玛雅人。
data_m__data_m__C1_fhll__text_933001.txt	1	Zusammenkunft	Zusammenkunft	聚会
data_m__data_m__C1_fhll__text_933001.txt	2	Vier Wikingerstämme und ein tauschfreudiger Mayastamm - wer wird diesen Kampf überleben?	Vier Wikingerstämme und ein tauschfreudiger Mayastamm - wer wird diesen Kampf überleben?	四个维京部族和一个爱交易的玛雅部族——谁能在这场战斗中存活？
data_m__data_m__C1_fhll__text_933002.txt	1	El Dorado	El Dorado	黄金国
data_m__data_m__C1_fhll__text_933002.txt	2	Vier Wikingerstämme und ein tauschfreudiger Mayastamm - wer zuerst 50 Gold erwirtschaftet, erhält die Gunst des Königs!	Vier Wikingerstämme und ein tauschfreudiger Mayastamm - wer zuerst 50 Gold erwirtschaftet, erhält die Gunst des Königs!	四个维京部族和一个爱交易的玛雅部族——谁先获得50金，就能得到国王的恩宠！
data_m__data_m__C1_fhll__text_933002.txt	4	Erwirtschafte 50 Gold!	Erwirtschafte 50 Gold!	产出50金！
data_m__data_m__C1_fhll__text_934000.txt	1	Offene Grenzen.	Offene Grenzen.	开放边境。
data_m__data_m__C1_fhll__text_934000.txt	2	Vier Wikingerstämme und ein feindlicher Indianerstamm!	Vier Wikingerstämme und ein feindlicher Indianerstamm!	四个维京部族和一个敌对的印第安部族！
data_m__data_m__C1_fhll__text_934000.txt	3	Alle Stämme wollen die Heerschaft über das Gebiet!	Alle Stämme wollen die Heerschaft über das Gebiet!	所有部族都想统治这片区域！
data_m__data_m__C1_fhll__text_934000.txt	4	Wer wird am schnellsten sein Dorf aufbauen und damit die Macht über das Gebiet erlangen?	Wer wird am schnellsten sein Dorf aufbauen und damit die Macht über das Gebiet erlangen?	谁能最快建好村落，从而掌控这片区域？
data_m__data_m__C1_fhll__text_934000.txt	6	Die Grenzen sind offen. Versuche die anderen Stämme so schnell wie möglich zu besiegen.	Die Grenzen sind offen. Versuche die anderen Stämme so schnell wie möglich zu besiegen.	边境是开放的。尽快击败其他部族吧。
data_m__data_m__C1_fhll__text_934001.txt	1	Ein neues Weihnachtsfest	Ein neues Weihnachtsfest	新的圣诞节
data_m__data_m__C1_fhll__text_934001.txt	2	Dein Clan der Wikinger hat nach einer langen, beschwerlichen Reise einen neuen Rastplatz erreicht.	Dein Clan der Wikinger hat nach einer langen, beschwerlichen Reise einen neuen Rastplatz erreicht.	你的维京氏族经过漫长艰辛的旅程找到了新的栖身之地。
data_m__data_m__C1_fhll__text_934001.txt	3	Der Häuptling befahl, dass hier ein neues Dorf entstehen soll. Da es kurz vor Weihnachten ist und es im Osten schon geschneit hat, sind wir auf die Hilfe der Eskimos angewiesen.	Der Häuptling befahl, dass hier ein neues Dorf entstehen soll. Da es kurz vor Weihnachten ist und es im Osten schon geschneit hat, sind wir auf die Hilfe der Eskimos angewiesen.	酋长下令在这里建立新村落。因为快到圣诞节了，东边已经下雪了，我们需要爱斯基摩人的帮助。
data_m__data_m__C1_fhll__text_934001.txt	5	Finde den Stamm der Eskimos im Osten.	Finde den Stamm der Eskimos im Osten.	圣诞节了，你应该找到东方的爱斯基摩部族。
data_m__data_m__C1_fhll__text_934001.txt	6	Baue dein Dorf auf 100 Einwohner aus!	Baue dein Dorf auf 100 Einwohner aus!	将你的村落发展到100人口！
data_m__data_m__C1_fhll__text_934001.txt	7	Erforsche aber auch das umliegende Gebiet und suche nach dem Weihnachtsmann, um eventuell ein Geschenk zu bekommen...	Erforsche aber auch das umliegende Gebiet und suche nach dem Weihnachtsmann, um eventuell ein Geschenk zu bekommen...	同时探索周围地区，寻找圣诞老人，也许能得到礼物……
data_m__data_m__C1_fhll__text_934002.txt	1	Es wurde soeben dein hunderster Einwohner geboren! Das ist eine sehr gute Leistung!	Es wurde soeben dein hunderster Einwohner geboren! Das ist eine sehr gute Leistung!	你的第100个居民刚刚出生！这是非常好的成就！
data_m__data_m__C1_fhll__text_934002.txt	2	Erledige nun die weiteren Aufgaben dieser Mission!	Erledige nun die weiteren Aufgaben dieser Mission!	成就。现在完成其余任务目标吧！
data_m__data_m__C1_fhll__text_934003.txt	1	Im Osten, etwas von unserem Dorf entfernt, fanden wir ein kleines Eskimodorf. Leider waren seine Bewohner nicht sehr gut auf uns zu sprechen.	Im Osten, etwas von unserem Dorf entfernt, fanden wir ein kleines Eskimodorf. Leider waren seine Bewohner nicht sehr gut auf uns zu sprechen.	在东方离我们村子不远的地方，我们发现了一个小型爱斯基摩村落。不幸的是那里的居民对我们不太友好。
data_m__data_m__C1_fhll__text_934003.txt	2	Der Häuptling der Eskimos konnte sich aber durchaus vorstellen, dass Friede zwischen uns herrschen könnte.	Der Häuptling der Eskimos konnte sich aber durchaus vorstellen, dass Friede zwischen uns herrschen könnte.	爱斯基摩酋长倒是可以想象双方之间能维持和平。
data_m__data_m__C1_fhll__text_934003.txt	3	Zahle den Eskimon den geforderten Tribut!	Zahle den Eskimon den geforderten Tribut!	能维持和平。向爱斯基摩人缴纳要求的贡品！
data_m__data_m__C1_fhll__text_934004.txt	1	Der Häuptling der Eskimos änderte nach dem Erhalt des Tributes schnell seine Meinung und machte uns gute Handelsangebote!	Der Häuptling der Eskimos änderte nach dem Erhalt des Tributes schnell seine Meinung und machte uns gute Handelsangebote!	爱斯基摩酋长收到贡品后迅速改变了主意，给了我们很好的贸易条件！
data_m__data_m__C1_fhll__text_934005.txt	1	"""Frohe Weihnachten!"""	"""Frohe Weihnachten!"""	"""圣诞快乐！"""
data_m__data_m__C1_fhll__text_934005.txt	2	"sprach der Weihnachtsmann, ""Für dein stets vernünftiges und gewissenhaftes Handeln bekommst auch du ein schönes Geschenk. Etwas südlich von uns befindet sich ein Goldberg, der nur auf dich wartet!"""	"sprach der Weihnachtsmann, ""Für dein stets vernünftiges und gewissenhaftes Handeln bekommst auch du ein schönes Geschenk. Etwas südlich von uns befindet sich ein Goldberg, der nur auf dich wartet!"""	"圣诞老人说道，""因为你一贯理智而负责任的行为，你也得到一份漂亮的礼物。在我们南边不远处有一座金山，正等着你！"""
data_m__data_m__C1_fhll__text_934006.txt	3	Nach einiger Zeit hast du es doch geschafft,	Nach einiger Zeit hast du es doch geschafft,	经过一段时间你终于成功了，
data_m__data_m__C1_fhll__text_934006.txt	4	den hohen Anforderungen dieser Mission gerecht zu werden.	den hohen Anforderungen dieser Mission gerecht zu werden.	达到了这个任务的高要求。
data_m__data_m__C1_fhll__text_934100.txt	1	Das Sonnenland	Das Sonnenland	太阳之地
data_m__data_m__C1_fhll__text_934100.txt	2	"Eine wunderschöne, harmonische Landschaft mit dem Namen ""Sonnenland""..."	"Eine wunderschöne, harmonische Landschaft mit dem Namen ""Sonnenland""..."	"一片名为""太阳之地""的美丽和谐的大地……"
data_m__data_m__C1_fhll__text_934100.txt	3	In dieser Idylle befinden sich zwei andere Wikingerstämme, welche kämpferisch alle anderen Stämme	In dieser Idylle befinden sich zwei andere Wikingerstämme, welche kämpferisch alle anderen Stämme	这片田园中还有两个维京部族，他们好斗且
data_m__data_m__C1_fhll__text_934100.txt	4	unterdrücken wollen.	unterdrücken wollen.	企图压迫你。
data_m__data_m__C1_fhll__text_934100.txt	5	Doch um dies zu verhindern, ist konsequentes Handeln gefragt. Was zu tun ist, weisst du aus den vorigen Missionen.	Doch um dies zu verhindern, ist konsequentes Handeln gefragt. Was zu tun ist, weisst du aus den vorigen Missionen.	但为了阻止这一切，需要果断行动。该做什么，你在之前的任务中已经知道了。
data_m__data_m__C1_fhll__text_934100.txt	6	Je länger du aber mit deinem Angriff wartest, desto mächtiger werden die anderen Stämme. Also beeile dich!	Je länger du aber mit deinem Angriff wartest, desto mächtiger werden die anderen Stämme. Also beeile dich!	你进攻等待越久，其他部族就越强大。所以抓紧时间！
data_m__data_m__C1_fhll__text_934100.txt	8	Die zwei anderen Stämme müssen so schnell wie möglich ausgelöscht werden.	Die zwei anderen Stämme müssen so schnell wie möglich ausgelöscht werden.	必须尽快消灭另外两个部族。
data_m__data_m__C1_fhll__text_934101.txt	1	Grüne Hügel	Grüne Hügel	翠绿丘陵
data_m__data_m__C1_fhll__text_934101.txt	2	Eine wunderschöne, harmonische Landschaft inmitten grüner Hügel...	Eine wunderschöne, harmonische Landschaft inmitten grüner Hügel...	一片位于翠绿丘陵间的美丽和谐大地……
data_m__data_m__C1_fhll__text_934101.txt	5	Doch um dies zu verhindern, ist konsequentes Handeln gefragt. Produziere 30 Schwerter und 30 Rüstungen.	Doch um dies zu verhindern, ist konsequentes Handeln gefragt. Produziere 30 Schwerter und 30 Rüstungen.	但为了阻止这一切，需要果断行动。生产30把剑和30副盔甲。
data_m__data_m__C1_fhll__text_934101.txt	6	Je länger du aber wartest, desto mächtiger werden die anderen Stämme. Also beeile dich!	Je länger du aber wartest, desto mächtiger werden die anderen Stämme. Also beeile dich!	你等待越久，其他部族就越强大。所以抓紧时间！
data_m__data_m__C1_fhll__text_934101.txt	8	Erwirtschafte so schnell wie möglich 30 Schwerter und 30 Rüstungen.	Erwirtschafte so schnell wie möglich 30 Schwerter und 30 Rüstungen.	尽快产出30把剑和30副盔甲。
data_m__data_m__C1_fhll__text_931001.txt	1	Herzlichen Glückwunsch!	Herzlichen Glückwunsch!	恭喜！
data_m__data_m__C1_fhll__text_933001.txt	4	Kämpfe um deine Machtstellung auf dieser Karte!	Kämpfe um deine Machtstellung auf dieser Karte!	在这张地图上争夺你的权力地位！
data_m__data_m__C1_fhll__text_934006.txt	1	Mission gewonnen!	Mission gewonnen!	任务胜利！
data_m__data_m__C1_fhll__text_934006.txt	2	Herzlichen Glückwunsch!	Herzlichen Glückwunsch!	恭喜！
data_m__data_m__C1_fhll__text_934101.txt	3	In dieser Idylle befinden sich zwei andere Wikingerstämme, welche kämpferisch alle anderen Stämme	In dieser Idylle befinden sich zwei andere Wikingerstämme, welche kämpferisch alle anderen Stämme	这片田园中还有两个维京部族，他们好斗地试图压制其他所有部族
data_m__data_m__C1_fhll__text_934101.txt	4	unterdrücken wollen.	unterdrücken wollen.	，想要压制一切。


data_m__data_m__C1_fhll__text_001201.txt	11	>适合建磨坊的地块 	适合建磨坊的地块	>适合建磨坊的地块 
data_m__data_m__C1_fhll__text_010151.txt	1	Spuren, welche die Nähe einer Eskimosiedlung vermuten ließen.	Spuren, welche die Nähe einer Eskimosiedlung vermuten ließen.	这些踪迹让人不禁猜测附近有一座爱斯基摩人的定居点。
data_m__data_m__C1_fhll__text_212001.txt	2	Eine friedliche Bauernsiedlung hat den Neid des ärmeren Nachbarn erregt.	Eine friedliche Bauernsiedlung hat den Neid des ärmeren Nachbarn erregt.	一座宁静的农民村落引来了穷邻居的嫉妒。
data_m__data_m__C1_fhll__text_212001.txt	3	Nun ist er mit seinem Drachenschiff am Strand gelandet, und hat sich dort häuslich niedergelassen. 	Nun ist er mit seinem Drachenschiff am Strand gelandet, und hat sich dort häuslich niedergelassen.	如今他乘着龙船在岸边登陆，并在这里安家落户。
data_m__data_m__C1_fhll__text_212001.txt	4	Besetze das Land und baue deine Siedlung auf über 60 Bewohner aus!	Besetze das Land und baue deine Siedlung auf über 60 Bewohner aus!	占领这片土地，把你的定居点发展到60人以上！
data_m__data_m__C1_fhll__text_212001.txt	5	Aber vorsicht! Provozier deinen Nachbarn nicht zu sehr. Seine Siedlung ist stark befestigt!	Aber vorsicht! Provozier deinen Nachbarn nicht zu sehr. Seine Siedlung ist stark befestigt!	但要小心！不要过分挑衅你的邻居。他的定居点固若金汤！
data_m__data_m__C1_fhll__text_400100.txt	2	Ein grünes, fruchtbares Land, gezeichnet von Zerstörung...	Ein grünes, fruchtbares Land, gezeichnet von Zerstörung...	一片绿色肥沃、却布满战争创伤的土地……
data_m__data_m__C1_fhll__text_400100.txt	3	Kämpfe mit bis zu 3 Gegnern um die Vorherrschaft und vernichte die Mehrheit deiner Gegner.	Kämpfe mit bis zu 3 Gegnern um die Vorherrschaft und vernichte die Mehrheit deiner Gegner.	与最多3名对手争夺霸权，消灭他们的大多数。
data_m__data_m__C1_fhll__text_400110.txt	2	Ein grünes, fruchtbares Land, gezeichnet von Zerstörung...	Ein grünes, fruchtbares Land, gezeichnet von Zerstörung...	一片绿色肥沃、却布满战争创伤的土地……
data_m__data_m__C1_fhll__text_400110.txt	3	Erreiche als Erster eine Bevölkerung von 60 Wikingern...	Erreiche als Erster eine Bevölkerung von 60 Wikingern...	率先将人口发展到60名维京人……
data_m__data_m__C1_fhll__text_400200.txt	2	Ein großes, waldiges Areal. 	Ein großes, waldiges Areal.	一片广阔的林区。
data_m__data_m__C1_fhll__text_400200.txt	3	Hier leben bis zu 4 Wikingerstämme seit altershehr verfeindet.	Hier leben bis zu 4 Wikingerstämme seit altershehr verfeindet.	这里世代居住着多达4个互相仇视的维京部落。
data_m__data_m__C1_fhll__text_400200.txt	4	Führe deine Armeen auf das alte Schlachtfeld in der Mitte der Welt und kehre als Sieger heim. 	Führe deine Armeen auf das alte Schlachtfeld in der Mitte der Welt und kehre als Sieger heim.	带领你的军队前往世界中央的古老战场，并凯旋而归。
data_m__data_m__C1_fhll__text_400200.txt	5	Dann vernichte die Wirtschaft deiner Feinde, in dem du ihre Haupthäuser zerstörst.	Dann vernichte die Wirtschaft deiner Feinde, in dem du ihre Haupthäuser zerstörst.	然后摧毁敌人的经济命脉，拆毁他们的主屋。
data_m__data_m__C1_fhll__text_400210.txt	2	Ein großes, waldiges Areal. Hier leben bis zu 4 Wikingerstämme seit altersher verfeindet. 	Ein großes, waldiges Areal. Hier leben bis zu 4 Wikingerstämme seit altersher verfeindet.	一片广阔的林地。这里世代居住着多达4个彼此敌对的维京部落。
data_m__data_m__C1_fhll__text_400210.txt	3	Das alte Schlachtfeld in der Mitte der Welt Zeugt von einer bewegten Vergangenheit. 	Das alte Schlachtfeld in der Mitte der Welt Zeugt von einer bewegten Vergangenheit.	世界中央的古老战场见证了一段动荡的历史。
data_m__data_m__C1_fhll__text_400210.txt	4	Doch zur Zeit herrscht Frieden. 	Doch zur Zeit herrscht Frieden.	然而此刻，和平尚在延续。
data_m__data_m__C1_fhll__text_400210.txt	5	Horte als Erster 30 Goldbarren in deinem Lagerhaus.	Horte als Erster 30 Goldbarren in deinem Lagerhaus.	率先在你的仓库中囤积30根金条。
data_m__data_m__C1_fhll__text_400300.txt	2	Ein Land der Flüsse und Wälder. 	Ein Land der Flüsse und Wälder.	一片河流与森林之地。
data_m__data_m__C1_fhll__text_400300.txt	3	Einst stand hier eine mächtige Stadt. 	Einst stand hier eine mächtige Stadt.	这里曾屹立着一座宏伟的城市。
data_m__data_m__C1_fhll__text_400300.txt	4	Nun ist sie verwaist und die Nachkommen streiten um das Erbe.	Nun ist sie verwaist und die Nachkommen streiten um das Erbe.	如今它已荒废，子孙后代仍在为继承权而争斗。
data_m__data_m__C1_fhll__text_400300.txt	5	Odin ist mit dir! 	Odin ist mit dir!	奥丁与你同在！
data_m__data_m__C1_fhll__text_400300.txt	6	Kämpfe gegen bis zu 4 Gegnern um den Titel des Herrschers.	Kämpfe gegen bis zu 4 Gegnern um den Titel des Herrschers.	与最多4个对手争战，夺取统治者的称号。
data_m__data_m__C1_fhll__text_400310.txt	2	Ein Land der Flüsse und Wälder. 	Ein Land der Flüsse und Wälder.	一片河流与森林之地。
data_m__data_m__C1_fhll__text_400310.txt	3	Einst stand hier eine mächtige Stadt. Nun ist sie verwaist und die Nachkommen streiten um das Erbe.	Einst stand hier eine mächtige Stadt. Nun ist sie verwaist und die Nachkommen streiten um das Erbe.	这里曾有一座宏伟的城市。如今它已荒废，后代们仍在争夺遗产。
data_m__data_m__C1_fhll__text_400310.txt	4	Erweise dich würdig und erreiche als Erster wieder eine Bevölkerung von 60 Einwohnern.	Erweise dich würdig und erreiche als Erster wieder eine Bevölkerung von 60 Einwohnern.	证明你的实力，率先将人口恢复到60人。
data_m__data_m__C1_fhll__text_400400.txt	2	Auf der Suche nach dem sagenhaften Friedhof der alten Mammuts triffst du auf bis zu 3 Gegenspieler. 	Auf der Suche nach dem sagenhaften Friedhof der alten Mammuts triffst du auf bis zu 3 Gegenspieler.	在寻找传说中远古猛犸象墓地的途中，你会遭遇最多3名对手。
data_m__data_m__C1_fhll__text_400400.txt	3	Mache mit ihnen kurzen Prozess.	Mache mit ihnen kurzen Prozess.	速战速决，让他们尝尝厉害。
data_m__data_m__C1_fhll__text_400410.txt	2	Auf der Suche nach dem sagenhaften Friedhof der alten Mammuts triffst du auf bis zu  3 Gegenspieler. 	Auf der Suche nach dem sagenhaften Friedhof der alten Mammuts triffst du auf bis zu  3 Gegenspieler.	在寻找传说中远古猛犸象墓地的途中，你会遭遇最多3名对手。
data_m__data_m__C1_fhll__text_400410.txt	3	Die Situation ist dir nicht ganz geheuer...	Die Situation ist dir nicht ganz geheuer...	眼前的局面让你感到隐隐不安……
data_m__data_m__C1_fhll__text_400410.txt	4	Bringe als erster 30 Rüstungen und 20 Schwerter in dein Hauptlager.	Bringe als erster 30 Rüstungen und 20 Schwerter in dein Hauptlager.	率先将30件盔甲和20把剑运回你的主仓库。
data_m__data_m__C1_fhll__text_400600.txt	2	Auf einem kleinen, tropischen Eiland, so lautet die Sage, liegt der Schatz einer verlorenen Zivilisation.	Auf einem kleinen, tropischen Eiland, so lautet die Sage, liegt der Schatz einer verlorenen Zivilisation.	相传在热带的一座小岛上，埋藏着一个失落文明的宝藏。
data_m__data_m__C1_fhll__text_400600.txt	3	Doch du bist nicht der einzige, der diese Geschichte kennt....	Doch du bist nicht der einzige, der diese Geschichte kennt....	但知道这个故事的人，并不只有你一个……
data_m__data_m__C1_fhll__text_400600.txt	4	Finde das Gold der versunkenen Stadt und behaupte dich gegen deinen Gegner.	Finde das Gold der versunkenen Stadt und behaupte dich gegen deinen Gegner.	找到沉没之城的黄金，并在与对手的较量中胜出。
data_m__data_m__C1_fhll__text_400610.txt	2	Auf einem kleinen tropischen Eiland, so geht die Sage, liegt der Schatz einer verlorenen Zivilisation	Auf einem kleinen tropischen Eiland, so geht die Sage, liegt der Schatz einer verlorenen Zivilisation	相传在热带的一座小岛上，埋藏着一个失落文明的宝藏。
data_m__data_m__C1_fhll__text_400610.txt	3	Doch du bist nicht der einzige, der diese Geschichte kennt...	Doch du bist nicht der einzige, der diese Geschichte kennt...	但知道这个故事的人，并不只有你一个……
data_m__data_m__C1_fhll__text_400610.txt	4	Finde das Gold der versunkenen Stadt und schaffe als erster 50 Gold in dein Lagerhaus.	Finde das Gold der versunkenen Stadt und schaffe als erster 50 Gold in dein Lagerhaus.	找到沉没之城的黄金，率先将50份黄金存入你的仓库。
data_m__data_m__C1_fhll__text_400700.txt	2	Nach einer langen Irrfahrt stranden weit im Westen 4 Langboote an einer unbekannten Küste... 	Nach einer langen Irrfahrt stranden weit im Westen 4 Langboote an einer unbekannten Küste...	在漫长而漫无目的的漂流之后，4艘龙船搁浅在西方一处陌生的海岸……
data_m__data_m__C1_fhll__text_400700.txt	3	Behaupte dich in diesem kargen Land gegen deine Gegner und besiege sie im Kampf um die knappen Rohstoffe.	Behaupte dich in diesem kargen Land gegen deine Gegner und besiege sie im Kampf um die knappen Rohstoffe.	在这片贫瘠的土地上站稳脚跟，战胜对手，赢得争夺稀缺资源的战斗。
data_m__data_m__C1_fhll__text_400710.txt	2	Nach einer langen Irrfahrt weit im Westen stranden 4 Langboote an einer unbekannten Küste... 	Nach einer langen Irrfahrt weit im Westen stranden 4 Langboote an einer unbekannten Küste...	经过漫长的漂流，4艘长船搁浅在西方一处陌生的海岸……
data_m__data_m__C1_fhll__text_400710.txt	3	Behaupte dich in diesem kargen Land gegen deine Gegner und erreiche als Erster eine Bevölkerung von 60 Einwohnern.	Behaupte dich in diesem kargen Land gegen deine Gegner und erreiche als Erster eine Bevölkerung von 60 Einwohnern.	在这片贫瘠的土地上与对手抗衡，率先将人口发展到60人。
data_m__data_m__C1_fhll__text_400900.txt	2	Der Vorabend einer gewaltigen Schlacht! 	Der Vorabend einer gewaltigen Schlacht!	一场大战的前夜！
data_m__data_m__C1_fhll__text_400900.txt	3	Baue deine Armee auf für den Kampf mit bis zu 6 gefährlichen Gegnern in diesem unüberschaubaren Waldland. 	Baue deine Armee auf für den Kampf mit bis zu 6 gefährlichen Gegnern in diesem unüberschaubaren Waldland.	在森林深处，与你多达6个危险对手作战，扩充你的军队。
data_m__data_m__C1_fhll__text_400900.txt	4	Vernichte die Mehrheit deiner Feinde, und führe deinen Stamm zu Ruhm und Ehre!	Vernichte die Mehrheit deiner Feinde, und führe deinen Stamm zu Ruhm und Ehre!	消灭多数敌人，带领你的部族走向荣耀与尊严！
data_m__data_m__C1_fhll__text_400910.txt	2	Der Vorabend einer gewaltigen Schlacht! 	Der Vorabend einer gewaltigen Schlacht!	一场大战的前夜！
data_m__data_m__C1_fhll__text_400910.txt	3	Baue deine Armee auf für den Kampf mit bis zu 5 gefährlichen Gegnern in diesem unüberschaubaren Waldland. 	Baue deine Armee auf für den Kampf mit bis zu 5 gefährlichen Gegnern in diesem unüberschaubaren Waldland.	在森林深处，与你多达5个危险对手作战，扩充你的军队。
data_m__data_m__C1_fhll__text_400910.txt	4	Erreiche als Erster eine Bevölkerung von 60 Leuten.	Erreiche als Erster eine Bevölkerung von 60 Leuten.	率先将人口发展到60人。
data_m__data_m__C1_fhll__text_401100.txt	2	Die Clanlords von bis zu 4 mächtigen Familien haben sich auf der Thing-Insel der Entscheidung eingefunden, um ein für allemal die Machtverhältnisse zu klären.	Die Clanlords von bis zu 4 mächtigen Familien haben sich auf der Thing-Insel der Entscheidung eingefunden, um ein für allemal die Machtverhältnisse zu klären.	多达4个强大家族的首领们齐聚议事岛，以彻底厘清权力归属。
data_m__data_m__C1_fhll__text_401100.txt	3	Führe deine Armeen auf das alte Schlachtfeld in der Mitte der Insel und kehre als Sieger heim. 	Führe deine Armeen auf das alte Schlachtfeld in der Mitte der Insel und kehre als Sieger heim.	带领你的军队前往岛屿中央的远古战场，并凯旋而归。
data_m__data_m__C1_fhll__text_401100.txt	4	Dann vernichte die Produktionsstätten deiner Feinde, in dem du ihre Haupthäuser zerstörst.	Dann vernichte die Produktionsstätten deiner Feinde, in dem du ihre Haupthäuser zerstörst.	随后摧毁敌人的生产设施，拆毁他们的主屋。
data_m__data_m__C1_fhll__text_401110.txt	2	Die Clanlords von bis zu 4 mächtigen Familien haben sich auf der Thing-Insel der Entscheidung eingefunden, um ein für allemal die Machtverhältnisse zu klären.	Die Clanlords von bis zu 4 mächtigen Familien haben sich auf der Thing-Insel der Entscheidung eingefunden, um ein für allemal die Machtverhältnisse zu klären.	多达4个强大家族的首领们齐聚议事岛，以彻底厘清权力归属。
data_m__data_m__C1_fhll__text_401110.txt	3	Horte als Erster 25 Gold und 25 Schwerter in deinem Lager.	Horte als Erster 25 Gold und 25 Schwerter in deinem Lager.	率先在你的仓库中囤积25份黄金和25把剑。
data_m__data_m__C1_fhll__text_401200.txt	2	Eine friedliche Bauernsiedlung hat den Neid des ärmeren Nachbarn erregt.	Eine friedliche Bauernsiedlung hat den Neid des ärmeren Nachbarn erregt.	一座安宁的农民村落引来了穷邻居的嫉妒。
data_m__data_m__C1_fhll__text_401200.txt	3	Nun ist er mit seinem Drachenschiff am Strand gelandet und hat sich dort häuslich niedergelassen. 	Nun ist er mit seinem Drachenschiff am Strand gelandet und hat sich dort häuslich niedergelassen.	如今他乘着龙船在岸边登陆，在此定居下来。
data_m__data_m__C1_fhll__text_401200.txt	4	Greife nun in der Rolle der Invasoren das Dorf an, oder verteidige es als Dorfbewohner mit deinen tapferen Bogenschützen.	Greife nun in der Rolle der Invasoren das Dorf an, oder verteidige es als Dorfbewohner mit deinen tapferen Bogenschützen.	你可以扮演入侵者进攻村庄，也可以作为村民与你的弓箭手们一起保卫家园。
data_m__data_m__C1_fhll__text_401210.txt	2	Eine friedliche Bauernsiedlung hat den Neid des ärmeren Nachbarn erregt.	Eine friedliche Bauernsiedlung hat den Neid des ärmeren Nachbarn erregt.	一座安宁的农民村落引来了穷邻居的嫉妒。
data_m__data_m__C1_fhll__text_401210.txt	3	Nun ist er mit seinem Drachenschiff am Strand gelandet, und hat sich dort häuslich niedergelassen. 	Nun ist er mit seinem Drachenschiff am Strand gelandet, und hat sich dort häuslich niedergelassen.	如今他乘着龙船在岸边登陆，并在此定居下来。
data_m__data_m__C1_fhll__text_401210.txt	4	Schaffe als Erster 25 Goldbarren und 25 Rüstungen in dein Hauptlager.	Schaffe als Erster 25 Goldbarren und 25 Rüstungen in dein Hauptlager.	率先将25根金条和25件盔甲存入你的主仓库。
data_m__data_m__C1_fhll__text_401300.txt	2	Eine Insel der Gegensätze. 	Eine Insel der Gegensätze.	一座对立之岛。
data_m__data_m__C1_fhll__text_401300.txt	3	Im Norden fruchtbare, schwüle Tropen, im Süden karge Eiswüsten. 	Im Norden fruchtbare, schwüle Tropen, im Süden karge Eiswüsten.	北部是肥沃湿润的丛林，南部是贫瘠的冰原。
data_m__data_m__C1_fhll__text_401300.txt	4	Mit bis zu 3 weiteren Inselbewohnern kämpfst du um die Vorherrschaft.	Mit bis zu 3 weiteren Inselbewohnern kämpfst du um die Vorherrschaft.	与最多3名岛民争夺霸权。
data_m__data_m__C1_fhll__text_401310.txt	2	Eine Insel der Gegensätze. 	Eine Insel der Gegensätze.	一座对立之岛。
data_m__data_m__C1_fhll__text_401310.txt	3	Im Norden fruchtbare, schwüle Tropen, im Süden karge Eiswüsten. 	Im Norden fruchtbare, schwüle Tropen, im Süden karge Eiswüsten.	北部是肥沃湿润的丛林，南部是贫瘠的冰原。
data_m__data_m__C1_fhll__text_401310.txt	4	Mit bis zu 3 Weiteren Inselbewohnern kämpfst du um die Vorherrschaft mit den Eingeborenen. 	Mit bis zu 3 Weiteren Inselbewohnern kämpfst du um die Vorherrschaft mit den Eingeborenen.	与最多3名岛民及原住民争夺霸权。
data_m__data_m__C1_fhll__text_401310.txt	5	Erreiche als Erster eine Bevölkerung von 60 Einwohnern.	Erreiche als Erster eine Bevölkerung von 60 Einwohnern.	率先将人口发展到60人。
data_m__data_m__C1_fhll__text_401400.txt	2	4 mächtige Städte in einer endlos weiten Ebene liegen seit Jahren miteinander im Zwist.	4 mächtige Städte in einer endlos weiten Ebene liegen seit Jahren miteinander im Zwist.	在无垠的原野上，4座强盛的城市已相互争斗多年。
data_m__data_m__C1_fhll__text_401400.txt	3	Bisher konnten geschickte Diplomaten den Ausbruch von Feindseligkeiten immer verhindern, doch was zuviel ist, ist zuviel!	Bisher konnten geschickte Diplomaten den Ausbruch von Feindseligkeiten immer verhindern, doch was zuviel ist, ist zuviel!	此前，老练的外交官们总是避免冲突激化，但忍无可忍，无须再忍！
data_m__data_m__C1_fhll__text_401400.txt	4	Verbünde dich mit deinen Nachbarn und wirf den frechen Emporkömmlingen auf der anderen Seite der Berge eine Armee entgegen, wie sie dieses Land noch nicht gesehen hat! 	Verbünde dich mit deinen Nachbarn und wirf den frechen Emporkömmlingen auf der anderen Seite der Berge eine Armee entgegen, wie sie dieses Land noch nicht gesehen hat!	与你的邻居结盟，为山那边的狂妄暴发户们送上一支他们前所未见的大军！
data_m__data_m__C1_fhll__text_401400.txt	5	Oder vernichte sie einfach alle....	Oder vernichte sie einfach alle....	或者干脆将他们全部消灭……
data_m__data_m__C1_fhll__text_401410.txt	2	Vier Mächtige Städte in einer endlos weiten Ebene liegen seit Jahrzehnten miteinander im Zwist.	Vier Mächtige Städte in einer endlos weiten Ebene liegen seit Jahrzehnten miteinander im Zwist.	在无垠的原野上，4座强盛的城市数十年来争斗不休。
data_m__data_m__C1_fhll__text_401410.txt	3	Bisher konnten geschickte Diplomaten den Ausbruch von Feindseligkeiten immer verhindern...	Bisher konnten geschickte Diplomaten den Ausbruch von Feindseligkeiten immer verhindern...	此前，老练的外交官们总能避免冲突爆发……
data_m__data_m__C1_fhll__text_401410.txt	4	Erreiche als Erster eine Bevölkerung von 100 Einwohner.	Erreiche als Erster eine Bevölkerung von 100 Einwohner.	率先将人口发展到100人。
data_m__data_m__C1_fhll__text_401500.txt	2	Ein Kleinfürst unterjocht das ganze Land.	Ein Kleinfürst unterjocht das ganze Land.	一位小暴君压迫着整个国家。
data_m__data_m__C1_fhll__text_401500.txt	3	Verbünde dich mit bis zu 2 anderen aufrechten Wikingerstämmen und belagere mit den vereinigten Armeen die mächtige Festung des Tyrannen im Osten. 	Verbünde dich mit bis zu 2 anderen aufrechten Wikingerstämmen und belagere mit den vereinigten Armeen die mächtige Festung des Tyrannen im Osten.	与最多2个正义的维京部落结盟，联合大军围攻东部暴君的堡垒。
data_m__data_m__C1_fhll__text_401510.txt	2	Ein örtlicher Kleinfürst unterjocht das ganze Land. 	Ein örtlicher Kleinfürst unterjocht das ganze Land.	一位地方小暴君压迫着整个国家。
data_m__data_m__C1_fhll__text_401510.txt	3	Nun ist er beim König in Ungnade gefallen und ein Nachfolger wird gesucht.	Nun ist er beim König in Ungnade gefallen und ein Nachfolger wird gesucht.	如今他已失宠于国王，继任者正在寻找之中。
data_m__data_m__C1_fhll__text_401510.txt	4	Wer als erstes 30 Gold in seinem Hauptlager sammelt, gewinnt die Gunst des Herrschers.	Wer als erstes 30 Gold in seinem Hauptlager sammelt, gewinnt die Gunst des Herrschers.	谁先在自己的主仓库中收集到30份黄金，就能赢得统治者的赏识。
data_m__data_m__C1_fhll__text_401600.txt	2	Eine dichte Waldlandschaft an der Küste. 	Eine dichte Waldlandschaft an der Küste.	沿海密林。
data_m__data_m__C1_fhll__text_401600.txt	3	Büffel grasen friedlich um einen großen See...	Büffel grasen friedlich um einen großen See...	野牛在宽阔的湖畔安静地吃草……
data_m__data_m__C1_fhll__text_401600.txt	4	Finde und vernichte deine beiden Gegner in den Wäldern. 	Finde und vernichte deine beiden Gegner in den Wäldern.	找到并歼灭森林中的两个敌人。
data_m__data_m__C1_fhll__text_401600.txt	5	Dann vernichte die Produktionsstätten deiner Feinde, indem du ihre Haupthäuser zerstörst.	Dann vernichte die Produktionsstätten deiner Feinde, indem du ihre Haupthäuser zerstörst.	然后通过拆毁他们的主屋，来破坏敌人的生产设施。
data_m__data_m__C1_fhll__text_401610.txt	2	Eine dichte Waldlandschaft an der Küste. 	Eine dichte Waldlandschaft an der Küste.	沿海密林。
data_m__data_m__C1_fhll__text_401610.txt	3	Büffel grasen friedlich um einen grossen See.	Büffel grasen friedlich um einen grossen See.	野牛在宽阔的湖畔安静地吃草。
data_m__data_m__C1_fhll__text_401610.txt	4	Besiedle das neue Land und erreiche als Erster eine Bevölkerung von 60 Einwohnern.	Besiedle das neue Land und erreiche als Erster eine Bevölkerung von 60 Einwohnern.	移民新土地，率先将人口发展到60人。
data_m__data_m__C1_fhll__text_401700.txt	2	Überlebe im Tal des Todes! Vernichte die Mehrzahl deiner Gegner!	Überlebe im Tal des Todes! Vernichte die Mehrzahl deiner Gegner!	在死亡之谷中幸存下来！消灭大多数敌人！
data_m__data_m__C1_fhll__text_401710.txt	2	Überlebe im Tal des Todes und erreiche als Erster eine Bevölkerung von 60 Bewohnern.	Überlebe im Tal des Todes und erreiche als Erster eine Bevölkerung von 60 Bewohnern.	在死亡之谷中幸存下来，并率先将人口发展到60人。
data_m__data_m__C1_fhll__text_401800.txt	2	Auf deinem Streifzug durch Nordamerika triffst du auf feindliche Wikingerstämme...	Auf deinem Streifzug durch Nordamerika triffst du auf feindliche Wikingerstämme...	在穿越北美大陆的途中，你遭遇了敌对的维京部落……
data_m__data_m__C1_fhll__text_401800.txt	3	Kämpfe ums Überleben und vernichte die Mehrzahl deiner Gegner.	Kämpfe ums Überleben und vernichte die Mehrzahl deiner Gegner.	为生存而战，消灭大多数敌人。
data_m__data_m__C1_fhll__text_401810.txt	2	Auf deinem Streifzug durch Nordamerika triffst du auf andere Wikingerstämme.	Auf deinem Streifzug durch Nordamerika triffst du auf andere Wikingerstämme.	在穿越北美大陆的途中，你遇到了其他维京部落。
data_m__data_m__C1_fhll__text_401810.txt	3	Wer war als Erster dort und wer hat nun die älteren Rechte? 	Wer war als Erster dort und wer hat nun die älteren Rechte?	谁先抵达此地，谁便拥有更古老的优先权？
data_m__data_m__C1_fhll__text_401810.txt	4	Ein Wettstreit soll die Entscheidung bringen: Sammle als erster 75 Holz, 75 Stein und 75 Lehm in deinem Hauptlager.	Ein Wettstreit soll die Entscheidung bringen: Sammle als erster 75 Holz, 75 Stein und 75 Lehm in deinem Hauptlager.	让竞赛一决胜负：率先在你的主仓库中收集75份木材、75份石材和75份黏土。
data_m__data_m__C1_fhll__text_401900.txt	2	Finde den legendären Goldberg und vernichte jeden Emporkömmling, der es wagt, sich daran zu vergreifen. 	Finde den legendären Goldberg und vernichte jeden Emporkömmling, der es wagt, sich daran zu vergreifen.	找到传说中的金山，并将任何胆敢染指的暴发户消灭干净。
data_m__data_m__C1_fhll__text_401900.txt	3	Dann vernichte die Produktionsstätten deiner Feinde, indem du ihre Haupthäuser zerstörst.	Dann vernichte die Produktionsstätten deiner Feinde, indem du ihre Haupthäuser zerstörst.	然后通过拆除他们的房屋，摧毁敌人的生产设施。
data_m__data_m__C1_fhll__text_401910.txt	2	Die örtlichen Indianer munkeln von einem legenderen Goldberg... 	Die örtlichen Indianer munkeln von einem legenderen Goldberg...	当地土著悄悄流传着一个传奇金山……
data_m__data_m__C1_fhll__text_401910.txt	3	Finde den Berg und horte im Wettstreit mit den anderen Schatzjägern 60 Gold in deinem Haupthaus.	Finde den Berg und horte im Wettstreit mit den anderen Schatzjägern 60 Gold in deinem Haupthaus.	找到金山，在与其他淘金者的竞争中，率先在你的主屋中囤积60份黄金。
data_m__data_m__C1_fhll__text_402000.txt	2	Gott Loki sieht zu, wie du mit den anderen Stämmen um die Vorherrschaft in dieser Gegend am Rande des Höllenschlundes kämpfst.	Gott Loki sieht zu, wie du mit den anderen Stämmen um die Vorherrschaft in dieser Gegend am Rande des Höllenschlundes kämpfst.	洛基之神正注视着你与诸部落在这片深渊边缘之地的争霸。
data_m__data_m__C1_fhll__text_402010.txt	2	Das Leben am Rande des Höllentores ist hart! 	Das Leben am Rande des Höllentores ist hart!	地狱门边的日子异常艰辛！
data_m__data_m__C1_fhll__text_402010.txt	3	Versuche trotzdem, als Erster 20 Gold und 30 Armor in deinem Hauptlager zu horten. 	Versuche trotzdem, als Erster 20 Gold und 30 Armor in deinem Hauptlager zu horten.	尽管如此，也要奋力成为第一个在仓库中囤积20份黄金和30件盔甲的人。
data_m__data_m__C1_fhll__text_402010.txt	4	Möge Loki dir gnädig sein!	Möge Loki dir gnädig sein!	愿洛基眷顾你！
data_m__data_m__C1_fhll__text_402020.txt	3	Dampfender Dschungel - ein geheimnisvolles Zentralmassiv...	Dampfender Dschungel - ein geheimnisvolles Zentralmassiv...	蒸汽升腾的丛林——一片神秘的高原腹地……
data_m__data_m__C1_fhll__text_402020.txt	4	Erforsche die Insel und besiedle sie.	Erforsche die Insel und besiedle sie.	探索这座岛屿并定居下来。
data_m__data_m__C1_fhll__text_402030.txt	3	Schon ganz andere haben versucht, das Gold der alten Ruinenstadt zu heben,	Schon ganz andere haben versucht, das Gold der alten Ruinenstadt zu heben,	曾有许多人试图开采古老废墟之城的黄金，
data_m__data_m__C1_fhll__text_402030.txt	4	doch sind sie alle kläglich gescheitert!	doch sind sie alle kläglich gescheitert!	但他们全部一败涂地！
data_m__data_m__C1_fhll__text_402030.txt	5	Horte 20 Goldbarren in deinem Hauptlager und sei gewarnt! Es gibt noch andere 	Horte 20 Goldbarren in deinem Hauptlager und sei gewarnt! Es gibt noch andere	在你的主仓库中囤积20根金条，并小心！还有别的
data_m__data_m__C1_fhll__text_402030.txt	6	Inselbewohner, die den Schatz für sich beanspruchen!	Inselbewohner, die den Schatz für sich beanspruchen!	岛民也对这笔宝藏虎视眈眈！
data_m__data_m__C1_fhll__text_402110.txt	2	In einer eisigen, endlos weiten Einöde kämpfen 	In einer eisigen, endlos weiten Einöde kämpfen	在冰天雪地、一望无际的荒原上，
data_m__data_m__C1_fhll__text_402110.txt	3	4 Wikingerfamilien um das nackte Überleben, denn	4 Wikingerfamilien um das nackte Überleben, denn	4个维京家庭正在为生存而战，因为
data_m__data_m__C1_fhll__text_402110.txt	4	der Winter steht vor der Tür.	der Winter steht vor der Tür.	冬天即将来临。
data_m__data_m__C1_fhll__text_402110.txt	5	Jetzt heisst es Ärmel hochkrämpeln und möglichst 	Jetzt heisst es Ärmel hochkrämpeln und möglichst	现在必须撸起袖子，抓紧
data_m__data_m__C1_fhll__text_402110.txt	6	schnell ein Dorf aus dem Boden stampfen.	schnell ein Dorf aus dem Boden stampfen.	时间将村庄建起来。
data_m__data_m__C1_fhll__text_402110.txt	7	Erreiche als Erster eine Bevölkerung von 100 Einwohner.	Erreiche als Erster eine Bevölkerung von 100 Einwohner.	率先将人口发展到100人。
data_m__data_m__C1_fhll__text_402310.txt	2	Vier konkurierende Wikingerstämme wetteifern im 	Vier konkurierende Wikingerstämme wetteifern im	4个相互竞争的维京部落在
data_m__data_m__C1_fhll__text_402310.txt	3	unwegsamen Mayadschungel um die Vorherrschaft.	unwegsamen Mayadschungel um die Vorherrschaft.	玛雅丛林中争夺霸权。
data_m__data_m__C1_fhll__text_402310.txt	4	Erforsche den erloschenen Vulkan und produziere Rüstungen und 	Erforsche den erloschenen Vulkan und produziere Rüstungen und	探索那座死火山，生产盔甲和
data_m__data_m__C1_fhll__text_402310.txt	5	Schwerter für die Dinge, die da kommen mögen...	Schwerter für die Dinge, die da kommen mögen...	剑，为即将到来的一切做好准备……
data_m__data_m__C1_fhll__text_402310.txt	6	Horte als Erster 25 Rüstungen und 25 Schwerter in deinem Lager.	Horte als Erster 25 Rüstungen und 25 Schwerter in deinem Lager.	率先在你的仓库中囤积25件盔甲和25把剑。
data_m__data_m__C1_fhll__text_800051.txt	2	Tief inmitten des dunklen Waldes liegt ein befreundetes Nachbardorf. Eines nachts dringt der Lärm von klirrenden	Tief inmitten des dunklen Waldes liegt ein befreundetes Nachbardorf. Eines nachts dringt der Lärm von klirrenden	幽暗森林深处，坐落着一个友好的邻村。一天夜里，铿锵的
data_m__data_m__C1_fhll__text_800051.txt	3	Schwertern zu euch rüber. Sofort macht ihr euch auf, dem schrecklichem Kampfeslärm nachzugehen.	Schwertern zu euch rüber. Sofort macht ihr euch auf, dem schrecklichem Kampfeslärm nachzugehen.	刀剑声传入你们的耳中。你们立即出发，循着可怕的战斗声而去。
data_m__data_m__C1_fhll__text_970002.txt	1	Ein mächtiges Grollen rollt über die Insel herein und die Erde bebt für einige Zeit. Als deine Wikinger sich wieder aufgerappelt haben, sehen sie ein rötliches Leuten am westlichen Himmel. 	Ein mächtiges Grollen rollt über die Insel herein und die Erde bebt für einige Zeit. Als deine Wikinger sich wieder aufgerappelt haben, sehen sie ein rötliches Leuten am westlichen Himmel.	一阵震耳欲聋的轰鸣声席卷岛屿，大地颤动良久。当你的维京人重新站稳后，看到西方天际泛起一片红光。
data_m__data_m__C1_fhll__text_970002.txt	2	Dein Kundschafter kommt aufgeregt in deine Siedlung und berichtet, dass sich über einem Berg im Süden eine dunkle Rauchwolke auftürmt.	Dein Kundschafter kommt aufgeregt in deine Siedlung und berichtet, dass sich über einem Berg im Süden eine dunkle Rauchwolke auftürmt.	你的侦察兵匆忙赶回定居点报告说，南方一座山峰上方，正升起一股黑色的烟柱。
data_m__data_m__C1_fhll__text_970002.txt	3	Erforsche das Eiland!	Erforsche das Eiland!	探索这片岛屿！
data_m__data_m__C1_fhll__text_988801.txt	2	Dein Clan der Wikinger hat nach einer langen, beschwerlichen Reise die Küsten des nördlichen Meeres erreicht.	Dein Clan der Wikinger hat nach einer langen, beschwerlichen Reise die Küsten des nördlichen Meeres erreicht.	经过漫长而艰辛的航行，你的维京氏族终于抵达了北海的海岸。
data_m__data_m__C1_fhll__text_988801.txt	3	Weite Eisfelder und Gletschergebiete erstrecken sich bis zum Horizont und ein kalter Wind heult den Nordmännern um die Ohren.	Weite Eisfelder und Gletschergebiete erstrecken sich bis zum Horizont und ein kalter Wind heult den Nordmännern um die Ohren.	广袤的冰原与冰川一直延伸至地平线，凛冽的寒风在北方勇士们耳边呼啸。
data_m__data_m__C1_fhll__text_988801.txt	4	Nach mühseliger Suche entdecken sie eine geschützte Bucht am Fuße eines Berges.	Nach mühseliger Suche entdecken sie eine geschützte Bucht am Fuße eines Berges.	经过一番艰苦搜索，他们在山脚下发现了一个避风的海湾。
data_m__data_m__C1_fhll__text_988801.txt	5	Dort entspringt ein kleiner Fluß, der von heißen, unterirdischen Quellen gespeist wird und sich in gewundenen Pfaden	Dort entspringt ein kleiner Fluß, der von heißen, unterirdischen Quellen gespeist wird und sich in gewundenen Pfaden	一条由地下温泉补给的溪流从那里蜿蜒而出，
data_m__data_m__C1_fhll__text_988801.txt	6	ins Nordmeer ergiest.	ins Nordmeer ergiest.	汇入北海。
data_m__data_m__C1_fhll__text_988801.txt	7	ein idealer Rastplatz für die müden Helden...	ein idealer Rastplatz für die müden Helden...	这里便是疲惫的英雄们理想的休憩之地……
data_m__data_m__C1_fhll__text_988801.txt	8	ZIELE:	ZIELE:	目标：
data_m__data_m__C1_fhll__text_988801.txt	9	Baue zunächst dein Lager aus und sichere die Ernährung deines Volkes.	Baue zunächst dein Lager aus und sichere die Ernährung deines Volkes.	首先扩建你的营地，确保族人的食物供给。
data_m__data_m__C1_fhll__text_988801.txt	10	Die Kundschafter berichten von Spuren im Schnee, die von Eskimos stammen könnten. 	Die Kundschafter berichten von Spuren im Schnee, die von Eskimos stammen könnten.	侦察兵报告说雪地里发现了踪迹，这可能是爱斯基摩人留下的。
data_m__data_m__C1_fhll__text_988801.txt	11	Suche die Eskimos im Norden.	Suche die Eskimos im Norden.	前往北方寻找爱斯基摩人。
data_m__data_m__C1_fhll__text_988802.txt	2	Seid gegrüßt tapfere Wikinger!	Seid gegrüßt tapfere Wikinger!	勇敢的维京人，欢迎你们！
data_m__data_m__C1_fhll__text_988802.txt	3	Wir machen uns große Sorgen, da wir in diesem Winter noch keine Vorboten des Weihnachtsmanns gesehen haben. 	Wir machen uns große Sorgen, da wir in diesem Winter noch keine Vorboten des Weihnachtsmanns gesehen haben.	我们非常担心，因为整个冬天都没见到圣诞老人的踪影。
data_m__data_m__C1_fhll__text_988802.txt	4	Vielleicht liegt es daran, dass wir keine Stiefel besitzen, die er mit Geschenken füllen kann.	Vielleicht liegt es daran, dass wir keine Stiefel besitzen, die er mit Geschenken füllen kann.	或许是因为我们连一双能装礼物的靴子都没有。
data_m__data_m__C1_fhll__text_988802.txt	5	Wenn ihr uns allerdings helft und 20 Paar Stiefel gebt, werden wir gerne mit euch Wikingern Handel betreiben.	Wenn ihr uns allerdings helft und 20 Paar Stiefel gebt, werden wir gerne mit euch Wikingern Handel betreiben.	倘若你们愿意帮忙，送我们20双靴子，我们很乐意与你们维京人通商。
data_m__data_m__C1_fhll__text_988802.txt	6	ZIELE:	ZIELE:	目标：
data_m__data_m__C1_fhll__text_988802.txt	7	Überreiche dem Eiswind-Stamm 20 Paar Stiefel (Schuhe).	Überreiche dem Eiswind-Stamm 20 Paar Stiefel (Schuhe).	向冰风族献上20双靴子（鞋子）。
data_m__data_m__C1_fhll__text_988803.txt	2	Seid gegrüßt tapfere Wikinger!	Seid gegrüßt tapfere Wikinger!	勇敢的维京人，欢迎你们！
data_m__data_m__C1_fhll__text_988803.txt	3	Vielen Dank für die hervorragenden Stiefel, die ihr uns geschustert habt. 	Vielen Dank für die hervorragenden Stiefel, die ihr uns geschustert habt.	多谢你们精心缝制的靴子。
data_m__data_m__C1_fhll__text_988803.txt	4	Diese kann nun nicht nur der Weihnachtsmann mit tollen Geschenken füllen, sondern wir werden darin auch im harten Winter warme Füße behalten.	Diese kann nun nicht nur der Weihnachtsmann mit tollen Geschenken füllen, sondern wir werden darin auch im harten Winter warme Füße behalten.	这下圣诞老人不仅能往靴子里塞满精美的礼物，我们也能在严寒中保住双脚的温暖。
data_m__data_m__C1_fhll__text_988803.txt	5	Allerdings scheint es außer den Stiefeln noch ein weiteres Problem zu geben...	Allerdings scheint es außer den Stiefeln noch ein weiteres Problem zu geben...	不过，除了靴子，似乎还有另一个难题……
data_m__data_m__C1_fhll__text_988803.txt	6	Suche den Weihnachtsmann im Küstengebiet nord-westlich von eurem Lager und finde heraus, was dort vorgeht!	Suche den Weihnachtsmann im Küstengebiet nord-westlich von eurem Lager und finde heraus, was dort vorgeht!	前往营地西北方的海岸地带寻找圣诞老人，看看那里究竟发生了什么！
data_m__data_m__C1_fhll__text_988803.txt	7	ZIELE:	ZIELE:	目标：
data_m__data_m__C1_fhll__text_988803.txt	8	Finde den Weihnachtsmann	Finde den Weihnachtsmann	找到圣诞老人
data_m__data_m__C1_fhll__text_988804.txt	2	In den kalten Ebenen der Küstenregion gibt es Zwist zwischen den Helfern des Weihnachtsmann und den Miesepetern.	In den kalten Ebenen der Küstenregion gibt es Zwist zwischen den Helfern des Weihnachtsmann und den Miesepetern.	寒冷的海岸平原地带，圣诞老人的助手们与一群“牢骚鬼”发生了争执。
data_m__data_m__C1_fhll__text_988804.txt	3	Die Miesepeter sind verägert, da sie befürchten, dieses Jahr keine Geschenke zu Weihnachten zu bekommen.	Die Miesepeter sind verägert, da sie befürchten, dieses Jahr keine Geschenke zu Weihnachten zu bekommen.	牢骚鬼们怒气冲冲，因为他们担心今年将收不到圣诞礼物。
data_m__data_m__C1_fhll__text_988804.txt	4	Deshalb wollen sie Weihnachten verhindern und den Weihnachtsmann und seine Helfer nicht aufs Festland 	Deshalb wollen sie Weihnachten verhindern und den Weihnachtsmann und seine Helfer nicht aufs Festland	所以他们想破坏圣诞节，不让圣诞老人和他的助手前往大陆
data_m__data_m__C1_fhll__text_988804.txt	5	weiter reisen lassen.	weiter reisen lassen.	继续航行。
data_m__data_m__C1_fhll__text_988804.txt	7	Finde den Weihnachtsmann	Finde den Weihnachtsmann	找到圣诞老人
data_m__data_m__C1_fhll__text_988805.txt	2	Brave Wikinger, ich danke euch das ihr die beschwerliche Suche zu mir auf euch genommen habt.	Brave Wikinger, ich danke euch das ihr die beschwerliche Suche zu mir auf euch genommen habt.	勇敢的维京人，感谢你们不畏辛劳前来寻找我。
data_m__data_m__C1_fhll__text_988805.txt	3	Wie ihr sicherlich bemerkt habt, wollen die Miesepeter dieses Jahr Weihnachten verhindern.	Wie ihr sicherlich bemerkt habt, wollen die Miesepeter dieses Jahr Weihnachten verhindern.	你们想必已经注意到，牢骚鬼今年想破坏圣诞节。
data_m__data_m__C1_fhll__text_988805.txt	4	Vielleicht kannst du sie beruhigen und so für alle Völker das Weihnachtsfest retten.	Vielleicht kannst du sie beruhigen und so für alle Völker das Weihnachtsfest retten.	也许你能安抚他们，从而为所有人保住圣诞节。
data_m__data_m__C1_fhll__text_988805.txt	5	Die Miesepeter sind sehr schwer zu besänftigen, vielleicht kannst du ihnen das einzige Geschenk	Die Miesepeter sind sehr schwer zu besänftigen, vielleicht kannst du ihnen das einzige Geschenk	牢骚鬼很难被讨好，也许你能给他们弄来一件他们唯一满意的
data_m__data_m__C1_fhll__text_988805.txt	6	beschaffen, das sie zufrieden stellt:	beschaffen, das sie zufrieden stellt:	礼物：
data_m__data_m__C1_fhll__text_988805.txt	7	Bringe ihnen 20 Einheiten des glitzernden gelben Metalls, das sie so sehr mögen.	Bringe ihnen 20 Einheiten des glitzernden gelben Metalls, das sie so sehr mögen.	送给他们20份他们最喜爱的闪亮黄色金属。
data_m__data_m__C1_fhll__text_988805.txt	8	ZIEL :	ZIEL :	目标：
data_m__data_m__C1_fhll__text_988805.txt	9	Übergebe den Miesepetern 20 Einheiten Gold (zahle Tribut)!	Übergebe den Miesepetern 20 Einheiten Gold (zahle Tribut)!	向牢骚鬼们缴纳20份黄金（交付贡品）！
data_m__data_m__C1_fhll__text_988806.txt	2	Die Miesepeter sind glücklich und zufrieden und werden künftig die Gehilfen des Weihnachtsmannes nicht mehr belästigen.	Die Miesepeter sind glücklich und zufrieden und werden künftig die Gehilfen des Weihnachtsmannes nicht mehr belästigen.	牢骚鬼们心满意足，今后将不再骚扰圣诞老人的助手们。
data_m__data_m__C1_fhll__text_988806.txt	3	Aus Spaß an der Tollerei werfen sie zwar weiter mit Schneebällen um sich, aber diese werden nun keinen Schaden mehr anrichten.	Aus Spaß an der Tollerei werfen sie zwar weiter mit Schneebällen um sich, aber diese werden nun keinen Schaden mehr anrichten.	出于淘气，他们依旧会抛掷雪球，但今后不会再造成伤害。
data_m__data_m__C1_fhll__text_988806.txt	4	Der Weihnachtsmann kann nun mit seinen Gehilfen in Richtung Festland weiterziehen, um die Geschenke unter den Bewohnern Vinlands zu verteilen. 	Der Weihnachtsmann kann nun mit seinen Gehilfen in Richtung Festland weiterziehen, um die Geschenke unter den Bewohnern Vinlands zu verteilen.	圣诞老人现在可以带着助手们驶向大陆，为文兰的居民分发礼物了。
data_m__data_m__C1_fhll__text_988806.txt	5	Weihnachten ist dieses Jahr dank deiner tapferen Wikingern gerettet und wer weiß - 	Weihnachten ist dieses Jahr dank deiner tapferen Wikingern gerettet und wer weiß -	今年的圣诞节多亏了你们这些勇敢的维京人，才得以保住——谁知道
data_m__data_m__C1_fhll__text_988806.txt	6	vielleicht wird der Wihnachtsmann auch bald zu DIR kommen!	vielleicht wird der Wihnachtsmann auch bald zu DIR kommen!	也许圣诞老人很快也会来到你的身边！
# Cultures/CULTURES -> 文化 批量替换: 425 处 (389注释行+36正文行, 排除DJ Cultures人名)
